time,q05,q10,q20,q30,q40,q50,q60,q70,q80,q90,q95,y_true
2020-09-14 08:15,693.26953125,780.6474609375,904.486328125,1047.6328125,1164.478515625,1273.5498046875,1331.08984375,1418.091796875,1665.06298828125,1906.07275390625,1906.07275390625,1099.1328
2020-09-14 08:30,1092.8525390625,1326.572265625,1486.75,1653.0576171875,1806.736328125,1914.12060546875,1994.85595703125,2098.857421875,2378.05126953125,2713.25244140625,2799.7177734375,3613.1328
2020-09-14 08:45,4053.49267578125,4741.21337890625,5055.205078125,5570.171875,5852.2685546875,6155.05078125,6374.54052734375,6540.587890625,6924.9599609375,7383.884765625,7704.22314453125,7291.7324
2020-09-14 09:00,7597.20849609375,8608.505859375,9632.9736328125,10503.486328125,10867.5,11462.31640625,11701.845703125,12060.7255859375,12564.001953125,13114.3837890625,13488.7119140625,13450.465
2020-09-14 09:15,11840.6708984375,13130.92578125,14738.85546875,15620.39453125,16159.0673828125,16477.20703125,16631.47265625,16985.005859375,17406.12109375,18016.11328125,18261.09375,16081.598
2020-09-14 09:30,13295.09375,14553.267578125,16547.00390625,17404.1484375,17987.671875,18480.537109375,18818.728515625,19311.26953125,19737.228515625,20371.3125,20630.8203125,11077.6
2020-09-14 09:45,6618.64013671875,7877.94140625,10389.1083984375,11276.1376953125,12714.2392578125,14490.783203125,15925.76953125,17650.40625,19383.69921875,21290.0703125,22622.16015625,12777.465
2020-09-14 10:00,11297.494140625,12437.7626953125,13974.240234375,15116.458984375,16374.0087890625,17855.71875,19096.265625,20480.17578125,22240.8125,24637.890625,26571.7265625,19458.8
2020-09-14 10:15,13213.9453125,14781.46875,16460.98828125,18171.7265625,19378.36328125,20977.619140625,21756.1484375,23108.853515625,24784.9296875,26922.8515625,28636.3515625,18938.533
2020-09-14 10:30,14419.49609375,16349.9267578125,18397.703125,19546.607421875,20392.4453125,21620.65625,22433.80859375,23569.96875,25214.84375,27610.375,29533.73828125,22355.799
2020-09-14 10:45,18730.3203125,21191.29296875,23124.302734375,24140.859375,24740.16015625,25485.904296875,26038.7578125,26912.765625,28345.76171875,30320.18359375,32002.28125,20635.266
2020-09-14 11:00,13364.40625,15640.146484375,18264.64453125,19340.40625,20792.93359375,21927.779296875,23140.65625,24706.08203125,26538.99609375,29249.07421875,31284.1953125,27878.73
2020-09-14 11:15,20963.021484375,22979.7265625,25489.07421875,27241.703125,28533.15625,29768.5234375,30770.98046875,31726.7578125,32877.2578125,34598.0390625,36112.11328125,36565.062
2020-09-14 11:30,27735.921875,30280.5,33645.94140625,35256.4140625,36750.75390625,37853.15234375,38287.49609375,38751.15625,39322.57421875,40312.70703125,41083.00390625,37784.13
2020-09-14 11:45,31184.4375,34209.7109375,37078.40234375,38579.3046875,39309.34375,39921.359375,40261.8515625,40709.1015625,41005.70703125,42027.3046875,42662.80859375,38718.8
2020-09-14 12:00,34435.3984375,37066.078125,39170.30859375,40000.1796875,40444.4921875,40787.578125,40864.4375,41211.89453125,41253.69921875,41812.11328125,42481.9453125,39557.13
2020-09-14 12:15,33586.45703125,36242.25390625,38345.9296875,39492.15625,39991.6171875,40513.16796875,40717.33984375,41308.08984375,41632.69140625,42313.609375,43153.3359375,40530.8
2020-09-14 12:30,36452.6953125,38792.71484375,40420.75,41133.171875,41432.92578125,41749.98046875,41749.98046875,42107.5234375,42215.34375,42695.92578125,43350.3828125,41400.332
2020-09-14 12:45,37537.4296875,39790.77734375,41222.8359375,41897.92578125,42170.07421875,42440.58203125,42440.58203125,42695.015625,42784.828125,43212.4140625,43750.85546875,41901.332
2020-09-14 13:00,38251.9765625,40400.86328125,41699.171875,42373.19140625,42616.7734375,42879.5390625,42879.5390625,43115.375,43204.86328125,43603.3125,44108.328125,41925.266
2020-09-14 13:15,37687.3125,39887.546875,41197.828125,42042.18359375,42302.28125,42633.859375,42666.4375,43024.16796875,43199.4765625,43657.51171875,44235.7578125,42217.33
2020-09-14 13:30,38281.5390625,40384.6875,41590.5546875,42309.3828125,42517.66796875,42784.9921875,42784.9921875,43078.95703125,43202.2265625,43613.3671875,44151.8046875,42811.996
2020-09-14 13:45,38905.48828125,40916.76171875,42067.55859375,42724.578125,42935.21484375,43172.18359375,43172.18359375,43386.9765625,43487.30078125,43841.01171875,44308.1875,41955.2
2020-09-14 14:00,36787.98828125,39029.19140625,40346.6796875,41392.5234375,41598.421875,42009.14453125,42087.66015625,42524.59375,42786.7421875,43238.62890625,43815.67578125,41598.2
2020-09-14 14:15,37784.984375,39783.0234375,40939.44921875,41616.78515625,41778.3671875,42053.1953125,42059.66796875,42301.734375,42425.00390625,42800.0625,43355.45703125,41324.53
2020-09-14 14:30,36562.36328125,38615.51953125,39773.3359375,40582.4921875,40697.53125,41017.61328125,41064.46484375,41362.65625,41536.66015625,41945.8828125,42503.78515625,41279.4
2020-09-14 14:45,37073.2578125,38926.703125,40043.5546875,40678.33203125,40822.859375,41053.1484375,41053.1484375,41242.8203125,41364.3203125,41684.5859375,42144.3359375,40693.734
2020-09-14 15:00,36119.515625,37976.19140625,39082.796875,39757.63671875,39884.29296875,40112.11328125,40133.47265625,40351.51953125,40496.703125,40835.5,41281.46875,39748.066
2020-09-14 15:15,35060.48046875,36872.3359375,37985.296875,38600.8828125,38735.14453125,38936.22265625,38987.83984375,39199.7890625,39382.3046875,39695.87109375,40162.546875,38518.8
2020-09-14 15:30,33393.59375,35206.5,36394.44921875,36993.26953125,37155.50390625,37325.17578125,37444.58203125,37681.515625,37915.14453125,38279.16015625,38766.33203125,37387.73
2020-09-14 15:45,32836.6171875,34473.65234375,35528.92578125,36000.80078125,36142.40234375,36204.5546875,36291.70703125,36442.95703125,36643.20703125,36972.59765625,37417.453125,36220.066
2020-09-14 16:00,31684.5234375,33183.640625,34208.2578125,34618.375,34787.81640625,34806.1796875,34922.28515625,35045.41015625,35262.33203125,35596.84375,36005.5625,35131.0
2020-09-14 16:15,30710.0,32024.5234375,32983.06640625,33318.35546875,33478.515625,33492.3515625,33595.05078125,33722.25,33932.46484375,34262.046875,34641.3359375,33095.4
2020-09-14 16:30,28156.5859375,29336.94140625,30473.6875,30762.9140625,31034.125,31112.296875,31344.9140625,31588.4453125,31894.1875,32350.03515625,32729.3515625,31080.598
2020-09-14 16:45,27062.0078125,27951.13671875,28837.21875,28959.11328125,29134.34375,29166.6171875,29305.29296875,29554.3203125,29742.71875,30189.1875,30542.60546875,29067.332
2020-09-14 17:00,25253.04296875,25956.16796875,26742.7109375,26806.1953125,26961.7890625,27009.81640625,27127.75390625,27417.5546875,27531.64453125,27974.046875,28318.79296875,26665.332
2020-09-14 17:15,22873.48046875,23417.67578125,24146.34765625,24224.001953125,24393.50390625,24473.15625,24629.3671875,24959.234375,25077.25,25545.796875,25974.1328125,23949.328
2020-09-14 17:30,20414.48046875,20815.375,21371.90625,21517.7421875,21657.0078125,21745.71875,21891.443359375,22172.779296875,22321.98828125,22810.599609375,23387.59765625,21308.332
2020-09-14 17:45,18256.77734375,18579.56640625,18900.06640625,19025.92578125,19106.4140625,19154.86328125,19250.015625,19420.46484375,19550.18359375,19982.89453125,20627.6953125,18495.467
2020-09-14 18:00,15428.697265625,15725.9716796875,15958.0712890625,16082.537109375,16140.52734375,16254.939453125,16337.82421875,16468.306640625,16616.806640625,16992.9921875,17618.216796875,15483.066
2020-09-14 18:15,11954.732421875,12302.9951171875,12570.2578125,12704.98828125,12787.4970703125,13045.591796875,13087.41015625,13260.04296875,13462.6826171875,13822.6240234375,14328.029296875,12302.533
2020-09-14 18:30,8779.390625,9080.244140625,9305.1669921875,9392.67578125,9475.5595703125,9738.2880859375,9738.2880859375,9881.11328125,10079.97265625,10415.646484375,10742.2587890625,9204.8
2020-09-14 18:45,5808.7958984375,5965.2421875,6130.0234375,6220.89453125,6303.4658203125,6490.77734375,6523.0751953125,6610.4619140625,6791.1796875,7076.099609375,7269.275390625,6144.9326
2020-09-14 19:00,3130.44384765625,3212.353515625,3337.810546875,3470.3876953125,3541.66650390625,3684.34375,3754.9423828125,3809.77294921875,3999.2236328125,4223.54931640625,4304.8955078125,3463.5996
2020-09-14 19:15,1146.4697265625,1205.046875,1314.7705078125,1482.09619140625,1534.00244140625,1662.1201171875,1733.90283203125,1782.02734375,1996.63671875,2165.9609375,2174.17822265625,1465.1997
2020-09-14 19:30,98.796875,147.90234375,246.0888671875,406.9736328125,423.7275390625,523.3564453125,584.0087890625,615.609375,826.8388671875,947.7646484375,947.7646484375,308.73242
2020-09-14 19:45,0.0,0.0,0.0,0.0,0.0,0.0,0.0,0.4921875,196.4560546875,290.419921875,290.419921875,0.0
2020-09-15 07:30,0.0,0.0,0.0,43.025390625,62.8310546875,110.30859375,141.4501953125,172.388671875,364.2216796875,490.044921875,490.044921875,146.4668
2020-09-15 07:45,220.1044921875,253.6103515625,387.0361328125,495.0712890625,545.107421875,631.75,680.005859375,715.560546875,934.43359375,1064.978515625,1064.978515625,879.1992
2020-09-15 08:00,1561.20947265625,1631.93896484375,1794.08740234375,1936.18310546875,2061.16748046875,2186.17041015625,2326.2392578125,2351.29248046875,2649.60986328125,2825.57958984375,2825.57958984375,2509.3325
2020-09-15 08:15,3512.57763671875,3815.9033203125,3998.78759765625,4171.64697265625,4295.654296875,4377.07275390625,4587.80517578125,4587.80517578125,4833.2568359375,5103.3017578125,5103.3017578125,4776.1997
2020-09-15 08:30,6526.8642578125,7090.24267578125,7396.98046875,7619.69384765625,7667.36328125,7813.95751953125,7864.02392578125,7864.02392578125,7981.09130859375,8268.4267578125,8272.6298828125,7795.7324
2020-09-15 08:45,10088.4814453125,10683.7314453125,11151.732421875,11232.087890625,11290.796875,11456.0029296875,11456.0029296875,11456.0029296875,11456.0029296875,11721.6953125,11721.6953125,11193.799
2020-09-15 09:00,13724.9560546875,14178.0546875,14699.693359375,14699.693359375,14773.6142578125,14848.1572265625,14848.1572265625,14848.1572265625,14848.1572265625,15130.322265625,15130.322265625,14403.799
2020-09-15 09:15,16866.8125,17196.0234375,17637.263671875,17673.13671875,17874.203125,18076.0546875,18076.0546875,18167.28125,18207.25,18465.201171875,18465.201171875,17583.266
2020-09-15 09:30,20043.306640625,20282.646484375,20611.939453125,20679.62109375,20890.98046875,21077.337890625,21097.095703125,21207.90625,21283.265625,21523.1328125,21584.453125,20591.734
2020-09-15 09:45,23181.703125,23372.73828125,23634.59765625,23654.11328125,23817.6875,23890.7578125,23899.6953125,23981.55078125,24043.69921875,24264.20703125,24345.67578125,23491.066
2020-09-15 10:00,25830.69921875,26062.1875,26365.6796875,26369.6796875,26509.9921875,26548.1875,26581.8515625,26664.28515625,26712.97265625,26947.9375,27042.765625,26095.863
2020-09-15 10:15,27551.97265625,27939.515625,28375.15234375,28439.25390625,28604.92578125,28693.34765625,28821.94140625,28945.32421875,29025.08203125,29330.7578125,29493.85546875,28700.867
2020-09-15 10:30,29918.4140625,30337.2421875,30722.98828125,30775.26953125,30881.21484375,30962.4765625,31034.7890625,31174.59375,31237.03125,31522.1953125,31699.73046875,31157.797
2020-09-15 10:45,32345.94921875,32751.17578125,33063.25,33119.1328125,33169.18359375,33271.234375,33271.234375,33438.9921875,33462.7421875,33716.49609375,33911.41796875,33163.934
2020-09-15 11:00,33948.0546875,34412.65625,34736.96875,34841.71875,34876.734375,35039.71484375,35039.71484375,35272.86328125,35278.37890625,35541.296875,35803.703125,35025.996
2020-09-15 11:15,35289.80859375,35823.140625,36168.37890625,36338.71875,36374.55859375,36581.58203125,36581.58203125,36849.37109375,36860.0390625,37123.203125,37468.45703125,36628.664
2020-09-15 11:30,36593.29296875,37160.63671875,37478.41796875,37703.21484375,37718.71875,37937.95703125,37937.95703125,38194.5078125,38206.765625,38456.81640625,38851.53125,37770.0
2020-09-15 11:45,37746.08984375,38316.265625,38589.79296875,38849.1171875,38849.1171875,39069.6875,39069.6875,39311.65625,39311.65625,39528.9140625,39962.48828125,39108.066
2020-09-15 12:00,38993.0625,39526.5546875,39757.9921875,40027.359375,40027.359375,40266.5859375,40266.5859375,40464.8046875,40464.8046875,40611.5546875,41087.859375,40104.066
2020-09-15 12:15,39434.7265625,40041.375,40295.41796875,40673.23046875,40676.171875,40984.5703125,40984.5703125,41244.21484375,41244.21484375,41437.390625,41988.91796875,40830.73
2020-09-15 12:30,40074.63671875,40693.3046875,40926.51171875,41302.4609375,41302.4609375,41588.80859375,41588.80859375,41829.71484375,41829.71484375,42014.76953125,42576.08984375,41303.867
2020-09-15 12:45,40698.984375,41297.89453125,41482.21875,41857.8203125,41857.8203125,42107.09375,42107.09375,42329.890625,42329.890625,42478.42578125,43039.78515625,42027.33
2020-09-15 13:00,41368.1484375,41911.40234375,42059.28125,42430.80859375,42430.80859375,42688.68359375,42688.68359375,42887.0234375,42887.0234375,43009.36328125,43580.6796875,42647.133
2020-09-15 13:15,41508.19140625,42090.47265625,42248.3828125,42681.5390625,42681.5390625,42988.74609375,42988.74609375,43244.34375,43244.34375,43420.875,44027.9375,43395.867
2020-09-15 13:30,42004.28515625,42583.99609375,42750.203125,43164.5,43164.5,43461.6796875,43461.6796875,43709.51171875,43709.51171875,43902.015625,44483.6875,34902.664
2020-09-15 13:45,22054.4921875,24680.943359375,28401.7109375,30274.7109375,31829.05859375,33540.3359375,35275.45703125,37577.50390625,38982.9453125,40472.3046875,41986.171875,36136.73
2020-09-15 14:00,27677.84765625,29704.7265625,32919.82421875,33834.34765625,34969.0625,35850.1796875,37020.44921875,37842.5234375,38966.33984375,40321.25,41623.9375,41841.53
2020-09-15 14:15,32299.33984375,34275.91796875,37525.5703125,38921.3125,40097.91796875,41047.48828125,41821.0390625,42385.734375,43010.0390625,44116.80078125,44938.48828125,27205.398
2020-09-15 14:30,17166.720703125,19897.322265625,23849.95703125,25729.94921875,27811.72265625,30157.87890625,32380.296875,35338.00390625,37468.8359375,40519.859375,42344.265625,39759.934
2020-09-15 14:45,29595.9765625,31310.5,35281.15234375,36779.41796875,38809.734375,39654.43359375,40911.6796875,41522.39453125,42006.37109375,43029.14453125,43578.19140625,40731.33
2020-09-15 15:00,33041.31640625,35237.3515625,37852.5234375,38949.109375,39669.15234375,40234.1953125,40660.12109375,40956.9921875,41044.421875,42182.37109375,42426.59765625,38480.727
2020-09-15 15:15,32857.50390625,35007.3359375,36983.890625,37722.20703125,38143.62109375,38531.75390625,38825.76953125,39129.64453125,39240.10546875,40011.18359375,40420.984375,35969.336
2020-09-15 15:30,26238.0859375,28722.1484375,31689.50390625,32850.8671875,33682.94921875,34540.65625,35366.01953125,36427.0390625,37279.78515625,38363.02734375,39136.17578125,34655.195
2020-09-15 15:45,28178.96484375,30182.87890625,32478.73828125,33041.46875,33607.83984375,34172.72265625,34813.53125,35581.30859375,35933.68359375,36746.44921875,37524.8671875,33589.133
2020-09-15 16:00,28127.609375,29825.93359375,31696.2265625,31872.05859375,32413.171875,32706.66015625,33182.57421875,33739.30859375,33987.12109375,34677.3984375,35204.8671875,34583.133
2020-09-15 16:15,27768.37109375,29463.66015625,31066.75390625,31735.65234375,32240.3984375,32718.65625,32887.31640625,33424.87109375,33557.18359375,34051.6640625,34790.50390625,27478.73
2020-09-15 16:30,17349.625,19168.65234375,22465.7265625,23556.97265625,25158.06640625,26406.2734375,27731.6171875,29384.46875,30890.70703125,32683.484375,33737.265625,31550.266
2020-09-15 16:45,20740.24609375,22738.8828125,25588.2578125,27179.140625,28365.8359375,29380.2890625,29934.05859375,31072.33203125,31529.30078125,32387.12890625,33323.23046875,21547.934
2020-09-15 17:00,13137.7265625,14311.400390625,17511.98828125,18955.0390625,20570.5078125,22231.66796875,23708.0859375,25852.8203125,27595.8828125,30213.29296875,31588.70703125,13648.465
2020-09-15 17:15,10131.1845703125,10392.29296875,12231.517578125,13450.431640625,14604.41796875,15911.1376953125,17183.650390625,18822.78515625,20699.37890625,23865.2890625,25744.734375,20279.4
2020-09-15 17:30,12018.6650390625,13307.359375,15724.560546875,17731.37109375,19094.84765625,20379.55078125,21339.67578125,22644.828125,24124.904296875,25928.732421875,27304.55078125,9281.533
2020-09-15 17:45,5573.56640625,6069.93359375,7407.568359375,8188.927734375,9323.3935546875,10409.8994140625,11673.88671875,12929.1201171875,14916.60546875,17531.60546875,19223.591796875,14552.865
2020-09-15 18:00,7330.162109375,8296.3740234375,9938.9716796875,11617.1455078125,12763.0146484375,13904.5263671875,14925.421875,16003.337890625,17252.40234375,18922.0,20501.828125,7388.1997
2020-09-15 18:15,3859.0791015625,4119.60595703125,4818.498046875,5510.30322265625,6201.0751953125,6891.1953125,7673.5615234375,8398.6533203125,9685.9287109375,11704.6474609375,13368.0224609375,4307.4663
2020-09-15 18:30,3479.9951171875,3487.8994140625,3809.119140625,4442.05224609375,4808.2001953125,5021.38134765625,5511.2197265625,6121.0810546875,6772.71826171875,8352.654296875,9765.3671875,3494.399
2020-09-15 18:45,2548.13525390625,2548.13525390625,2548.13525390625,3023.99462890625,3152.6962890625,3303.873046875,3562.67919921875,4017.84814453125,4412.54052734375,5610.5244140625,6640.9912109375,2794.2666
2020-09-15 19:00,1994.12158203125,1994.12158203125,1994.12158203125,2343.65234375,2413.22998046875,2546.51904296875,2696.5732421875,2955.8046875,3236.74853515625,3982.46435546875,4587.349609375,1410.333
2020-09-15 19:15,717.7216796875,717.7216796875,717.7216796875,993.63671875,993.63671875,1107.41015625,1152.4501953125,1298.3994140625,1532.5712890625,1944.361328125,2249.54052734375,710.0664
2020-09-15 19:30,108.8369140625,108.8369140625,171.8486328125,380.8115234375,380.8115234375,423.275390625,457.2353515625,519.0595703125,713.6611328125,908.1923828125,964.02734375,91.399414
2020-09-16 07:45,5.19140625,31.30859375,164.4814453125,260.9951171875,308.1416015625,371.515625,393.6875,431.6884765625,631.4287109375,758.0078125,758.0078125,792.0664
2020-09-16 08:00,955.5693359375,990.4853515625,1133.3046875,1264.0087890625,1389.0927734375,1498.794921875,1569.5947265625,1617.88427734375,1859.44775390625,2034.3642578125,2034.3642578125,1925.9995
2020-09-16 08:15,2008.56591796875,2221.49755859375,2359.50341796875,2518.18505859375,2668.99658203125,2785.53515625,2907.736328125,2961.08837890625,3228.76416015625,3509.73193359375,3509.73193359375,3462.6665
2020-09-16 08:30,3724.14306640625,4239.2890625,4440.0419921875,4688.76318359375,4829.19775390625,4992.3896484375,5119.02490234375,5182.87646484375,5457.78271484375,5855.751953125,6007.5283203125,5252.066
2020-09-16 08:45,5701.8720703125,6428.6181640625,6767.84375,7068.9716796875,7194.2373046875,7433.21875,7554.44970703125,7666.099609375,7950.30908203125,8439.671875,8787.9912109375,7673.5327
2020-09-16 09:00,8015.5478515625,8875.474609375,9352.84375,9691.140625,9891.380859375,10119.72265625,10323.1474609375,10501.0087890625,10809.8876953125,11444.146484375,11981.9443359375,6879.5327
2020-09-16 09:15,4881.9189453125,5581.3681640625,6490.5859375,7192.7119140625,7700.4443359375,8292.4541015625,8896.052734375,9475.912109375,10187.4423828125,11508.935546875,12613.873046875,8619.466
2020-09-16 09:30,8181.8828125,9025.9296875,9745.4228515625,10475.806640625,11108.1025390625,11561.833984375,12226.302734375,12675.6103515625,13456.1103515625,14853.994140625,16264.650390625,8698.533
2020-09-16 09:45,7213.5234375,7698.14697265625,8249.181640625,8954.8701171875,9415.03515625,9948.8251953125,10535.1171875,11084.4599609375,11925.9423828125,13612.2041015625,15342.53125,13465.732
2020-09-16 10:00,10967.119140625,12272.91015625,13722.419921875,15193.8642578125,16102.013671875,16901.953125,17707.8828125,18632.57421875,19690.353515625,21214.91796875,22863.04296875,20860.6
2020-09-16 10:15,13741.857421875,15912.583984375,18484.27734375,20053.478515625,21282.41796875,22193.2578125,22951.515625,23842.16015625,25138.75390625,26482.26953125,27738.1328125,12296.865
2020-09-16 10:30,8076.251953125,9465.044921875,12330.142578125,13374.697265625,14853.34375,16559.02734375,18321.1796875,20311.126953125,22183.79296875,24935.8515625,27108.1875,11523.732
2020-09-16 10:45,8824.2978515625,9675.630859375,11268.3349609375,12448.6044921875,13631.9912109375,15107.3525390625,16392.55859375,18037.83984375,20000.705078125,23256.03125,26042.2578125,17319.398
2020-09-16 11:00,13943.126953125,15012.5322265625,16685.07421875,18669.88671875,19800.98828125,21478.13671875,22744.5859375,24211.396484375,26036.77734375,28684.9375,30937.03515625,13768.133
2020-09-16 11:15,10422.3837890625,11018.9619140625,12657.1845703125,13693.322265625,14847.490234375,16414.720703125,17577.43359375,19130.49609375,20924.08203125,24345.4375,27205.19140625,9647.333
2020-09-16 11:30,7894.77880859375,8313.7548828125,9072.2890625,9409.1357421875,10188.583984375,10766.185546875,11827.64453125,13160.0556640625,14673.1875,18094.66015625,20964.876953125,11784.865
2020-09-16 11:45,11995.8388671875,12889.26171875,14278.580078125,15543.7421875,16605.119140625,17434.685546875,18615.96875,20089.5078125,21583.0078125,24224.716796875,26695.734375,25604.133
2020-09-16 12:00,18441.794921875,20158.93359375,22659.291015625,24557.095703125,26318.2421875,27766.9140625,29179.3125,30395.31640625,32032.24609375,33946.14453125,35907.1640625,20366.734
2020-09-16 12:15,12984.572265625,14339.68359375,17033.318359375,18294.4921875,19932.16015625,21560.37890625,23000.505859375,24412.515625,26228.4765625,29868.0390625,32755.56640625,28323.664
2020-09-16 12:30,20760.7265625,23025.603515625,25984.85546875,27987.5859375,29384.69921875,31170.93359375,32578.86328125,33833.41796875,35485.87109375,37973.05859375,40263.10546875,40399.664
2020-09-16 12:45,28809.57421875,32332.8203125,36218.8046875,38049.11328125,39757.83984375,41106.72265625,42160.90625,42602.29296875,43088.81640625,44370.6875,45512.99609375,37282.863
2020-09-16 13:00,21871.171875,25726.0,30651.67578125,33616.76953125,34296.2265625,36317.4296875,36597.54296875,38384.84375,39213.3359375,40952.953125,42611.66015625,36426.0
2020-09-16 13:15,27549.84765625,30973.32421875,34750.625,36557.84375,37110.05859375,38367.82421875,38780.3125,39909.87890625,40418.66015625,41743.78125,43466.203125,36243.133
2020-09-16 13:30,21933.81640625,25694.072265625,29789.10546875,31818.109375,32661.83984375,34195.8203125,34710.0625,36269.09375,37644.99609375,39466.6953125,41296.0234375,40669.93
2020-09-16 13:45,29261.21875,32937.90234375,37078.3828125,38809.37109375,40149.8671875,41148.33984375,41809.09375,42471.140625,43057.25,44020.38671875,45214.03125,39758.33
2020-09-16 14:00,27243.62109375,31305.2421875,35275.01171875,37367.53125,38050.421875,39028.66796875,39393.546875,40447.53125,41019.44140625,42317.83203125,43346.19921875,41763.734
2020-09-16 14:15,31823.515625,35661.16796875,39151.94140625,40606.9921875,41463.33984375,42058.23046875,42334.01171875,42874.7734375,43132.48828125,43833.5625,44828.109375,41459.93
2020-09-16 14:30,31318.125,35064.19921875,38165.08203125,39704.671875,40252.8125,40742.36328125,40955.73828125,41588.9140625,41881.60546875,42668.91796875,43446.3203125,40634.0
2020-09-16 14:45,32756.984375,36150.5859375,38713.9609375,39786.17578125,40206.33203125,40521.39453125,40597.4375,41121.5859375,41330.8515625,41816.890625,42565.13671875,39117.996
2020-09-16 15:00,30341.1015625,33773.87890625,36406.97265625,37636.6484375,38083.18359375,38535.74609375,38711.12890625,39401.7734375,39825.4453125,40412.5625,41248.3828125,30868.465
2020-09-16 15:15,14705.958984375,18552.283203125,23251.88671875,25362.556640625,27352.8984375,28934.09375,30649.31640625,32899.90234375,35067.9140625,37267.7109375,39057.13671875,29190.73
2020-09-16 15:30,20014.822265625,22633.6953125,25588.55859375,27238.8359375,28127.43359375,29335.0859375,30143.16015625,31760.46875,33656.2109375,36639.3828125,38787.09375,32960.668
2020-09-16 15:45,23229.552734375,26310.42578125,29658.35546875,31465.90234375,32582.37890625,33859.43359375,34719.65625,35819.2578125,37120.51171875,39273.28515625,40831.953125,35248.93
2020-09-16 16:00,24143.93359375,27764.17578125,31036.171875,32557.140625,33426.6953125,34233.97265625,35042.96875,35871.58984375,36439.68359375,38035.0390625,39169.97265625,33190.53
2020-09-16 16:15,23941.8984375,27173.1640625,29924.90625,30826.14453125,31520.01171875,31845.07421875,32442.09375,33107.9609375,33413.35546875,34541.93359375,35401.5078125,30191.934
2020-09-16 16:30,21750.64453125,24247.4609375,26771.015625,27401.76953125,28204.99609375,28521.83984375,29086.0546875,29888.734375,30440.6328125,31565.41015625,32461.17578125,29619.0
2020-09-16 16:45,22124.576171875,24327.13671875,26387.8671875,27007.40625,27672.578125,27975.4453125,28286.67578125,28957.3828125,29273.03515625,30195.09375,31058.05078125,27874.332
2020-09-16 17:00,21604.61328125,23254.537109375,24969.447265625,25247.849609375,25840.8046875,25968.96484375,26146.85546875,26640.1484375,26852.7265625,27655.8359375,28292.2734375,25549.8
2020-09-16 17:15,20303.5234375,21506.47265625,22826.984375,23010.361328125,23489.44921875,23568.4296875,23720.75,24124.33203125,24380.38671875,25102.318359375,25747.076171875,22772.2
2020-09-16 17:30,18079.21875,18904.765625,19912.37890625,20164.107421875,20538.2421875,20655.4453125,20840.8359375,21134.91796875,21505.88671875,22240.5,22970.666015625,20231.732
2020-09-16 17:45,16381.6875,17015.13671875,17649.41796875,17833.771484375,18045.64453125,18130.359375,18250.720703125,18416.8046875,18705.974609375,19336.578125,20056.53515625,17298.135
2020-09-16 18:00,13754.8046875,14255.482421875,14715.3662109375,14835.4375,14961.6630859375,15129.544921875,15232.990234375,15373.4375,15623.3623046875,16141.4970703125,16788.58984375,14331.465
2020-09-16 18:15,10727.509765625,11161.7841796875,11521.21875,11592.1171875,11695.8115234375,11945.1240234375,12002.9658203125,12169.8359375,12396.4921875,12839.509765625,13349.779296875,11301.066
2020-09-16 18:30,7787.10302734375,8061.63916015625,8313.2607421875,8375.146484375,8474.7939453125,8688.8369140625,8734.9169921875,8865.1357421875,9065.1376953125,9457.5751953125,9822.6083984375,8336.266
2020-09-16 18:45,5126.837890625,5231.64111328125,5394.384765625,5489.10791015625,5563.97607421875,5710.2705078125,5773.958984375,5856.2509765625,6033.03515625,6357.568359375,6581.27734375,5560.799
2020-09-16 19:00,2852.298828125,2904.5458984375,3023.9638671875,3158.5576171875,3203.626953125,3328.42041015625,3394.7060546875,3454.7314453125,3636.31787109375,3879.873046875,3973.00048828125,3132.7324
2020-09-16 19:15,1113.5146484375,1158.3896484375,1265.3251953125,1432.28125,1456.09765625,1580.31591796875,1637.58642578125,1696.990234375,1901.39208984375,2083.91064453125,2098.4755859375,1256.9326
2020-09-16 19:30,70.4384765625,116.646484375,220.048828125,386.5419921875,386.5419921875,481.634765625,529.908203125,577.3828125,781.7958984375,918.1982421875,918.1982421875,218.86621
2020-09-17 07:45,40.6796875,78.7607421875,209.98828125,309.7158203125,360.5380859375,430.8515625,467.7216796875,505.8603515625,716.03125,850.59375,850.59375,775.0
2020-09-17 08:00,1193.166015625,1251.3369140625,1405.07421875,1548.08349609375,1680.2958984375,1803.80126953125,1914.79638671875,1956.4423828125,2233.166015625,2409.46728515625,2409.46728515625,2260.6665
2020-09-17 08:15,2946.07861328125,3222.4638671875,3403.3974609375,3589.60595703125,3743.06884765625,3855.4658203125,4059.8056640625,4059.8056640625,4367.13330078125,4642.0478515625,4642.0478515625,4434.7993
2020-09-17 08:30,5720.88623046875,6289.5224609375,6603.64013671875,6882.4609375,6974.83984375,7141.2060546875,7255.13525390625,7255.13525390625,7465.2421875,7792.0947265625,7846.896484375,7218.1997
2020-09-17 08:45,9045.888671875,9692.4619140625,10204.8837890625,10380.3955078125,10466.4404296875,10667.06640625,10667.06640625,10712.5400390625,10797.7568359375,11115.423828125,11151.4521484375,10364.666
2020-09-17 09:00,12412.8857421875,12949.2412109375,13575.376953125,13575.376953125,13730.3017578125,13826.0703125,13831.447265625,13909.9453125,13934.3955078125,14295.580078125,14295.580078125,13602.933
2020-09-17 09:15,15903.51171875,16285.8154296875,16795.966796875,16795.966796875,17008.779296875,17150.095703125,17152.38671875,17246.92578125,17286.94140625,17592.0234375,17592.0234375,16817.799
2020-09-17 09:30,19286.0859375,19548.015625,19888.380859375,19929.34765625,20116.39453125,20287.58984375,20287.58984375,20378.7578125,20435.3203125,20672.4140625,20716.90234375,19678.4
2020-09-17 09:45,22127.48828125,22364.17578125,22659.56640625,22710.06640625,22863.26171875,22978.40234375,22978.40234375,23077.498046875,23151.17578125,23379.4140625,23472.3984375,22328.0
2020-09-17 10:00,24567.7890625,24850.421875,25194.16015625,25233.671875,25373.71484375,25443.2265625,25476.609375,25580.017578125,25672.26953125,25906.501953125,26027.20703125,24792.0
2020-09-17 10:15,26052.5234375,26483.4140625,26989.73828125,27085.35546875,27273.40625,27381.921875,27528.19140625,27666.96484375,27816.89453125,28132.40625,28331.48828125,27070.066
2020-09-17 10:30,27996.5078125,28467.484375,28958.42578125,29024.02734375,29180.171875,29269.66796875,29389.234375,29533.08203125,29674.4140625,30000.6015625,30235.3828125,29181.129
2020-09-17 10:45,30393.64453125,30826.7421875,31187.8359375,31227.96484375,31319.51171875,31387.16796875,31408.50390625,31539.33984375,31636.4453125,31917.30859375,32148.7109375,31081.668
2020-09-17 11:00,32076.0234375,32540.13671875,32889.69921875,32955.0078125,33025.17578125,33127.29296875,33148.46875,33314.0390625,33395.14453125,33677.28515625,33933.70703125,32859.332
2020-09-17 11:15,33302.171875,33836.4140625,34225.6953125,34351.046875,34431.4296875,34570.0703125,34605.1171875,34816.45703125,34913.4921875,35204.9140625,35524.92578125,34409.066
2020-09-17 11:30,34562.5625,35123.703125,35483.67578125,35646.30078125,35717.765625,35852.76171875,35859.015625,36087.74609375,36194.80078125,36470.70703125,36826.5390625,35729.93
2020-09-17 11:45,35887.6640625,36440.15625,36744.9765625,36917.15234375,36974.359375,37106.5234375,37106.5234375,37304.87109375,37385.62890625,37632.14453125,38012.13671875,36836.53
2020-09-17 12:00,36700.14453125,37287.68359375,37604.671875,37823.8515625,37885.1015625,38059.40234375,38059.40234375,38286.40625,38356.8046875,38592.70703125,39023.2265625,37737.93
2020-09-17 12:15,37186.51953125,37834.65625,38194.38671875,38472.65234375,38548.17578125,38758.3515625,38758.3515625,39018.0390625,39105.8515625,39344.4140625,39828.9921875,38562.6
2020-09-17 12:30,37907.875,38566.39453125,38894.92578125,39172.53515625,39232.1328125,39429.90234375,39429.90234375,39653.53125,39729.58203125,39951.453125,40440.90625,39267.33
2020-09-17 12:45,38689.734375,39326.4765625,39605.46875,39884.01953125,39918.5234375,40114.83984375,40114.83984375,40301.6484375,40344.15234375,40545.9609375,41029.80859375,39841.797
2020-09-17 13:00,39092.37109375,39738.5390625,40012.125,40331.30078125,40354.45703125,40587.2890625,40587.2890625,40794.53125,40830.42578125,41030.0625,41538.06640625,40311.734
2020-09-17 13:15,39146.8125,39838.47265625,40145.30078125,40502.93359375,40541.6484375,40800.265625,40800.265625,41044.2890625,41102.2734375,41319.48046875,41862.1640625,40636.8
2020-09-17 13:30,39255.40234375,39970.6640625,40280.51171875,40631.15234375,40670.5,40916.6875,40916.6875,41166.19140625,41226.30859375,41454.453125,41995.3828125,40715.26
2020-09-17 13:45,39085.359375,39847.66796875,40174.67578125,40557.08984375,40586.3828125,40837.61328125,40837.61328125,41101.96484375,41170.3671875,41392.43359375,41914.26171875,40438.4
2020-09-17 14:00,38652.72265625,39455.91796875,39839.9765625,40234.0625,40256.49609375,40528.41015625,40528.41015625,40806.5078125,40900.171875,41122.08984375,41649.953125,40221.2
2020-09-17 14:15,38611.796875,39353.953125,39743.1875,40036.890625,40055.55078125,40303.94921875,40303.94921875,40522.95703125,40609.6171875,40838.85546875,41381.5625,39881.13
2020-09-17 14:30,37681.96875,38492.0859375,38931.4375,39288.3125,39288.3125,39561.11328125,39566.0078125,39834.40625,39951.51953125,40198.84765625,40745.5625,39478.797
2020-09-17 14:45,37415.30078125,38158.32421875,38582.08984375,38873.6484375,38873.6484375,39098.61328125,39098.61328125,39290.28125,39385.734375,39602.76171875,40112.44140625,38552.8
2020-09-17 15:00,36099.37890625,36913.8359375,37448.4609375,37765.35546875,37765.35546875,38005.66015625,38017.2109375,38285.04296875,38424.078125,38656.11328125,39170.89453125,37768.934
2020-09-17 15:15,35222.078125,36005.16796875,36577.49609375,36790.60546875,36790.60546875,36996.9296875,37009.38671875,37238.0546875,37388.7578125,37595.23046875,38097.02734375,36616.47
2020-09-17 15:30,33777.60546875,34575.31640625,35213.19140625,35396.3984375,35431.14453125,35616.0546875,35666.4453125,35914.234375,36092.76953125,36335.4375,36839.1875,35514.797
2020-09-17 15:45,32963.31640625,33640.0703125,34185.8984375,34313.84375,34342.69140625,34473.16015625,34485.51953125,34699.265625,34843.53515625,35063.5390625,35548.50390625,33900.734
2020-09-17 16:00,31104.125,31740.85546875,32402.37109375,32433.703125,32515.73828125,32646.671875,32734.4453125,33008.984375,33185.75,33441.55859375,33889.8828125,32390.133
2020-09-17 16:15,29656.91015625,30153.50390625,30795.6875,30795.6875,30795.6875,30875.22265625,30966.796875,31265.2578125,31399.66015625,31658.48828125,32077.76171875,30658.996
2020-09-17 16:30,27695.99609375,28059.07421875,28730.59375,28730.59375,28730.59375,28825.34765625,28930.80859375,29292.71875,29409.9375,29746.5390625,30166.4765625,28697.73
2020-09-17 16:45,25995.8203125,26218.3125,26757.046875,26757.046875,26757.046875,26791.73046875,26838.70703125,27223.44140625,27259.984375,27633.7109375,28072.1171875,26792.797
2020-09-17 17:00,24211.63671875,24375.056640625,24782.765625,24782.765625,24782.765625,24804.85546875,24804.85546875,25171.935546875,25171.935546875,25497.439453125,25954.89453125,24590.664
2020-09-17 17:15,21919.228515625,22081.4375,22411.4375,22411.4375,22417.607421875,22519.662109375,22555.890625,22863.8671875,22887.14453125,23221.3359375,23726.458984375,22088.732
2020-09-17 17:30,19327.84375,19514.9765625,19725.2578125,19796.734375,19824.76171875,19923.44921875,19984.662109375,20186.23828125,20273.73828125,20622.39453125,21190.83984375,19343.064
2020-09-17 17:45,16527.9453125,16751.5234375,16876.458984375,16998.41796875,16998.41796875,17103.16796875,17168.94140625,17284.99609375,17398.8125,17755.0,18326.98828125,16559.334
2020-09-17 18:00,13633.94921875,13901.94921875,14010.0673828125,14067.462890625,14067.462890625,14214.09765625,14248.677734375,14347.9599609375,14446.185546875,14774.7568359375,15260.197265625,13699.133
2020-09-17 18:15,10448.2353515625,10740.49609375,10893.7490234375,10913.685546875,10962.3359375,11171.095703125,11192.53515625,11300.8154296875,11437.0517578125,11739.91015625,12114.0224609375,10673.933
2020-09-17 18:30,7412.0986328125,7596.4482421875,7747.79638671875,7788.43701171875,7881.521484375,8049.22998046875,8093.93603515625,8168.861328125,8341.8330078125,8648.9150390625,8928.099609375,7761.9995
2020-09-17 18:45,4739.25,4798.39794921875,4921.4609375,5019.705078125,5095.81640625,5215.29931640625,5278.0244140625,5331.91845703125,5519.48193359375,5804.240234375,5983.994140625,5011.9995
2020-09-17 19:00,2506.25732421875,2539.712890625,2650.07666015625,2799.611328125,2845.3583984375,2960.681640625,3021.37158203125,3077.85009765625,3281.44921875,3514.65673828125,3601.26171875,2744.5996
2020-09-17 19:15,942.2109375,974.439453125,1077.5380859375,1250.1845703125,1269.8203125,1387.966796875,1437.564453125,1497.91455078125,1716.87158203125,1899.5478515625,1920.55517578125,1126.0
2020-09-17 19:30,5.955078125,49.453125,153.8251953125,322.3662109375,322.3662109375,400.6953125,446.162109375,493.5654296875,707.044921875,849.9755859375,849.9755859375,171.0
2020-09-18 07:45,54.2109375,83.228515625,221.1357421875,320.560546875,378.2470703125,427.3125,458.8076171875,476.7333984375,690.5615234375,828.1826171875,828.1826171875,764.3994
2020-09-18 08:00,1193.3525390625,1237.9951171875,1396.24609375,1537.033203125,1665.44189453125,1771.28173828125,1875.828125,1897.00146484375,2170.55419921875,2349.58056640625,2349.58056640625,2185.399
2020-09-18 08:15,2878.6845703125,3117.3447265625,3285.29638671875,3458.873046875,3598.21875,3698.552734375,3892.71728515625,3892.71728515625,4175.9306640625,4449.6650390625,4449.6650390625,4369.9326
2020-09-18 08:30,5736.201171875,6257.90625,6537.0478515625,6799.00048828125,6879.67431640625,7031.3544921875,7153.35205078125,7153.35205078125,7324.2890625,7651.99755859375,7695.64501953125,7229.1997
2020-09-18 08:45,9111.12109375,9741.0537109375,10206.7900390625,10401.0615234375,10468.638671875,10653.732421875,10653.732421875,10675.607421875,10736.376953125,11077.3056640625,11139.1162109375,10536.6
2020-09-18 09:00,12799.3056640625,13315.0732421875,13890.8046875,13890.8046875,14032.4296875,14083.232421875,14083.232421875,14104.96875,14104.96875,14457.65234375,14457.65234375,13757.799
2020-09-18 09:15,15892.783203125,16267.40234375,16826.505859375,16849.984375,17062.453125,17210.798828125,17210.798828125,17320.23046875,17341.5546875,17668.8828125,17668.8828125,16907.066
2020-09-18 09:30,18917.81640625,19190.369140625,19640.41796875,19697.4140625,19924.44921875,20112.751953125,20125.052734375,20282.83984375,20349.84375,20635.6796875,20692.92578125,19950.533
2020-09-18 09:45,22224.666015625,22427.796875,22767.689453125,22773.205078125,22944.861328125,23017.005859375,23017.005859375,23118.71875,23169.66796875,23409.4921875,23482.2109375,22831.066
2020-09-18 10:00,24960.33984375,25199.17578125,25560.62109375,25560.62109375,25695.69921875,25717.921875,25722.212890625,25819.78125,25863.65234375,26102.6328125,26175.48046875,25504.332
2020-09-18 10:15,26867.53125,27249.10546875,27711.5,27743.359375,27907.859375,27963.34765625,28059.5,28174.8515625,28245.56640625,28540.5078125,28665.96875,27970.398
2020-09-18 10:30,28852.70703125,29310.41796875,29771.41015625,29823.67578125,29966.3046875,30038.94921875,30130.91015625,30265.82421875,30349.390625,30652.31640625,30813.26171875,30307.734
2020-09-18 10:45,31322.58984375,31758.92578125,32115.0859375,32147.1328125,32233.78515625,32306.65234375,32309.53125,32453.21484375,32500.12890625,32759.55078125,32927.03515625,32386.598
2020-09-18 11:00,33119.32421875,33597.609375,33946.421875,34004.8515625,34067.12890625,34190.35546875,34190.35546875,34376.3125,34401.56640625,34662.76953125,34875.45703125,34069.934
2020-09-18 11:15,34154.9140625,34738.52734375,35153.1328125,35309.109375,35385.8515625,35568.6796875,35592.47265625,35849.7578125,35910.02734375,36198.125,36498.03125,35600.53
2020-09-18 11:30,35385.78125,35997.6328125,36389.86328125,36576.51171875,36643.421875,36821.3828125,36821.3828125,37081.04296875,37151.3671875,37422.70703125,37767.53515625,37016.195
2020-09-18 11:45,36883.078125,37466.3203125,37787.33203125,37968.3984375,38010.7421875,38182.55859375,38182.55859375,38369.47265625,38405.671875,38633.11328125,38997.64453125,38455.6
2020-09-18 12:00,38145.73046875,38720.4609375,39016.88671875,39230.1171875,39255.84765625,39473.84765625,39473.84765625,39639.7109375,39639.7109375,39843.6171875,40254.6953125,39459.266
2020-09-18 12:15,38589.42578125,39248.47265625,39583.8828125,39904.36328125,39945.6875,40219.5234375,40219.5234375,40454.28125,40474.1328125,40703.0234375,41189.70703125,40503.996
2020-09-18 12:30,39557.38671875,40196.03515625,40489.77734375,40784.015625,40813.375,41062.66796875,41062.66796875,41231.578125,41231.6953125,41437.37109375,41919.796875,41218.996
2020-09-18 12:45,40302.89453125,40935.0390625,41188.01953125,41506.05078125,41511.328125,41769.75390625,41769.75390625,41931.6875,41931.6875,42107.6953125,42600.41015625,41702.266
2020-09-18 13:00,40729.34375,41359.49609375,41598.234375,41948.40234375,41948.40234375,42235.37890625,42235.37890625,42429.59375,42429.59375,42607.8515625,43134.8359375,41850.53
2020-09-18 13:15,40462.89453125,41160.36328125,41456.8359375,41881.03515625,41899.44921875,42225.24609375,42225.24609375,42522.84765625,42529.1171875,42774.578125,43346.13671875,42146.26
2020-09-18 13:30,40687.36328125,41369.73828125,41647.69140625,42031.27734375,42032.22265625,42333.3046875,42333.3046875,42602.53515625,42602.53515625,42842.140625,43391.41015625,42228.734
2020-09-18 13:45,40528.18359375,41263.4375,41545.359375,41999.8984375,41999.8984375,42296.1328125,42296.1328125,42586.10546875,42596.13671875,42830.08984375,43352.9296875,42005.53
2020-09-18 14:00,40413.42578125,41129.8359375,41428.7265625,41854.67578125,41854.67578125,42153.609375,42153.609375,42414.2265625,42431.6328125,42664.77734375,43194.421875,41745.863
2020-09-18 14:15,40006.5859375,40705.53515625,41033.8984375,41423.15234375,41423.15234375,41729.8515625,41729.8515625,41990.41796875,42024.37109375,42282.69921875,42850.109375,41144.93
2020-09-18 14:30,38779.453125,39575.6875,40002.2578125,40471.6796875,40471.6796875,40796.0234375,40804.76953125,41141.14453125,41223.2578125,41503.37109375,42086.94921875,40410.535
2020-09-18 14:45,38388.60546875,39107.95703125,39511.70703125,39866.53515625,39866.53515625,40092.078125,40092.078125,40337.6796875,40389.18359375,40620.04296875,41153.16015625,39815.062
2020-09-18 15:00,37561.52734375,38257.328125,38700.42578125,39021.0078125,39021.0078125,39241.87890625,39241.87890625,39458.87109375,39532.15234375,39739.9296875,40260.31640625,38874.13
2020-09-18 15:15,36028.22265625,36792.12109375,37388.42578125,37689.87109375,37689.87109375,37946.4296875,37961.703125,38228.734375,38364.1953125,38599.3671875,39126.5234375,37666.266
2020-09-18 15:30,34756.44140625,35515.08984375,36167.34375,36373.1328125,36373.1328125,36584.9140625,36630.35546875,36866.9375,37022.4453125,37264.20703125,37769.1953125,36861.066
2020-09-18 15:45,34264.62890625,34895.0,35426.5390625,35591.265625,35591.265625,35732.11328125,35732.11328125,35880.859375,36011.28125,36216.71875,36696.046875,35295.336
2020-09-18 16:00,32414.5546875,33059.2890625,33724.421875,33840.4296875,33867.96484375,34022.1875,34084.06640625,34306.76953125,34485.5703125,34733.859375,35173.38671875,33982.53
2020-09-18 16:15,31244.703125,31764.171875,32389.4375,32389.4375,32390.5,32512.7421875,32548.6328125,32769.96875,32913.83203125,33135.08984375,33541.08203125,32098.195
2020-09-18 16:30,28927.015625,29377.63671875,30149.28515625,30149.28515625,30161.2890625,30329.203125,30457.91796875,30767.8515625,30958.13671875,31278.921875,31664.671875,30143.531
2020-09-18 16:45,27505.80859375,27780.3671875,28383.71484375,28383.71484375,28383.71484375,28383.71484375,28424.2421875,28747.9375,28819.3203125,29158.95703125,29530.4296875,28118.332
2020-09-18 17:00,25665.79296875,25845.35546875,26364.42578125,26364.42578125,26364.42578125,26364.42578125,26364.42578125,26707.32421875,26707.32421875,27050.97265625,27415.19140625,25689.734
2020-09-18 17:15,23108.29296875,23265.669921875,23773.919921875,23773.919921875,23773.919921875,23855.203125,23985.109375,24335.42578125,24352.90234375,24768.865234375,25204.06640625,23177.666
2020-09-18 17:30,20735.15625,20889.76171875,21215.33203125,21215.33203125,21248.08984375,21330.671875,21455.22265625,21699.935546875,21733.310546875,22167.5234375,22707.07421875,20424.27
2020-09-18 17:45,18035.7109375,18216.52734375,18371.86328125,18467.189453125,18496.275390625,18543.85546875,18671.3984375,18798.755859375,18886.8203125,19315.15234375,19930.8125,17549.2
2020-09-18 18:00,14719.22265625,14970.107421875,15113.31640625,15347.3818359375,15393.783203125,15539.634765625,15655.345703125,15786.458984375,15964.44921875,16414.84765625,17063.28515625,14527.932
2020-09-18 18:15,11257.1005859375,11576.4033203125,11743.81640625,11959.7666015625,12008.658203125,12247.7236328125,12296.390625,12443.029296875,12675.3671875,13122.353515625,13644.37890625,11381.933
2020-09-18 18:30,7971.12353515625,8250.0927734375,8421.990234375,8558.4296875,8643.5654296875,8860.7890625,8875.2958984375,8982.037109375,9207.9375,9603.40234375,9967.7734375,8282.133
2020-09-18 18:45,5093.8544921875,5208.0546875,5349.70703125,5470.4013671875,5570.64111328125,5712.91748046875,5755.548828125,5812.0546875,6020.1376953125,6342.91748046875,6572.54638671875,5340.0654
2020-09-18 19:00,2716.380859375,2747.59228515625,2857.57568359375,3008.72509765625,3083.1513671875,3205.25927734375,3265.1044921875,3305.2734375,3521.6708984375,3762.2978515625,3874.181640625,2855.9995
2020-09-18 19:15,932.4013671875,951.1748046875,1053.25,1237.7685546875,1272.6357421875,1396.67578125,1452.66796875,1504.734375,1743.3642578125,1922.64453125,1960.22802734375,991.9326
2020-09-18 19:30,0.0,1.8662109375,98.9072265625,276.94140625,276.94140625,362.6279296875,413.681640625,451.6025390625,683.5,812.619140625,812.619140625,67.13281
2020-09-19 07:45,150.2412109375,205.43359375,339.5107421875,442.4951171875,513.236328125,567.0478515625,631.3349609375,641.189453125,871.353515625,1039.54296875,1039.54296875,763.333
2020-09-19 08:00,1122.7890625,1195.876953125,1367.8544921875,1525.9140625,1675.044921875,1797.1474609375,1922.4716796875,1961.1181640625,2252.7421875,2476.8388671875,2476.8388671875,595.1992
2020-09-19 08:15,217.841796875,356.421875,545.7275390625,686.3759765625,791.734375,902.181640625,970.591796875,1099.4296875,1370.2861328125,1695.77294921875,1765.21630859375,1527.2666
2020-09-19 08:30,1833.9443359375,2153.185546875,2345.91162109375,2555.35791015625,2748.021484375,2863.92041015625,3020.28515625,3102.005859375,3428.8359375,3787.50390625,3894.52197265625,3708.1997
2020-09-19 08:45,4838.14111328125,5492.9267578125,5961.46484375,6445.5087890625,6727.671875,7052.33251953125,7278.9892578125,7445.0439453125,7875.75146484375,8339.0615234375,8607.9150390625,6727.4663
2020-09-19 09:00,7225.50146484375,8064.73388671875,8717.8359375,9223.8505859375,9452.6005859375,9840.4228515625,10056.9375,10307.705078125,10660.724609375,11300.80859375,11759.3974609375,11819.332
2020-09-19 09:15,10649.400390625,11857.2490234375,13174.185546875,14036.138671875,14550.19921875,14918.6787109375,15131.48828125,15523.3623046875,15935.291015625,16650.55078125,17098.49609375,16170.334
2020-09-19 09:30,15145.126953125,16225.8505859375,17581.5390625,18128.580078125,18501.703125,18676.33984375,18723.4765625,19030.859375,19224.91796875,19726.759765625,19892.5078125,18259.467
2020-09-19 09:45,15598.794921875,16778.369140625,18431.39453125,19297.72265625,19974.74609375,20468.640625,20825.0625,21365.751953125,21850.11328125,22670.08984375,23166.10546875,21427.398
2020-09-19 10:00,20800.01953125,21887.76953125,23260.171875,23973.978515625,24412.28515625,24723.84375,24914.193359375,25319.27734375,25588.2890625,26182.7734375,26652.34765625,25513.6
2020-09-19 10:15,25006.625,26058.61328125,27287.82421875,27678.83203125,27942.51171875,28048.17578125,28111.73828125,28325.5078125,28422.11328125,28841.0390625,29022.9375,27915.266
2020-09-19 10:30,27752.73046875,28765.109375,29694.82421875,29962.12109375,30132.81640625,30268.671875,30334.17578125,30529.88671875,30599.77734375,30979.18359375,31194.671875,28851.129
2020-09-19 10:45,26988.5625,28187.984375,29449.0546875,30013.14453125,30323.96875,30723.953125,31038.5390625,31507.09375,31876.06640625,32424.9296875,32814.44140625,27125.598
2020-09-19 11:00,19756.16796875,21390.96875,24285.8203125,25465.34375,26398.2421875,27425.26171875,28484.5546875,29740.46484375,30914.03125,32147.36328125,33019.6015625,22953.533
2020-09-19 11:15,14916.275390625,16233.4912109375,18464.025390625,19635.96875,20856.44921875,22047.0625,23397.830078125,24724.529296875,26401.8828125,28774.1953125,30269.66796875,20393.6
2020-09-19 11:30,14830.9013671875,15524.42578125,16718.4140625,17442.263671875,18243.21484375,19063.77734375,19771.7578125,20440.79296875,21823.849609375,24178.9296875,25706.228515625,20314.2
2020-09-19 11:45,16408.8046875,17604.07421875,19266.0703125,20051.2265625,20592.146484375,21407.220703125,21780.1796875,22474.85546875,23474.205078125,25266.59375,26471.10546875,20138.266
2020-09-19 12:00,17715.59375,18315.228515625,19336.607421875,19788.38671875,20090.251953125,20560.115234375,20686.455078125,20971.66015625,21681.244140625,23067.89453125,24254.35546875,20157.2
2020-09-19 12:15,17957.009765625,18702.04296875,19710.02734375,20283.19140625,20617.4140625,20961.75,21011.376953125,21467.837890625,21879.060546875,22777.26953125,23903.828125,19810.598
2020-09-19 12:30,18707.572265625,19258.970703125,20003.482421875,20296.505859375,20525.34765625,20730.578125,20730.578125,21021.578125,21350.671875,21917.51171875,22817.21875,19710.066
2020-09-19 12:45,18538.8125,19007.955078125,19542.0078125,19717.50390625,19828.189453125,19934.703125,19934.703125,19981.26953125,20225.2109375,20431.830078125,21143.41796875,19573.6
2020-09-19 13:00,18553.5,19090.47265625,19523.8671875,19714.255859375,19738.955078125,19877.15234375,19877.15234375,19913.9140625,20074.47265625,20074.47265625,20621.20703125,19542.533
2020-09-19 13:15,18592.31640625,19114.88671875,19603.50390625,19840.447265625,19951.6640625,20137.80078125,20137.80078125,20320.65234375,20444.357421875,20444.357421875,21073.109375,19592.867
2020-09-19 13:30,18957.978515625,19386.6640625,19782.978515625,19898.28125,19978.1484375,20129.84765625,20129.84765625,20220.986328125,20348.04296875,20348.04296875,20884.6171875,19807.531
2020-09-19 13:45,19193.740234375,19604.185546875,19911.76171875,20022.740234375,20040.728515625,20172.87109375,20172.87109375,20195.017578125,20322.900390625,20322.900390625,20782.783203125,20007.865
2020-09-19 14:00,19348.5703125,19758.92578125,20078.79296875,20218.103515625,20254.484375,20407.98828125,20407.98828125,20486.28125,20599.390625,20599.390625,21059.171875,20229.197
2020-09-19 14:15,19544.44921875,19902.78125,20238.3984375,20328.953125,20391.005859375,20563.17578125,20563.17578125,20684.9140625,20778.341796875,20778.341796875,21226.17578125,20478.732
2020-09-19 14:30,19873.5625,20207.265625,20518.43359375,20614.6328125,20672.646484375,20833.09765625,20833.09765625,20964.11328125,21078.296875,21078.296875,21592.375,20708.8
2020-09-19 14:45,20129.22265625,20424.90625,20695.15234375,20830.2578125,20864.48046875,20995.078125,20995.078125,21111.294921875,21268.2734375,21268.2734375,21892.8359375,20932.668
2020-09-19 15:00,20285.31640625,20536.00390625,20801.87109375,20944.578125,20977.16796875,21098.224609375,21098.224609375,21225.169921875,21392.1953125,21392.1953125,22094.521484375,22050.064
2020-09-19 15:15,21132.140625,21455.236328125,21817.296875,22085.17578125,22163.73046875,22379.509765625,22388.05078125,22623.21875,22864.79296875,22983.400390625,23814.615234375,22851.2
2020-09-19 15:30,21884.44921875,22144.966796875,22521.99609375,22771.322265625,22879.240234375,23018.38671875,23029.6484375,23287.478515625,23564.5,23819.0859375,24721.19140625,22769.066
2020-09-19 15:45,21733.775390625,21985.140625,22363.015625,22575.2109375,22674.818359375,22757.787109375,22757.787109375,23026.01171875,23320.52734375,23615.0546875,24489.89453125,23084.332
2020-09-19 16:00,21959.86328125,22366.9921875,22844.7890625,23147.845703125,23250.89453125,23397.09375,23436.060546875,23776.638671875,24110.015625,24542.4765625,25414.91796875,17389.332
2020-09-19 16:15,12777.953125,13587.80859375,15049.482421875,16484.00390625,17276.59375,18166.5078125,18717.76171875,19699.419921875,20798.216796875,21572.39453125,23027.994140625,13808.533
2020-09-19 16:30,10123.01953125,10842.9921875,11730.0078125,13104.6875,13535.06640625,14209.71484375,14548.1806640625,15245.4140625,16304.65234375,17531.166015625,18818.4140625,10952.133
2020-09-19 16:45,7904.1357421875,8541.2666015625,9131.9404296875,10131.513671875,10328.279296875,10640.7802734375,10944.0146484375,11143.8427734375,11989.59375,12984.587890625,14127.7607421875,17741.4
2020-09-19 17:00,10835.2783203125,12200.09765625,14238.369140625,16052.3818359375,17280.275390625,18264.494140625,19120.791015625,20116.94140625,21541.19140625,22772.3046875,24237.5859375,20862.268
2020-09-19 17:15,12431.0537109375,13894.158203125,15826.732421875,17189.3984375,18434.7109375,19197.48828125,20349.17578125,21033.92578125,22298.23828125,24204.6328125,26201.73046875,21315.73
2020-09-19 17:30,12674.568359375,14462.06640625,16345.630859375,17443.435546875,18316.513671875,18835.0703125,19542.40234375,19979.537109375,20830.0625,22424.72265625,24296.07421875,19602.066
2020-09-19 17:45,13520.0205078125,14883.392578125,16338.650390625,16949.029296875,17381.046875,17541.650390625,17819.18359375,17983.87890625,18414.44140625,19396.22265625,20735.91015625,16896.0
2020-09-19 18:00,11896.287109375,12686.607421875,13683.046875,14138.439453125,14353.923828125,14562.896484375,14828.0419921875,14997.306640625,15443.759765625,16134.634765625,17055.7265625,13894.266
2020-09-19 18:15,9436.7099609375,9910.1083984375,10516.83203125,10800.08203125,10948.0595703125,11176.017578125,11447.9267578125,11614.578125,12042.609375,12604.130859375,13260.9404296875,10715.133
2020-09-19 18:30,6647.70556640625,6869.65185546875,7254.4892578125,7425.8857421875,7582.61279296875,7744.5517578125,7983.068359375,8091.02392578125,8428.9638671875,8911.775390625,9382.5966796875,7664.666
2020-09-19 18:45,4314.25244140625,4370.22607421875,4608.40966796875,4753.71923828125,4871.248046875,4988.44873046875,5142.64208984375,5220.265625,5457.31005859375,5833.5693359375,6113.8447265625,4838.2666
2020-09-19 19:00,2278.21875,2298.24951171875,2462.23193359375,2618.48193359375,2686.47412109375,2813.48681640625,2906.15478515625,2975.7216796875,3183.322265625,3451.67578125,3578.48193359375,2433.7324
2020-09-19 19:15,698.912109375,721.3916015625,849.58203125,1020.7431640625,1045.7666015625,1175.4560546875,1233.4052734375,1301.4013671875,1517.9599609375,1709.99755859375,1750.22265625,480.0
2020-09-19 19:30,0.0,0.0,0.0,97.615234375,97.615234375,172.0625,210.1513671875,254.634765625,465.2900390625,594.2978515625,594.2978515625,8.799805
2020-09-20 07:45,0.0,35.4736328125,165.0478515625,262.798828125,316.4228515625,371.265625,411.1484375,439.939453125,653.2333984375,797.140625,797.140625,710.5322
2020-09-20 08:00,1058.3447265625,1115.6875,1272.556640625,1428.8916015625,1568.0537109375,1693.05078125,1805.6513671875,1851.26904296875,2131.14208984375,2321.21435546875,2321.21435546875,2127.4663
2020-09-20 08:15,2714.02783203125,2972.47412109375,3168.08935546875,3376.56005859375,3545.552734375,3678.80419921875,3894.2158203125,3912.7197265625,4241.833984375,4531.130859375,4531.130859375,4310.332
2020-09-20 08:30,5439.6083984375,6002.5419921875,6351.15625,6680.65869140625,6801.67333984375,6991.98828125,7140.7744140625,7157.31689453125,7418.662109375,7768.97265625,7839.55859375,7129.9995
2020-09-20 08:45,8708.380859375,9382.357421875,9952.31640625,10202.626953125,10310.7734375,10541.60546875,10546.984375,10637.7724609375,10763.8603515625,11104.98828125,11167.388671875,10645.933
2020-09-20 09:00,12484.990234375,13060.0224609375,13730.458984375,13768.0419921875,13949.20703125,14031.263671875,14031.263671875,14104.1015625,14133.9541015625,14487.060546875,14487.060546875,13465.933
2020-09-20 09:15,14741.17578125,15239.822265625,16007.966796875,16137.798828125,16409.0625,16649.97265625,16723.048828125,16909.146484375,17033.236328125,17388.841796875,17388.841796875,15520.732
2020-09-20 09:30,15840.251953125,16320.83203125,17235.833984375,17514.796875,17919.31640625,18373.2109375,18633.3671875,18946.43359375,19298.244140625,19730.3046875,19897.533203125,17929.6
2020-09-20 09:45,19589.03125,19963.625,20568.390625,20616.37109375,20959.06640625,21166.380859375,21358.62890625,21559.533203125,21824.0859375,22270.02734375,22539.27734375,19638.666
2020-09-20 10:00,21003.345703125,21465.1328125,22097.509765625,22209.54296875,22509.48828125,22713.38671875,22867.1328125,23132.328125,23428.734375,23951.888671875,24330.9765625,25654.133
2020-09-20 10:15,23857.39453125,24752.763671875,26287.2421875,27212.28125,27820.23046875,28373.44921875,28438.6484375,29047.6875,29541.13671875,30010.30859375,30615.21484375,26835.133
2020-09-20 10:30,22325.861328125,23781.583984375,26104.46875,27309.28125,28102.5625,28676.7578125,29314.2890625,30011.03515625,30751.64453125,31786.4609375,32362.91796875,30760.465
2020-09-20 10:45,28369.734375,29627.87890625,31267.1171875,32032.47265625,32542.796875,32958.65234375,33149.11328125,33569.90625,33854.16796875,34437.38671875,35074.19921875,30998.2
2020-09-20 11:00,25755.09765625,27390.87109375,29754.12890625,30903.16015625,31599.453125,32263.13671875,32907.71484375,33732.19140625,34439.81640625,35446.60546875,36102.50390625,31164.328
2020-09-20 11:15,28203.0546875,29491.2421875,31331.81640625,31741.55859375,32075.90625,32512.2890625,32971.625,33745.296875,34191.94140625,35048.84375,35721.69921875,36105.465
2020-09-20 11:30,31479.171875,32878.921875,34832.6796875,35773.49609375,36397.05078125,37088.18359375,37316.91796875,37849.4609375,38261.11328125,38865.10546875,39679.64453125,39025.598
2020-09-20 11:45,36226.58203125,37495.01953125,38841.9765625,39463.90234375,39696.55078125,40078.34765625,40078.34765625,40358.953125,40395.34375,40932.984375,41398.02734375,35018.066
2020-09-20 12:00,24980.27734375,27283.796875,30784.328125,32647.48046875,33691.3359375,35015.46875,36144.64453125,37813.359375,38972.375,40301.57421875,41426.6015625,30870.531
2020-09-20 12:15,20631.484375,22581.4453125,25888.908203125,27628.50390625,28665.859375,30168.2265625,31621.71875,33718.28515625,35305.19921875,37875.25390625,39891.00390625,34360.734
2020-09-20 12:30,27618.5,29469.3359375,32052.58203125,33411.08203125,34137.1796875,35155.15234375,35897.5234375,36895.84765625,37956.1640625,39760.296875,41288.74609375,41547.2
2020-09-20 12:45,32732.90234375,34524.9609375,37691.0625,39134.36328125,40359.51171875,41303.3203125,41898.171875,42435.9453125,42896.3125,43959.16796875,44885.2890625,39058.266
2020-09-20 13:00,28684.22265625,31108.66015625,34553.59765625,36786.78515625,37500.51953125,38688.89453125,39455.24609375,40657.078125,41558.94140625,43163.90625,44074.0546875,43344.934
2020-09-20 13:15,35512.24609375,37443.4453125,39933.5234375,41299.125,41873.26953125,42720.109375,42791.85546875,43288.07421875,43622.34765625,44346.24609375,45397.53125,44088.266
2020-09-20 13:30,38794.578125,40531.0078125,42082.98046875,43002.0234375,43246.5859375,43673.9375,43759.90625,44102.41796875,44167.49609375,44864.07421875,45440.0625,43967.73
2020-09-20 13:45,40220.68359375,41664.84375,42652.32421875,43303.09765625,43417.8515625,43794.29296875,43794.29296875,44051.05078125,44080.14453125,44534.89453125,45102.96484375,43851.996
2020-09-20 14:00,40768.38671875,42077.54296875,42791.875,43360.53125,43471.46875,43819.984375,43819.984375,44087.42578125,44114.37890625,44543.19921875,45144.6875,42805.066
2020-09-20 14:15,39154.859375,40604.73828125,41378.26953125,42142.1953125,42252.65625,42722.59765625,42796.98828125,43283.25,43416.484375,43924.13671875,44629.46875,42951.535
2020-09-20 14:30,39839.87890625,41077.47265625,41683.98046875,42190.01171875,42214.578125,42568.3828125,42568.3828125,42858.8984375,42871.28515625,43260.53125,43894.59765625,42578.73
2020-09-20 14:45,39542.94140625,40704.39453125,41256.75,41754.76953125,41758.484375,42102.69921875,42102.69921875,42359.08203125,42363.06640625,42732.75390625,43309.390625,41760.727
2020-09-20 15:00,38595.22265625,39730.96484375,40312.48046875,40828.328125,40828.328125,41167.68359375,41167.68359375,41454.06640625,41494.1796875,41843.92578125,42402.33984375,40792.535
2020-09-20 15:15,37289.03125,38430.109375,39102.34765625,39578.09375,39578.09375,39932.0390625,39932.0390625,40240.1796875,40335.15234375,40668.734375,41237.23046875,39771.133
2020-09-20 15:30,36192.23828125,37283.47265625,37974.90625,38352.7734375,38362.28125,38657.86328125,38657.86328125,38928.73046875,39031.74609375,39340.33203125,39879.6875,38057.465
2020-09-20 15:45,34326.05078125,35419.4453125,36216.68359375,36537.1640625,36602.87109375,36855.1328125,36921.2734375,37215.41796875,37372.4140625,37677.5859375,38202.0234375,32405.398
2020-09-20 16:00,21912.849609375,23878.35546875,27013.890625,28018.6953125,29421.09765625,30283.29296875,31614.33984375,32850.54296875,34260.6875,35518.0625,36423.64453125,34854.066
2020-09-20 16:15,25880.169921875,27655.328125,30340.70703125,31637.81640625,32580.390625,33336.03515625,34031.6796875,34882.96484375,35503.91796875,36360.66015625,37320.828125,33079.2
2020-09-20 16:30,24672.732421875,26359.09765625,28931.2421875,29617.6875,30559.5703125,31079.765625,31852.21875,32662.6796875,33151.80859375,34306.56640625,34826.5546875,30443.266
2020-09-20 16:45,25354.390625,26482.5078125,28042.06640625,28124.12109375,28595.54296875,28960.55078125,29368.7421875,30094.59765625,30190.5859375,30961.640625,31540.5859375,25254.8
2020-09-20 17:00,17793.59765625,18764.03515625,20993.75,21831.2734375,22900.74609375,23790.373046875,24787.94140625,25954.08984375,27016.859375,28624.83203125,29529.63671875,21887.732
2020-09-20 17:15,17072.328125,17519.646484375,18733.48046875,19428.779296875,19987.287109375,20587.88671875,21302.23046875,22084.017578125,22785.095703125,24528.9296875,25665.3828125,20051.4
2020-09-20 17:30,15952.16796875,16400.083984375,17105.87890625,17538.140625,17840.3515625,18163.408203125,18502.83984375,18851.5625,19394.294921875,20665.560546875,21687.38671875,15376.398
2020-09-20 17:45,10882.482421875,11299.4345703125,11950.6650390625,12540.7236328125,12833.5,13282.83203125,13688.70703125,13998.36328125,14800.998046875,15988.583984375,17023.3046875,12359.865
2020-09-20 18:00,8681.7646484375,9232.1015625,9632.677734375,9985.9052734375,10191.6220703125,10381.7822265625,10565.6171875,10828.0390625,11240.3916015625,12257.2099609375,13163.6708984375,6870.8667
2020-09-20 18:15,4496.24267578125,4778.70947265625,4968.6611328125,5527.55419921875,5649.8740234375,5869.46044921875,6047.20703125,6376.763671875,6793.8779296875,7806.6787109375,8814.9873046875,4544.7993
2020-09-20 18:30,2888.1455078125,2928.14013671875,2994.75634765625,3434.09375,3492.26171875,3573.970703125,3655.82373046875,3842.58056640625,4085.18017578125,4852.5888671875,5491.078125,5793.0664
2020-09-20 18:45,3142.03173828125,3220.14990234375,3416.16357421875,3735.75341796875,3942.11181640625,4075.05029296875,4216.09619140625,4358.015625,4652.201171875,5222.95751953125,5514.046875,2558.266
2020-09-20 19:00,1088.357421875,1151.22265625,1310.98046875,1566.42236328125,1581.0888671875,1744.3828125,1811.32373046875,1930.474609375,2218.1015625,2676.0263671875,2936.80908203125,1250.7324
2020-09-20 19:15,301.21484375,354.9794921875,464.5517578125,666.6083984375,666.6083984375,740.802734375,775.7763671875,833.94140625,1062.4033203125,1305.9462890625,1378.9091796875,413.0664
2020-09-20 19:30,0.0,0.0,0.0,87.3291015625,87.3291015625,109.8203125,124.1474609375,161.6484375,360.99609375,503.25,503.25,9.732422
2020-09-21 08:00,181.181640625,181.181640625,291.9443359375,406.943359375,480.6142578125,547.9638671875,555.4423828125,600.787109375,807.8642578125,955.80859375,955.80859375,661.2666
2020-09-21 08:15,799.7265625,844.837890625,958.6337890625,1103.3974609375,1225.9755859375,1323.044921875,1374.3984375,1436.0546875,1677.38427734375,1889.29296875,1889.29296875,1240.7324
2020-09-21 08:30,1346.0546875,1549.333984375,1696.234375,1862.6005859375,2020.7412109375,2125.98876953125,2215.892578125,2298.916015625,2578.92431640625,2909.966796875,2964.92529296875,1246.1328
2020-09-21 08:45,1185.623046875,1514.70703125,1723.2685546875,1931.96337890625,2099.2626953125,2221.669921875,2292.2177734375,2442.80029296875,2715.68310546875,3182.48046875,3466.4794921875,1673.4668
2020-09-21 09:00,1711.24609375,2147.68701171875,2325.02978515625,2595.34130859375,2772.4453125,2918.56494140625,3006.6650390625,3182.40625,3427.861328125,3974.6484375,4461.31787109375,2158.599
2020-09-21 09:15,1898.23779296875,2368.4658203125,2530.16259765625,2850.7158203125,3033.4150390625,3232.05859375,3334.32763671875,3578.85546875,3829.75390625,4506.78662109375,5200.13134765625,3683.3325
2020-09-21 09:30,3433.9375,4097.31591796875,4385.728515625,4844.9365234375,5119.328125,5414.48291015625,5605.8154296875,5907.70751953125,6260.146484375,7034.1962890625,7898.9140625,2889.7998
2020-09-21 09:45,1875.44384765625,2253.4755859375,2493.74658203125,2852.7353515625,3051.26025390625,3297.58349609375,3493.6650390625,3893.2109375,4244.298828125,5232.865234375,6400.13720703125,3901.7324
2020-09-21 10:00,3972.63720703125,4726.34423828125,5210.52685546875,5716.9462890625,6138.0966796875,6458.265625,6781.58740234375,7166.1708984375,7618.1396484375,8550.564453125,9708.7119140625,2236.2666
2020-09-21 10:15,1704.767578125,1906.10595703125,2034.94287109375,2159.029296875,2427.7587890625,2564.72021484375,2896.38330078125,3342.89111328125,3762.24560546875,4916.18017578125,6354.7265625,1076.4668
2020-09-21 10:30,1516.31884765625,1695.45361328125,1735.7216796875,1735.7216796875,1838.91943359375,1838.91943359375,2021.662109375,2118.29248046875,2362.07958984375,3087.9619140625,4072.44580078125,1973.7319
2020-09-21 10:45,2210.19775390625,2698.87939453125,2978.55517578125,3116.39794921875,3501.248046875,3615.6962890625,3900.1396484375,4011.88330078125,4377.9931640625,5022.06884765625,5816.4833984375,1167.667
2020-09-21 11:00,1653.8017578125,1932.72998046875,1991.08984375,2045.0380859375,2350.96826171875,2353.4638671875,2583.712890625,2708.05419921875,3008.166015625,3672.7041015625,4651.3076171875,642.5996
2020-09-21 11:15,1447.841796875,1747.462890625,1751.923828125,1751.923828125,2013.99853515625,2013.99853515625,2163.4189453125,2206.3369140625,2455.09033203125,2967.95947265625,3782.57470703125,746.0
2020-09-21 11:30,1468.12939453125,1802.00732421875,1849.4755859375,1849.4755859375,2133.69482421875,2133.69482421875,2289.84423828125,2296.87744140625,2561.7802734375,2992.642578125,3685.6689453125,962.4668
2020-09-21 11:45,1603.107421875,2023.73193359375,2148.572265625,2219.7265625,2588.30615234375,2597.0888671875,2835.4208984375,2856.2890625,3190.7314453125,3631.78173828125,4287.31103515625,1246.2666
2020-09-21 12:00,1786.8447265625,2275.91943359375,2420.3046875,2599.33740234375,3002.244140625,3043.17578125,3325.87646484375,3418.447265625,3797.1494140625,4338.03955078125,5070.71630859375,1110.9326
2020-09-21 12:15,1511.2158203125,1901.71826171875,2021.974609375,2142.63818359375,2470.83154296875,2475.8017578125,2743.17626953125,2886.24169921875,3203.1748046875,3768.06396484375,4546.3212890625,1596.332
2020-09-21 12:30,1772.09521484375,2213.52880859375,2439.57177734375,2562.6357421875,2893.337890625,2929.85986328125,3203.9697265625,3326.009765625,3663.15283203125,4203.68115234375,4859.12890625,2271.3325
2020-09-21 12:45,1961.47998046875,2428.4072265625,2745.19873046875,3000.16552734375,3351.36474609375,3455.267578125,3734.1201171875,3905.2490234375,4299.4365234375,4885.30859375,5568.2529296875,3964.7998
2020-09-21 13:00,3211.98779296875,3972.4375,4544.18017578125,5136.00048828125,5662.7548828125,5980.810546875,6376.09375,6796.6357421875,7392.16796875,8238.236328125,9089.921875,5702.799
2020-09-21 13:15,4599.14501953125,5287.716796875,5984.822265625,6756.0205078125,7239.044921875,7685.35498046875,8102.197265625,8752.1689453125,9407.962890625,10615.611328125,11856.8798828125,6004.2
2020-09-21 13:30,4295.857421875,4664.8251953125,5301.048828125,5910.291015625,6236.5830078125,6622.173828125,6968.087890625,7543.125,8105.65673828125,9315.0732421875,10716.7802734375,5753.7324
2020-09-21 13:45,4210.62939453125,4615.48974609375,5292.7666015625,5810.5537109375,6097.9609375,6400.236328125,6664.9365234375,7040.115234375,7542.3251953125,8512.5830078125,9767.16796875,8839.0
2020-09-21 14:00,6252.3173828125,7241.3212890625,8436.9833984375,9349.21875,10055.04296875,10649.669921875,11195.345703125,11895.615234375,12672.140625,13821.73046875,15113.955078125,16983.533
2020-09-21 14:15,12198.22265625,13695.7958984375,16069.982421875,18111.87109375,19494.83984375,20712.314453125,21971.03515625,23352.703125,25004.109375,26738.3671875,28584.77734375,23897.467
2020-09-21 14:30,12292.4638671875,14733.47265625,17411.671875,18870.66796875,20159.1015625,21205.5546875,22420.1640625,23202.048828125,24851.84375,26939.55859375,29063.8203125,27075.8
2020-09-21 14:45,13064.708984375,16408.8515625,19510.61328125,20914.333984375,22133.587890625,23082.419921875,24248.099609375,24806.59375,26370.12890625,28173.75,30339.3046875,31229.266
2020-09-21 15:00,15556.2158203125,19649.80078125,23505.56640625,24890.7109375,26387.5859375,27238.125,28474.58984375,28882.84375,30375.1171875,31728.20703125,33461.9453125,30669.664
2020-09-21 15:15,17397.13671875,21548.0078125,25451.857421875,26666.58203125,27847.45703125,28412.5078125,29620.734375,29822.73046875,30956.37890625,32292.85546875,33799.18359375,28968.531
2020-09-21 15:30,19231.625,22464.849609375,25629.65625,26506.9296875,27372.67578125,27876.640625,28856.796875,29078.37109375,30089.12109375,31296.0390625,32555.296875,29445.129
2020-09-21 15:45,20207.58203125,23104.50390625,25843.08203125,26947.0,27723.34765625,28475.37890625,29180.8515625,29481.32421875,30303.59375,31254.76171875,32372.2734375,29140.0
2020-09-21 16:00,20930.8671875,23457.123046875,25879.671875,26752.38671875,27474.234375,28110.19921875,28697.67578125,28961.39453125,29644.52734375,30459.83984375,31317.2734375,27151.398
2020-09-21 16:15,20772.732421875,22567.14453125,24536.89453125,25056.92578125,25710.927734375,26252.8359375,26780.828125,27120.02734375,27795.62109375,28645.2734375,29402.4140625,24823.266
2020-09-21 16:30,20141.64453125,21266.0078125,22728.33203125,23008.58984375,23561.25390625,24024.80859375,24450.66015625,24802.3515625,25386.89453125,26302.76171875,27088.92578125,21148.4
2020-09-21 16:45,16834.763671875,17447.33984375,18649.1171875,19111.17578125,19606.72265625,20128.22265625,20592.505859375,21002.349609375,21778.556640625,22955.06640625,23898.228515625,18034.8
2020-09-21 17:00,14368.251953125,14903.8916015625,15616.302734375,16138.048828125,16372.6796875,16752.0390625,17084.314453125,17375.37890625,18042.3203125,19235.78515625,20316.080078125,14843.465
2020-09-21 17:15,11360.6279296875,11933.455078125,12460.0703125,12950.193359375,13110.3818359375,13368.7294921875,13652.1279296875,13798.17578125,14438.0,15490.40234375,16646.35546875,11540.4
2020-09-21 17:30,8539.595703125,9073.3291015625,9546.84375,9975.5302734375,10131.2783203125,10244.52734375,10522.390625,10591.2802734375,11142.83203125,12061.56640625,13183.94140625,7734.5996
2020-09-21 17:45,5650.359375,5940.75537109375,6300.8759765625,6727.54052734375,6831.958984375,6921.1494140625,7109.8828125,7166.8681640625,7611.572265625,8348.3935546875,9334.2294921875,5115.1997
2020-09-21 18:00,3899.69921875,3978.626953125,4239.99072265625,4597.220703125,4644.96484375,4773.94384765625,4829.30615234375,4829.30615234375,5131.947265625,5633.205078125,6300.3427734375,3366.1997
2020-09-21 18:15,2610.2392578125,2632.11474609375,2800.67236328125,3098.95263671875,3128.353515625,3292.4091796875,3292.4091796875,3292.4091796875,3559.26611328125,3900.1025390625,4319.76904296875,2359.1323
2020-09-21 18:30,1517.98291015625,1572.22119140625,1683.82568359375,1924.82763671875,1954.6171875,2111.9443359375,2111.9443359375,2151.703125,2441.23583984375,2703.1640625,2926.85205078125,2241.9995
2020-09-21 18:45,1051.7509765625,1161.091796875,1305.916015625,1523.5498046875,1628.86328125,1793.26806640625,1836.98095703125,1910.46337890625,2217.59130859375,2517.45556640625,2637.15625,1914.9326
2020-09-21 19:00,796.0791015625,931.0126953125,1103.5859375,1305.0224609375,1424.806640625,1583.21142578125,1655.23291015625,1725.44287109375,2018.0673828125,2336.02392578125,2449.90234375,1188.5322
2020-09-21 19:15,313.720703125,439.4599609375,591.52734375,751.03125,809.9306640625,935.7431640625,1001.5908203125,1064.5732421875,1305.966796875,1571.95849609375,1658.38037109375,458.2666
2020-09-21 19:30,0.0,0.0,94.40234375,224.7294921875,233.3779296875,308.5869140625,369.6748046875,412.34375,603.7080078125,795.4287109375,802.748046875,0.0
2020-09-22 08:00,302.1181640625,349.74609375,495.5068359375,640.69921875,744.595703125,866.330078125,938.8828125,1009.37890625,1262.2470703125,1460.52001953125,1460.52001953125,891.5996
2020-09-22 08:15,833.5634765625,968.8330078125,1127.9873046875,1303.4736328125,1443.115234375,1583.02099609375,1699.6220703125,1786.03564453125,2076.2431640625,2345.07666015625,2345.07666015625,3367.4668
2020-09-22 08:30,3468.94189453125,4015.6533203125,4386.29736328125,4861.275390625,5152.59130859375,5435.81640625,5732.8037109375,5855.3681640625,6267.3349609375,6691.8251953125,6822.9150390625,5756.6665
2020-09-22 08:45,5684.8994140625,6484.630859375,7175.400390625,7738.5810546875,7958.466796875,8366.56640625,8549.166015625,8769.0517578125,9141.6083984375,9662.982421875,9940.1953125,8728.933
2020-09-22 09:00,9071.9287109375,9971.0927734375,10962.787109375,11322.484375,11597.5078125,11902.029296875,12045.986328125,12265.25,12556.92578125,13014.2529296875,13148.6396484375,11636.0
2020-09-22 09:15,12196.6826171875,12955.1015625,14005.23828125,14154.416015625,14482.2197265625,14671.2197265625,14839.0634765625,15017.1171875,15231.068359375,15694.576171875,15738.5458984375,14841.066
2020-09-22 09:30,16432.591796875,17002.921875,17700.546875,17808.75,18062.291015625,18224.587890625,18297.11328125,18407.37890625,18542.916015625,18873.3359375,18947.6640625,18060.664
2020-09-22 09:45,20000.244140625,20486.30859375,21004.400390625,21169.76953125,21322.59765625,21470.234375,21470.234375,21545.53125,21646.77734375,21874.736328125,21966.87890625,20971.934
2020-09-22 10:00,22903.3125,23409.482421875,23906.80078125,24077.62109375,24185.1328125,24285.74609375,24285.74609375,24354.142578125,24471.546875,24667.625,24775.34375,23637.465
2020-09-22 10:15,25272.15625,25838.09375,26347.38671875,26508.37109375,26621.05078125,26715.203125,26726.54296875,26835.67578125,26982.44921875,27200.30859375,27358.56640625,26016.998
2020-09-22 10:30,27266.375,27854.296875,28346.37890625,28477.55859375,28601.953125,28708.28125,28738.51953125,28850.9453125,29015.328125,29248.8515625,29443.39453125,28179.93
2020-09-22 10:45,29348.48828125,29896.6171875,30313.4609375,30389.34375,30487.37109375,30587.359375,30587.359375,30694.359375,30831.515625,31037.68359375,31238.36328125,30256.332
2020-09-22 11:00,31142.5234375,31687.19921875,32084.73046875,32153.09765625,32227.3984375,32349.80859375,32349.80859375,32474.109375,32593.83203125,32788.796875,33008.7734375,32106.8
2020-09-22 11:15,32526.625,33125.80859375,33538.3203125,33648.234375,33726.375,33877.7421875,33877.7421875,34040.81640625,34170.14453125,34372.359375,34646.4140625,33783.465
2020-09-22 11:30,34054.08203125,34651.875,35009.67578125,35132.8828125,35207.265625,35346.62890625,35346.62890625,35478.02734375,35601.67578125,35777.484375,36072.7421875,35154.133
2020-09-22 11:45,35220.23828125,35841.8046875,36171.03515625,36336.40625,36397.1484375,36547.47265625,36547.47265625,36701.20703125,36810.2421875,36979.32421875,37308.42578125,36325.2
2020-09-22 12:00,36113.890625,36764.125,37095.16796875,37297.09375,37351.78515625,37531.9375,37531.9375,37717.3203125,37825.5,37985.6328125,38360.4140625,37271.6
2020-09-22 12:15,36559.37890625,37285.44921875,37659.24609375,37925.60546875,38000.33203125,38210.9375,38210.9375,38441.82421875,38575.5546875,38753.7890625,39191.2890625,38379.4
2020-09-22 12:30,37553.01953125,38253.03125,38580.44921875,38814.09375,38888.4140625,39069.40625,39069.40625,39222.7109375,39323.19921875,39483.43359375,39921.609375,39318.6
2020-09-22 12:45,38461.59765625,39144.29296875,39442.0078125,39708.2109375,39757.78125,39954.91015625,39954.91015625,40096.43359375,40163.34765625,40323.11328125,40757.671875,39707.332
2020-09-22 13:00,38604.60546875,39357.55859375,39665.23828125,40016.23828125,40042.4296875,40288.23828125,40288.23828125,40512.35546875,40588.56640625,40772.8203125,41253.0859375,40242.13
2020-09-22 13:15,38864.94140625,39629.078125,39938.69921875,40270.23828125,40315.11328125,40556.140625,40556.140625,40770.3984375,40860.78125,41039.8046875,41539.15234375,40491.13
2020-09-22 13:30,38880.56640625,39678.28515625,39994.140625,40328.4375,40382.46875,40611.578125,40611.578125,40844.5703125,40939.04296875,41139.51171875,41642.078125,41037.066
2020-09-22 13:45,38869.609375,39695.41015625,40053.57421875,40424.58984375,40497.07421875,40722.08203125,40722.08203125,40945.8515625,41045.3203125,41237.9609375,41690.5,40560.2
2020-09-22 14:00,38913.70703125,39721.17578125,40096.42578125,40420.96484375,40469.20703125,40702.609375,40702.609375,40926.65625,41017.51953125,41242.46484375,41730.96484375,40680.13
2020-09-22 14:15,38686.90234375,39482.03515625,39832.890625,40143.46875,40169.63671875,40413.21484375,40413.21484375,40622.83984375,40728.4921875,40939.01171875,41444.14453125,41258.06
2020-09-22 14:30,38985.8515625,39685.15625,40052.96484375,40321.7734375,40400.046875,40618.54296875,40618.54296875,40754.1796875,40844.56640625,41050.2734375,41524.546875,40097.734
2020-09-22 14:45,37218.83984375,38151.51953125,38644.59765625,39119.66796875,39159.1328125,39469.67578125,39486.52734375,39822.19140625,39974.58984375,40268.203125,40804.140625,39488.266
2020-09-22 15:00,37120.58203125,37916.96484375,38357.29296875,38639.3046875,38641.90234375,38874.17578125,38874.17578125,39082.5234375,39197.7421875,39386.265625,39876.2421875,38558.93
2020-09-22 15:15,35421.39453125,36339.0703125,36912.73046875,37238.796875,37251.28125,37525.14453125,37547.58984375,37833.08203125,38014.6171875,38239.42578125,38773.3203125,38001.46
2020-09-22 15:30,35016.7109375,35807.4296875,36283.734375,36520.7734375,36545.8046875,36744.30078125,36744.30078125,36906.578125,37037.453125,37216.4453125,37726.703125,36664.13
2020-09-22 15:45,33656.60546875,34438.171875,34936.3984375,35168.64453125,35191.1875,35381.734375,35381.734375,35609.203125,35740.66796875,35952.0,36443.46875,35429.066
2020-09-22 16:00,32539.6328125,33204.09375,33643.3828125,33780.0390625,33800.875,33964.1796875,33964.1796875,34145.8046875,34258.29296875,34401.39453125,34861.703125,33941.066
2020-09-22 16:15,30717.1875,31327.8515625,31852.83984375,31912.359375,31983.421875,32168.859375,32168.859375,32451.4609375,32580.56640625,32744.47265625,33161.68359375,31869.469
2020-09-22 16:30,28423.80078125,28909.08984375,29558.92578125,29558.92578125,29654.04296875,29876.17578125,29916.80078125,30300.8515625,30441.0625,30679.84765625,31065.97265625,29816.934
2020-09-22 16:45,26604.8125,26906.10546875,27469.60546875,27469.60546875,27469.60546875,27664.03125,27673.7734375,28081.1484375,28120.93359375,28405.53515625,28778.17578125,27391.8
2020-09-22 17:00,24234.46875,24453.34765625,24978.74609375,24978.74609375,24978.74609375,25136.7421875,25191.20703125,25584.984375,25598.296875,25926.109375,26305.9140625,24697.732
2020-09-22 17:15,21409.12890625,21620.2890625,22077.337890625,22077.51171875,22171.205078125,22326.095703125,22462.599609375,22766.9453125,22827.60546875,23197.33203125,23662.83203125,22059.666
2020-09-22 17:30,18746.1953125,18973.869140625,19274.05078125,19365.333984375,19405.853515625,19527.130859375,19659.51953125,19812.02734375,19892.29296875,20270.015625,20800.349609375,19130.865
2020-09-22 17:45,15731.5439453125,16004.9033203125,16230.013671875,16321.8984375,16335.884765625,16471.5078125,16589.751953125,16650.771484375,16759.376953125,17122.080078125,17628.220703125,15919.4
2020-09-22 18:00,12363.623046875,12701.1435546875,12924.626953125,12948.20703125,12988.7421875,13172.400390625,13255.572265625,13325.4892578125,13450.8232421875,13786.826171875,14208.4521484375,12966.133
2020-09-22 18:15,9265.6171875,9586.27734375,9795.84375,9795.84375,9879.1826171875,10032.421875,10096.2294921875,10157.130859375,10286.8515625,10585.7470703125,10915.21484375,9814.933
2020-09-22 18:30,6237.4912109375,6405.42822265625,6580.359375,6596.904296875,6746.634765625,6840.73193359375,6940.0361328125,6971.619140625,7130.896484375,7427.7177734375,7681.36328125,6893.1323
2020-09-22 18:45,3778.11669921875,3836.39111328125,3969.7236328125,4064.22314453125,4159.3779296875,4239.1533203125,4327.986328125,4360.49658203125,4532.9736328125,4797.30810546875,4938.3330078125,4220.5996
2020-09-22 19:00,1786.53076171875,1837.21923828125,1959.2734375,2102.87451171875,2144.990234375,2246.82080078125,2308.626953125,2351.90478515625,2542.2158203125,2749.01318359375,2792.3408203125,1954.332
2020-09-22 19:15,390.9658203125,445.0634765625,557.4189453125,722.07421875,722.5224609375,827.8916015625,866.4091796875,919.392578125,1124.3173828125,1278.7041015625,1278.7041015625,501.8662
2020-09-22 19:30,0.0,0.0,0.0,23.5263671875,23.5263671875,56.6123046875,89.2734375,124.75390625,324.9345703125,434.7783203125,434.7783203125,4.2666016
2020-09-23 07:45,0.0,0.0,98.33984375,197.9267578125,250.5751953125,326.646484375,387.4296875,434.974609375,657.755859375,819.775390625,819.775390625,515.7998
2020-09-23 08:00,643.4892578125,717.1953125,873.083984375,1033.4833984375,1163.74609375,1300.19140625,1411.1171875,1479.5888671875,1757.90966796875,1965.89453125,1965.89453125,1806.7319
2020-09-23 08:15,2059.8681640625,2315.64111328125,2534.5966796875,2759.06689453125,2961.29052734375,3121.22119140625,3347.33544921875,3412.16943359375,3765.48828125,4067.96875,4068.58203125,3867.7998
2020-09-23 08:30,4403.6796875,4975.75634765625,5372.81298828125,5750.525390625,5949.474609375,6146.4345703125,6367.896484375,6444.67529296875,6783.7822265625,7186.33349609375,7309.8515625,6502.9995
2020-09-23 08:45,7493.5830078125,8226.01953125,8886.7685546875,9281.9716796875,9457.357421875,9760.5302734375,9833.755859375,9992.7021484375,10224.2001953125,10612.5068359375,10759.03125,9819.666
2020-09-23 09:00,11145.2529296875,11818.654296875,12625.6044921875,12762.375,12978.15234375,13151.015625,13197.490234375,13342.318359375,13455.4404296875,13825.267578125,13825.267578125,13028.533
2020-09-23 09:15,14580.337890625,15120.361328125,15847.4482421875,15902.544921875,16142.69921875,16284.00390625,16333.0322265625,16453.275390625,16528.09375,16865.26171875,16865.26171875,16168.934
2020-09-23 09:30,18390.4765625,18774.41796875,19215.61328125,19286.07421875,19465.7578125,19620.458984375,19620.458984375,19701.6484375,19758.24609375,19996.9375,20014.384765625,19171.932
2020-09-23 09:45,21601.2265625,21917.49609375,22241.0859375,22329.029296875,22447.005859375,22558.96875,22558.96875,22591.771484375,22649.09765625,22842.44921875,22896.42578125,21822.666
2020-09-23 10:00,23921.89453125,24297.046875,24676.1953125,24775.71875,24891.26953125,24982.044921875,24982.044921875,25084.7890625,25186.17578125,25399.68359375,25500.828125,24544.73
2020-09-23 10:15,26258.4296875,26689.1484375,27103.21484375,27178.95703125,27299.40234375,27373.3515625,27398.43359375,27507.01171875,27618.3515625,27845.84375,27992.40234375,26924.797
2020-09-23 10:30,28056.26171875,28552.5,28993.484375,29073.90625,29200.71875,29294.82421875,29342.9140625,29461.984375,29598.203125,29842.91796875,30022.40625,29218.062
2020-09-23 10:45,30322.51953125,30787.3359375,31148.546875,31192.484375,31284.71484375,31368.8125,31368.8125,31474.50390625,31573.65234375,31781.62890625,31969.39453125,31366.531
2020-09-23 11:00,32204.78515625,32685.14453125,33031.7734375,33082.3359375,33148.69921875,33264.0546875,33264.0546875,33389.375,33473.33984375,33668.6875,33874.7109375,33235.93
2020-09-23 11:15,33565.45703125,34125.453125,34500.3046875,34609.48046875,34676.65625,34831.04296875,34831.04296875,35014.83203125,35114.03125,35321.12890625,35588.58203125,34927.664
2020-09-23 11:30,34964.1796875,35547.90625,35891.71484375,36027.5234375,36091.78515625,36242.64453125,36242.64453125,36411.89453125,36512.82421875,36701.0390625,37003.8125,36380.4
2020-09-23 11:45,36347.6015625,36928.4765625,37231.90625,37393.0390625,37443.03515625,37603.1875,37603.1875,37756.25390625,37834.21875,38001.7265625,38333.2265625,37638.53
2020-09-23 12:00,37274.140625,37896.6640625,38203.46484375,38427.265625,38470.0546875,38676.8203125,38676.8203125,38865.57421875,38932.0234375,39103.125,39494.6875,38616.6
2020-09-23 12:15,37717.10546875,38419.8671875,38768.69921875,39071.03515625,39137.73828125,39381.0703125,39381.0703125,39617.41015625,39708.66015625,39900.30859375,40357.52734375,39404.53
2020-09-23 12:30,38410.42578125,39123.9765625,39448.92578125,39741.33203125,39806.953125,40029.109375,40029.109375,40232.13671875,40313.0859375,40500.49609375,40965.14453125,40029.93
2020-09-23 12:45,39164.7265625,39858.1953125,40138.69140625,40433.21484375,40474.8203125,40693.60546875,40693.60546875,40869.5859375,40921.0703125,41101.09765625,41562.7265625,40579.062
2020-09-23 13:00,39574.9296875,40276.04296875,40548.9921875,40886.55859375,40913.80859375,41165.171875,41165.171875,41368.05078125,41413.96875,41603.39453125,42090.31640625,40981.266
2020-09-23 13:15,39501.0234375,40257.87890625,40572.30859375,40956.234375,41008.234375,41285.265625,41285.265625,41542.54296875,41618.6484375,41838.4375,42367.453125,41225.664
2020-09-23 13:30,39637.95703125,40398.5078125,40708.109375,41060.07421875,41117.1328125,41367.54296875,41367.54296875,41612.48828125,41686.2109375,41914.37890625,42434.296875,41489.465
2020-09-23 13:45,39431.7734375,40256.66796875,40599.66015625,41010.71484375,41063.21875,41320.140625,41320.140625,41588.3125,41674.09375,41897.90234375,42373.4453125,41243.066
2020-09-23 14:00,39771.91015625,40509.546875,40867.64453125,41171.48046875,41238.984375,41481.05859375,41481.05859375,41677.60546875,41748.37109375,41986.859375,42491.9140625,41109.664
2020-09-23 14:15,38960.32421875,39783.859375,40177.4453125,40574.4140625,40606.53515625,40907.8984375,40924.56640625,41200.83203125,41315.68359375,41583.265625,42129.8046875,40208.465
2020-09-23 14:30,37782.31640625,38678.87109375,39165.17578125,39560.95703125,39573.046875,39885.84765625,39934.0625,40233.08203125,40379.90625,40648.3984375,41208.13671875,39822.53
2020-09-23 14:45,37479.359375,38300.82421875,38751.93359375,39053.66796875,39059.40234375,39309.05859375,39309.05859375,39527.3984375,39642.09375,39862.3203125,40385.90625,39112.06
2020-09-23 15:00,36573.13671875,37402.33203125,37895.61328125,38193.5625,38193.5625,38428.31640625,38428.31640625,38653.78125,38782.50390625,39001.99609375,39507.1015625,38094.26
2020-09-23 15:15,35272.09375,36127.75,36703.55078125,36953.640625,36954.1640625,37188.8671875,37209.33984375,37454.26171875,37620.87890625,37838.67578125,38346.30859375,37192.934
2020-09-23 15:30,34336.578125,35139.08984375,35679.91796875,35864.9453125,35895.265625,36072.6875,36074.36328125,36286.125,36434.1171875,36638.8515625,37144.828125,35701.332
2020-09-23 15:45,32758.1484375,33531.6640625,34103.40625,34259.92578125,34329.98828125,34492.52734375,34519.15234375,34766.7578125,34930.90625,35148.25390625,35644.94921875,34090.664
2020-09-23 16:00,31242.3984375,31901.625,32489.91015625,32518.640625,32606.859375,32740.80859375,32783.6328125,33064.62890625,33213.54296875,33416.08203125,33872.859375,32415.598
2020-09-23 16:15,29319.25390625,29867.265625,30526.18359375,30526.18359375,30579.234375,30724.28125,30804.9375,31153.34765625,31294.28125,31538.4375,31967.18359375,30621.664
2020-09-23 16:30,27488.73046875,27853.0625,28477.4296875,28477.4296875,28477.4296875,28630.265625,28689.96484375,29091.26171875,29170.96875,29484.79296875,29909.75,28521.934
2020-09-23 16:45,25531.123046875,25747.869140625,26280.92578125,26280.92578125,26280.92578125,26401.54296875,26439.359375,26859.94921875,26882.56640625,27258.08203125,27692.53515625,26517.133
2020-09-23 17:00,23657.48046875,23828.701171875,24216.1640625,24216.1640625,24216.1640625,24292.01953125,24292.01953125,24660.92578125,24660.92578125,24974.60546875,25432.671875,24161.133
2020-09-23 17:15,21203.734375,21385.861328125,21702.80078125,21709.984375,21759.91015625,21862.919921875,21913.75,22196.189453125,22229.05859375,22559.0859375,23059.796875,21506.332
2020-09-23 17:30,18425.39453125,18653.03515625,18882.81640625,19009.427734375,19027.1015625,19143.0859375,19222.28125,19391.1015625,19492.041015625,19837.138671875,20387.8203125,18458.398
2020-09-23 17:45,15274.66015625,15549.962890625,15725.052734375,15869.51953125,15869.51953125,16017.82421875,16105.4609375,16202.337890625,16345.6142578125,16717.203125,17262.423828125,15398.865
2020-09-23 18:00,11927.2421875,12262.8212890625,12454.033203125,12517.7138671875,12553.3720703125,12743.8720703125,12805.3896484375,12911.314453125,13057.7646484375,13419.607421875,13885.8955078125,12298.998
2020-09-23 18:15,8800.0869140625,9093.3466796875,9276.3779296875,9284.0517578125,9392.5439453125,9550.4013671875,9606.150390625,9688.736328125,9842.9931640625,10183.2802734375,10553.6328125,9168.8
2020-09-23 18:30,5680.5029296875,5824.3330078125,5992.1328125,6066.962890625,6198.67919921875,6306.16796875,6396.35546875,6456.96240234375,6647.63916015625,6992.3544921875,7273.3291015625,6248.3325
2020-09-23 18:45,3342.658203125,3378.8447265625,3507.95849609375,3639.90966796875,3718.74365234375,3813.90869140625,3885.02685546875,3933.33056640625,4131.220703125,4423.201171875,4577.470703125,3726.7993
2020-09-23 19:00,1520.900390625,1551.60595703125,1672.375,1834.53955078125,1868.23193359375,1979.24853515625,2027.35009765625,2074.93994140625,2284.99755859375,2502.724609375,2560.24169921875,1783.0664
2020-09-23 19:15,299.646484375,340.416015625,451.314453125,623.28125,623.28125,724.2431640625,755.2275390625,807.0859375,1023.95703125,1180.8310546875,1180.8310546875,456.0
2020-09-24 07:45,0.0,0.0,38.14453125,133.50390625,180.5517578125,234.541015625,275.439453125,310.25,525.603515625,675.1416015625,675.1416015625,521.999
2020-09-24 08:00,650.0673828125,702.4755859375,853.103515625,1010.1005859375,1141.69140625,1262.48046875,1355.0615234375,1412.94140625,1681.66015625,1873.7626953125,1873.7626953125,918.1992
2020-09-24 08:15,887.494140625,1020.2421875,1176.1103515625,1325.8359375,1461.294921875,1584.39794921875,1684.55029296875,1770.27392578125,2056.38623046875,2337.78759765625,2343.8671875,2120.732
2020-09-24 08:30,2285.052734375,2652.10302734375,2856.67431640625,3074.61572265625,3269.87939453125,3386.17431640625,3562.61474609375,3634.1337890625,3971.9052734375,4335.306640625,4439.3310546875,6490.1323
2020-09-24 08:45,6572.4755859375,7457.4501953125,8373.4609375,9436.7138671875,9845.13671875,10529.3369140625,10800.11328125,11114.5380859375,11577.4482421875,12085.3203125,12430.0625,8401.867
2020-09-24 09:00,7557.3916015625,8409.59375,9711.0361328125,10133.82421875,10476.8837890625,10966.8212890625,11239.0087890625,11589.9248046875,11965.498046875,12679.2197265625,12907.72265625,8568.866
2020-09-24 09:15,6176.25048828125,6970.73046875,8823.55859375,9344.3212890625,10068.0693359375,10891.677734375,11526.6787109375,12098.95703125,12877.16796875,13888.802734375,14284.572265625,15063.133
2020-09-24 09:30,12620.6494140625,13865.91015625,15779.80078125,16983.7265625,17984.9609375,18676.505859375,19323.490234375,19910.01171875,20662.88671875,21627.939453125,22336.6640625,13583.532
2020-09-24 09:45,8725.1513671875,9800.263671875,12483.66796875,13553.107421875,14640.52734375,16000.5244140625,16893.130859375,18129.36328125,19314.40234375,20766.3359375,21574.810546875,15429.865
2020-09-24 10:00,13526.6923828125,14504.498046875,16283.0380859375,16844.9296875,17770.21875,18752.76171875,19617.125,20453.890625,21582.1171875,22986.3984375,23999.81640625,21939.467
2020-09-24 10:15,16369.5498046875,18007.34375,20257.83203125,21861.57421875,22839.46875,23878.4375,24421.296875,25424.5390625,26405.40625,27648.1328125,28708.609375,22773.932
2020-09-24 10:30,17750.044921875,19531.453125,21962.6640625,23078.6796875,23919.193359375,24582.5,25229.71875,26031.404296875,26923.6875,28338.08984375,29236.20703125,25495.066
2020-09-24 10:45,20994.9296875,22922.380859375,24878.9296875,25766.74609375,26468.671875,27000.33984375,27525.42578125,27996.8671875,28550.57421875,29702.02734375,30786.53125,14321.6
2020-09-24 11:00,9272.86328125,11060.6748046875,13925.8876953125,15179.45703125,16721.36328125,18993.8046875,20768.83984375,23379.92578125,25870.3125,28729.828125,30757.953125,16197.131
2020-09-24 11:15,14378.9365234375,15633.677734375,17469.365234375,18948.734375,20100.296875,21963.9296875,23284.203125,25111.744140625,27224.9296875,30325.97265625,32603.60546875,26274.598
2020-09-24 11:30,17464.703125,19172.4921875,21496.96875,23047.890625,24716.703125,26584.359375,27488.7109375,28605.4921875,30453.6015625,32458.91015625,33861.75390625,24827.133
2020-09-24 11:45,16021.728515625,18497.513671875,21587.787109375,23399.44140625,24773.728515625,26527.83203125,27813.56640625,29232.80078125,31426.58984375,34524.078125,36786.45703125,28720.465
2020-09-24 12:00,19457.23828125,22353.76171875,24792.369140625,26129.8125,27294.38671875,28733.2890625,29967.6875,30821.37109375,32447.8359375,34900.79296875,36953.39453125,37542.797
2020-09-24 12:15,24972.90625,28392.96875,32068.03125,33713.203125,35579.35546875,36807.20703125,37829.19140625,38238.87109375,39281.21875,40513.28515625,41545.63671875,37061.332
2020-09-24 12:30,25596.23828125,29520.76171875,33261.1640625,35374.48046875,36490.625,37445.80859375,38247.859375,39057.46484375,40029.63671875,41643.89453125,42821.47265625,34830.863
2020-09-24 12:45,22378.08203125,25918.17578125,30110.0078125,32045.09375,33095.9921875,34318.078125,35161.26953125,36831.8515625,38082.76171875,39807.16796875,41473.54296875,36397.266
2020-09-24 13:00,27125.5,30499.22265625,33753.15625,35213.8828125,35980.31640625,36858.91015625,37480.23046875,38330.57421875,39064.9453125,40299.44921875,41672.5078125,26620.668
2020-09-24 13:15,13254.8515625,16820.9765625,20976.44140625,22973.17578125,25111.240234375,27146.79296875,29169.9140625,31726.65234375,34518.84765625,37671.16015625,39881.2265625,29744.598
2020-09-24 13:30,21433.4609375,23581.091796875,26888.0234375,28742.61328125,30154.82421875,31972.90234375,33322.29296875,34593.16796875,36480.63671875,39075.91015625,40707.125,24838.934
2020-09-24 13:45,15584.3828125,17603.388671875,20492.61328125,22420.1953125,23777.552734375,25934.14453125,27094.94140625,29059.671875,31667.14453125,35548.20703125,37925.046875,22362.467
2020-09-24 14:00,18154.095703125,19922.7421875,22029.361328125,23411.9140625,24217.626953125,25893.751953125,26702.29296875,28559.94140625,30639.16015625,34712.13671875,37192.4453125,14125.0
2020-09-24 14:15,11982.1318359375,13112.23046875,14839.251953125,15870.234375,17199.171875,18547.859375,19835.92578125,21811.6640625,24162.927734375,28836.8671875,31583.890625,17714.934
2020-09-24 14:30,16617.87890625,17783.478515625,20089.98828125,21570.69140625,22946.05859375,24361.79296875,25843.4296875,27428.1484375,29320.30078125,32569.9765625,34631.078125,23085.133
2020-09-24 14:45,17460.921875,18904.87109375,20785.65234375,22203.53125,23644.998046875,25320.75,26581.21875,27694.94921875,29548.65234375,32571.78515625,34786.0703125,35226.266
2020-09-24 15:00,21794.796875,24316.080078125,27129.46484375,28638.20703125,30697.0,32294.66796875,33750.6953125,34619.6015625,35949.51953125,37872.60546875,39384.73046875,36772.4
2020-09-24 15:15,23041.3671875,26971.89453125,30301.1796875,31776.26953125,33121.890625,34151.05078125,35312.75390625,35968.32421875,36850.296875,38576.39453125,39804.5078125,35370.53
2020-09-24 15:30,23298.705078125,27168.51953125,30563.44140625,31759.34765625,32658.60546875,33217.84765625,34017.61328125,34664.84765625,35173.79296875,36415.64453125,37525.89453125,34154.6
2020-09-24 15:45,23761.609375,27191.4921875,30212.6953125,31052.96484375,31768.98046875,32132.7109375,32758.8359375,33347.63671875,33859.58203125,34818.94140625,35763.20703125,32901.867
2020-09-24 16:00,24039.3046875,27143.23828125,29731.81640625,30398.359375,30996.18359375,31328.796875,31807.2890625,32301.5546875,32774.4375,33579.7890625,34345.66015625,31237.066
2020-09-24 16:15,23079.298828125,25695.0546875,27996.296875,28497.34765625,29084.15234375,29432.25390625,29831.828125,30348.94921875,30851.6796875,31665.85546875,32318.55078125,29627.797
2020-09-24 16:30,22528.015625,24560.09375,26437.546875,26814.30859375,27358.73828125,27691.65234375,27953.8359375,28419.30078125,28822.3828125,29616.8828125,30262.9140625,27511.863
2020-09-24 16:45,21402.28125,22899.71484375,24458.947265625,24734.61328125,25258.451171875,25525.818359375,25692.51171875,26115.9765625,26485.92578125,27300.43359375,27923.703125,25469.066
2020-09-24 17:00,20452.765625,21617.767578125,22805.884765625,23018.94140625,23429.67578125,23587.083984375,23650.203125,23996.91015625,24272.1640625,25006.595703125,25640.17578125,23249.865
2020-09-24 17:15,18865.396484375,19760.90625,20668.36328125,20877.962890625,21193.9375,21308.908203125,21362.08984375,21624.892578125,21903.9609375,22545.666015625,23201.53125,20398.066
2020-09-24 17:30,16427.1328125,17118.10546875,17790.44140625,18077.8828125,18275.060546875,18441.5,18534.34765625,18728.18359375,19075.03515625,19687.94140625,20396.21484375,17716.799
2020-09-24 17:45,14125.18359375,14713.03515625,15170.576171875,15361.9873046875,15459.654296875,15640.0419921875,15709.986328125,15845.458984375,16128.5537109375,16673.47265625,17340.75,14660.066
2020-09-24 18:00,11291.0966796875,11770.193359375,12132.2685546875,12224.75,12307.5859375,12529.958984375,12598.1767578125,12741.27734375,12979.4619140625,13460.9794921875,14049.244140625,11511.333
2020-09-24 18:15,8087.9814453125,8423.53125,8715.419921875,8805.80859375,8923.3486328125,9130.27734375,9219.16796875,9363.0576171875,9599.947265625,10060.1396484375,10553.9521484375,8575.533
2020-09-24 18:30,5335.80419921875,5479.02587890625,5684.294921875,5814.3583984375,5929.48486328125,6066.9638671875,6163.0556640625,6271.083984375,6495.4716796875,6932.60498046875,7296.52392578125,5766.4663
2020-09-24 18:45,3108.37548828125,3136.546875,3285.4111328125,3456.14404296875,3515.49462890625,3637.1259765625,3706.4228515625,3785.29248046875,4005.533203125,4355.9580078125,4565.93115234375,3295.7993
2020-09-24 19:00,1360.181640625,1377.919921875,1506.81298828125,1692.21728515625,1710.4892578125,1838.46728515625,1879.49462890625,1942.10986328125,2164.10498046875,2409.8974609375,2505.12548828125,1464.7998
2020-09-24 19:15,198.61328125,225.8095703125,338.056640625,521.955078125,521.955078125,615.853515625,637.82421875,695.251953125,918.466796875,1084.306640625,1101.2236328125,299.4668
2020-09-25 08:00,318.5341796875,324.134765625,463.1259765625,588.0927734375,673.4375,745.6494140625,780.189453125,811.3037109375,1043.056640625,1203.4765625,1203.4765625,1163.0664
2020-09-25 08:15,1315.7705078125,1418.3544921875,1553.45166015625,1710.26513671875,1862.40380859375,1966.2138671875,2070.1748046875,2111.0341796875,2391.56103515625,2631.06103515625,2631.06103515625,2667.9326
2020-09-25 08:30,3104.4912109375,3475.11572265625,3674.07958984375,3906.640625,4096.7373046875,4235.5810546875,4414.32568359375,4449.00732421875,4777.7939453125,5140.15380859375,5222.044921875,4500.7324
2020-09-25 08:45,5204.3427734375,5827.72265625,6164.9580078125,6475.9541015625,6625.85546875,6843.39990234375,6993.0908203125,7062.017578125,7360.48974609375,7816.42724609375,8091.35888671875,7337.5327
2020-09-25 09:00,8230.205078125,9046.0888671875,9655.4541015625,10032.87109375,10225.419921875,10490.5263671875,10622.6337890625,10776.8203125,11055.044921875,11553.9091796875,11892.111328125,10133.666
2020-09-25 09:15,10919.3896484375,11641.4287109375,12414.490234375,12581.0625,12866.384765625,13000.1220703125,13165.232421875,13346.2939453125,13572.7734375,14192.833984375,14491.638671875,12850.398
2020-09-25 09:30,13766.88671875,14316.4501953125,15044.271484375,15139.78125,15473.490234375,15627.91796875,15783.26171875,15983.951171875,16195.634765625,16838.587890625,17161.501953125,15854.6
2020-09-25 09:45,17240.462890625,17731.76171875,18303.310546875,18442.42578125,18705.08203125,18878.6875,18915.5859375,19140.3046875,19306.2890625,19847.93359375,20203.125,18470.934
2020-09-25 10:00,20017.73046875,20530.64453125,21101.150390625,21283.0625,21485.4140625,21654.125,21654.125,21900.07421875,22067.994140625,22561.91796875,22930.427734375,21262.4
2020-09-25 10:15,22733.232421875,23267.3828125,23819.40234375,23972.68359375,24133.068359375,24241.14453125,24241.14453125,24456.05078125,24615.716796875,25080.328125,25457.98828125,23541.266
2020-09-25 10:30,24359.84765625,24941.09375,25539.4453125,25698.6953125,25869.3359375,25991.419921875,26048.6953125,26268.84375,26479.92578125,26974.7421875,27368.96875,25722.133
2020-09-25 10:45,26680.1796875,27250.1171875,27725.515625,27818.9296875,27935.02734375,28019.35546875,28026.578125,28191.36328125,28365.48046875,28806.171875,29190.5078125,27759.133
2020-09-25 11:00,28700.6484375,29285.85546875,29720.79296875,29796.71875,29888.04296875,29977.75,29977.75,30100.8046875,30263.23828125,30650.5625,31010.140625,29680.8
2020-09-25 11:15,30425.70703125,31010.5,31419.6171875,31498.1640625,31581.4296875,31674.71484375,31674.92578125,31804.03515625,31971.53125,32329.17578125,32687.4453125,31354.062
2020-09-25 11:30,31680.76953125,32275.95703125,32673.8828125,32778.7109375,32882.171875,32976.65234375,32976.65234375,33125.48046875,33311.15234375,33637.80078125,34020.66796875,32756.93
2020-09-25 11:45,33189.64453125,33772.7109375,34099.4609375,34203.83203125,34292.0859375,34369.16015625,34369.16015625,34470.2734375,34637.13671875,34910.4921875,35293.4453125,33848.133
2020-09-25 12:00,34052.19140625,34684.76953125,35039.22265625,35191.30859375,35271.5078125,35385.9140625,35385.9140625,35548.96875,35722.8203125,35991.4140625,36400.62890625,28450.066
2020-09-25 12:15,18246.677734375,20248.8046875,23728.166015625,25241.3984375,26749.828125,28082.00390625,29515.984375,31308.57421875,32911.734375,34378.71484375,35727.75390625,26047.867
2020-09-25 12:30,21353.599609375,22206.00390625,23585.35546875,24372.134765625,24880.37109375,25458.32421875,26169.4375,27193.21484375,28396.76171875,31018.0703125,32915.33203125,25272.598
2020-09-25 12:45,22511.322265625,23265.78125,24099.609375,24591.89453125,24704.90625,25013.44921875,25098.23046875,25605.84765625,26370.87109375,28394.25,30187.63671875,24624.934
2020-09-25 13:00,23299.0703125,23707.40625,24302.9453125,24485.98046875,24528.5390625,24579.76953125,24579.76953125,24717.75,25115.55859375,26581.8515625,28001.9296875,24979.8
2020-09-25 13:15,24149.19921875,24623.62890625,25305.203125,25520.708984375,25584.77734375,25664.728515625,25664.728515625,25837.5703125,26032.751953125,27025.5703125,28101.21875,24874.8
2020-09-25 13:30,24234.0625,24463.4609375,25063.43359375,25119.78125,25250.81640625,25250.81640625,25250.81640625,25332.04296875,25478.6015625,26124.453125,26986.7109375,24052.73
2020-09-25 13:45,22924.3828125,23173.5703125,23722.130859375,23853.10546875,23953.671875,23953.671875,23953.671875,24070.63671875,24265.5546875,24597.25,25268.296875,22924.197
2020-09-25 14:00,21997.919921875,22316.515625,22815.466796875,22972.54296875,23022.17578125,23069.9453125,23069.9453125,23186.623046875,23350.630859375,23522.26953125,24062.33984375,22932.535
2020-09-25 14:15,22181.9375,22539.3984375,23000.380859375,23138.62109375,23138.62109375,23254.46875,23254.46875,23323.373046875,23434.353515625,23533.3671875,24057.787109375,22941.197
2020-09-25 14:30,22323.541015625,22610.62890625,23038.21484375,23143.21484375,23156.7421875,23261.81640625,23261.81640625,23302.01953125,23414.609375,23501.3125,24089.11328125,23425.6
2020-09-25 14:45,22627.95703125,22939.82421875,23351.5859375,23529.2734375,23529.2734375,23647.73828125,23647.73828125,23681.01171875,23852.791015625,23970.80859375,24602.8203125,26711.133
2020-09-25 15:00,24014.17578125,24852.88671875,25861.982421875,26889.203125,27049.34375,27663.19921875,27721.28515625,28199.046875,28776.9296875,29278.5703125,30290.640625,33669.336
2020-09-25 15:15,27871.890625,29289.1875,31829.203125,33295.2734375,34193.65234375,35143.81640625,35830.765625,36681.2421875,37653.59765625,38573.6640625,39698.9921875,30919.133
2020-09-25 15:30,21752.166015625,23515.734375,26917.03125,28440.265625,29267.45703125,30279.8359375,31207.25,32363.9140625,33508.91796875,35086.15625,36228.08203125,30733.8
2020-09-25 15:45,24247.29296875,26017.3046875,28380.59765625,29258.9453125,29705.09765625,30410.49609375,31076.234375,32004.1640625,32731.9609375,34035.86328125,35285.29296875,30050.93
2020-09-25 16:00,24630.91015625,26204.78515625,28020.90234375,28414.4140625,28865.91796875,29350.53515625,29818.9765625,30450.4140625,30978.1796875,32059.546875,33088.3828125,28313.664
2020-09-25 16:15,23834.1015625,24933.39453125,26282.8828125,26397.3984375,26811.19140625,27171.171875,27505.8203125,28132.39453125,28595.171875,29592.609375,30516.6015625,26475.531
2020-09-25 16:30,22805.26171875,23554.654296875,24489.26171875,24525.12109375,24839.35546875,25105.125,25287.87109375,25842.3046875,26195.78515625,27095.24609375,27967.16796875,25031.334
2020-09-25 16:45,20931.521484375,21576.0625,22321.8515625,22538.9296875,22817.09375,23066.544921875,23165.83203125,23608.912109375,23893.4765625,24639.759765625,25518.984375,23713.2
2020-09-25 17:00,19896.21875,20625.1640625,21276.7109375,21596.65234375,21816.857421875,22003.458984375,22004.69921875,22424.056640625,22646.412109375,23273.306640625,24119.375,21466.2
2020-09-25 17:15,18052.951171875,18608.6640625,19150.98828125,19436.734375,19619.955078125,19772.318359375,19855.9609375,20180.11328125,20448.5546875,21009.34765625,21805.06640625,18792.664
2020-09-25 17:30,15567.76171875,16078.3798828125,16441.037109375,16742.025390625,16840.0234375,17001.52734375,17116.216796875,17345.677734375,17650.134765625,18185.84375,18931.9140625,15310.865
2020-09-25 17:45,11797.2841796875,12268.109375,12590.841796875,12910.51171875,12997.9755859375,13231.96875,13402.9697265625,13570.41796875,13946.9248046875,14528.1201171875,15264.61328125,12672.332
2020-09-25 18:00,9182.857421875,9630.5263671875,9936.970703125,10090.2470703125,10264.4541015625,10413.2158203125,10556.244140625,10679.4560546875,10933.8232421875,11483.82421875,12137.130859375,10075.133
2020-09-25 18:15,6759.39599609375,7033.765625,7305.0703125,7388.2919921875,7603.365234375,7698.93212890625,7848.6630859375,7918.23681640625,8151.2353515625,8638.0078125,9159.365234375,7387.7324
2020-09-25 18:30,4403.015625,4511.640625,4715.11767578125,4847.4970703125,4988.8916015625,5087.88232421875,5202.48828125,5266.16162109375,5503.2705078125,5935.2919921875,6286.080078125,4870.7324
2020-09-25 18:45,2498.46435546875,2533.7890625,2695.20751953125,2859.5205078125,2922.13330078125,3039.8662109375,3103.427734375,3163.20751953125,3396.07666015625,3730.13037109375,3925.13427734375,2469.1328
2020-09-25 19:00,959.98046875,989.787109375,1135.6240234375,1308.8349609375,1324.7578125,1453.5810546875,1478.22412109375,1530.45703125,1758.43505859375,1989.68994140625,2089.5869140625,940.3994
2020-09-25 19:15,28.1689453125,65.23828125,187.0322265625,353.7919921875,353.7919921875,434.734375,445.9443359375,487.7353515625,708.3857421875,857.8740234375,876.677734375,137.33301
2020-09-26 07:45,0.0,0.0,65.9150390625,165.9248046875,212.0419921875,274.333984375,314.5458984375,348.8056640625,567.7734375,710.1953125,710.1953125,340.3994
2020-09-26 08:00,431.9873046875,466.90625,609.3779296875,741.6201171875,839.92578125,942.783203125,1001.9384765625,1051.5966796875,1300.6826171875,1469.607421875,1469.607421875,1448.2666
2020-09-26 08:15,1618.4189453125,1787.365234375,1941.376953125,2109.087890625,2280.31494140625,2405.087890625,2551.46142578125,2600.1923828125,2908.748046875,3161.99609375,3161.99609375,3156.9995
2020-09-26 08:30,3490.826171875,3950.873046875,4194.65869140625,4442.7265625,4630.1220703125,4775.27734375,4971.44287109375,5004.14697265625,5331.14453125,5705.8408203125,5814.10400390625,5350.7324
2020-09-26 08:45,6042.7314453125,6749.3623046875,7191.92578125,7516.7578125,7671.779296875,7915.9111328125,8046.82177734375,8115.50830078125,8382.19921875,8808.017578125,9056.7099609375,8292.533
2020-09-26 09:00,9187.00390625,9989.529296875,10684.99609375,10933.7138671875,11138.19140625,11343.744140625,11444.6611328125,11574.66796875,11771.080078125,12219.7568359375,12431.8466796875,11447.533
2020-09-26 09:15,12597.7783203125,13271.6279296875,14070.236328125,14136.4990234375,14416.6083984375,14476.6513671875,14563.974609375,14690.4384765625,14808.0625,15286.615234375,15402.6904296875,14722.066
2020-09-26 09:30,16190.119140625,16684.904296875,17343.77734375,17405.283203125,17651.90234375,17760.224609375,17771.646484375,17918.98828125,17989.693359375,18380.8359375,18485.630859375,18007.334
2020-09-26 09:45,19890.787109375,20293.923828125,20771.98828125,20888.0703125,21033.03515625,21162.720703125,21162.720703125,21237.265625,21279.673828125,21555.9140625,21676.0,21279.4
2020-09-26 10:00,23324.625,23736.755859375,24181.4921875,24342.4375,24427.09375,24536.5625,24536.5625,24577.345703125,24623.84765625,24847.2109375,24981.83203125,24360.932
2020-09-26 10:15,26065.25,26547.859375,27000.9375,27162.94921875,27237.29296875,27353.0703125,27353.0703125,27446.03515625,27512.890625,27761.38671875,27929.5625,27249.133
2020-09-26 10:30,28445.69140625,28970.59765625,29389.76953125,29547.6640625,29624.24609375,29756.0,29756.0,29871.73828125,29960.859375,30212.125,30414.95703125,29842.266
2020-09-26 10:45,30941.2109375,31456.11328125,31806.203125,31932.59375,31986.0,32121.80859375,32121.80859375,32204.87890625,32280.88671875,32492.01171875,32705.3046875,32171.129
2020-09-26 11:00,33018.80859375,33558.01953125,33896.71484375,34026.078125,34062.98828125,34238.63671875,34238.63671875,34353.1328125,34415.44921875,34614.9140625,34868.87109375,34327.2
2020-09-26 11:15,34670.41015625,35257.2890625,35605.23828125,35781.6796875,35818.93359375,36033.90625,36033.90625,36186.03125,36254.65625,36457.08203125,36781.859375,30158.2
2020-09-26 11:30,19929.05078125,21827.59375,25365.75,26841.22265625,28310.734375,29608.328125,31025.96875,32794.390625,34253.05859375,35537.6171875,36637.52734375,26905.664
2020-09-26 11:45,20164.66796875,21113.66015625,23034.44921875,24121.400390625,24865.44140625,25676.6953125,26671.90625,27891.6875,29284.25,31737.37109375,33418.26171875,26911.531
2020-09-26 12:00,23354.296875,24408.66796875,25716.140625,26384.91015625,26604.94921875,27085.7109375,27483.0859375,28060.46484375,29041.2421875,30945.62109375,32385.3359375,28471.465
2020-09-26 12:15,25570.396484375,26792.3515625,28044.34765625,28738.18359375,28919.55078125,29301.984375,29513.26171875,29903.40625,30671.6640625,32226.69921875,33478.2578125,31983.73
2020-09-26 12:30,28806.265625,30601.87890625,32383.51171875,33681.66796875,34198.71484375,34793.6015625,35190.546875,35870.70703125,36687.578125,38246.72265625,39478.91796875,32505.664
2020-09-26 12:45,29861.609375,31278.55859375,32993.72265625,33836.04296875,34080.33203125,34435.60546875,34806.484375,35457.0234375,36022.8203125,37408.32421875,38345.4921875,33734.4
2020-09-26 13:00,32188.28125,33593.76171875,34760.5,35363.19921875,35472.9453125,35690.01171875,35878.05078125,36420.3515625,36839.30078125,37909.25390625,38780.82421875,34571.266
2020-09-26 13:15,32624.87109375,33865.00390625,34908.953125,35373.05078125,35492.85546875,35643.59765625,35870.8515625,36320.4296875,36685.3203125,37607.578125,38364.13671875,34756.797
2020-09-26 13:30,32757.7421875,33886.70703125,34780.62890625,35168.76171875,35241.01171875,35358.70703125,35523.5703125,35960.3671875,36309.67578125,37122.4453125,37855.19140625,34781.863
2020-09-26 13:45,32025.57421875,33154.3203125,34035.125,34471.73828125,34513.60546875,34619.58984375,34718.859375,35200.15625,35573.25390625,36328.00390625,37057.515625,34720.6
2020-09-26 14:00,32940.23828125,34053.2109375,34820.7890625,35318.2109375,35376.92578125,35481.77734375,35586.3515625,35937.24609375,36270.5625,37028.83984375,37768.87109375,34123.137
2020-09-26 14:15,31256.8125,32281.47265625,33319.83984375,33801.734375,33948.4375,34111.8125,34396.4921875,34820.96875,35221.81640625,36021.23046875,36732.421875,33774.863
2020-09-26 14:30,31589.33984375,32486.6171875,33284.28515625,33594.27734375,33598.90625,33669.24609375,33806.6328125,34175.1171875,34510.59375,35238.6484375,35947.80859375,33898.266
2020-09-26 14:45,31810.296875,32674.3515625,33345.70703125,33723.76171875,33723.76171875,33774.0625,33846.1328125,34146.890625,34465.66796875,35149.9765625,35831.80078125,33857.2
2020-09-26 15:00,32014.6328125,32790.6953125,33440.21875,33792.01171875,33792.01171875,33817.89453125,33901.25390625,34180.12890625,34438.25390625,35066.73828125,35647.47265625,34456.53
2020-09-26 15:15,32470.1015625,33225.70703125,33919.94140625,34279.9375,34303.5625,34404.98046875,34485.734375,34774.74609375,35010.80078125,35554.671875,36073.8125,37110.867
2020-09-26 15:30,32938.8984375,33920.86328125,35135.03515625,35818.35546875,36166.6953125,36538.390625,36663.3984375,37123.64453125,37450.12109375,38008.04296875,38573.60546875,37685.598
2020-09-26 15:45,34269.71875,35196.43359375,36088.66796875,36518.52734375,36666.48828125,36869.29296875,36912.0,37216.20703125,37304.59765625,37776.37109375,38115.07421875,35997.73
2020-09-26 16:00,32407.625,33439.62109375,34240.19921875,34668.9453125,34764.17578125,35057.65625,35113.0078125,35526.44921875,35714.15625,36099.62109375,36526.38671875,33862.465
2020-09-26 16:15,29598.01171875,30636.56640625,31634.74609375,31913.2890625,32104.79296875,32426.17578125,32581.08203125,33095.2734375,33381.83984375,33759.8359375,34230.3203125,31654.531
2020-09-26 16:30,27541.41015625,28312.21484375,29269.328125,29269.515625,29496.43359375,29757.0234375,29923.8046875,30419.015625,30646.87890625,31044.76171875,31500.4140625,29276.664
2020-09-26 16:45,25606.49609375,26116.04296875,26866.73046875,26866.73046875,26972.5625,27189.203125,27294.4375,27756.671875,27880.53125,28309.73828125,28776.5625,26660.598
2020-09-26 17:00,23335.13671875,23683.046875,24253.296875,24253.296875,24342.7734375,24502.54296875,24588.43359375,25008.57421875,25081.720703125,25527.29296875,26028.34765625,23769.602
2020-09-26 17:15,20330.734375,20620.1015625,21062.06640625,21192.6640625,21320.2890625,21471.87109375,21607.2421875,21949.79296875,22101.689453125,22582.609375,23194.828125,20670.066
2020-09-26 17:30,17204.349609375,17497.701171875,17758.560546875,18024.140625,18101.44921875,18248.962890625,18381.3125,18591.052734375,18818.48828125,19327.4375,20015.841796875,17615.398
2020-09-26 17:45,14205.29296875,14553.63671875,14710.5478515625,14916.419921875,14962.603515625,15095.53515625,15174.384765625,15277.4296875,15497.93359375,15987.578125,16624.96484375,14472.398
2020-09-26 18:00,10918.990234375,11339.865234375,11552.8046875,11667.8369140625,11778.23828125,11954.580078125,12009.3466796875,12108.3984375,12314.904296875,12772.044921875,13341.93359375,11210.333
2020-09-26 18:15,7664.82373046875,8021.783203125,8254.5966796875,8324.5068359375,8501.4541015625,8648.4716796875,8718.443359375,8795.21875,9008.8818359375,9424.4287109375,9888.8583984375,8303.2
2020-09-26 18:30,5008.02587890625,5180.5498046875,5373.56689453125,5466.39111328125,5632.900390625,5730.58056640625,5804.78955078125,5851.12109375,6060.595703125,6441.1806640625,6753.90625,5633.799
2020-09-26 18:45,2961.74609375,3014.60546875,3168.302734375,3296.6533203125,3391.3828125,3494.56787109375,3542.9296875,3577.90869140625,3787.65283203125,4091.52392578125,4250.26513671875,3173.1328
2020-09-26 19:00,1213.529296875,1261.0263671875,1410.70703125,1568.81591796875,1611.744140625,1730.63818359375,1760.1484375,1798.45556640625,2017.4833984375,2241.14013671875,2311.630859375,1207.4668
2020-09-26 19:15,65.609375,118.916015625,252.0771484375,420.525390625,421.978515625,530.1787109375,544.0283203125,585.3955078125,806.076171875,957.4892578125,968.1982421875,182.59961
2020-09-27 08:00,320.69921875,340.6162109375,474.3408203125,602.287109375,686.4560546875,784.8330078125,824.3818359375,882.15234375,1114.06640625,1269.443359375,1269.443359375,1222.5322
2020-09-27 08:15,1389.2421875,1524.79150390625,1657.63037109375,1818.5390625,1967.52783203125,2088.7138671875,2210.9326171875,2265.85302734375,2556.03759765625,2783.7412109375,2783.7412109375,3054.9995
2020-09-27 08:30,3529.955078125,3970.97216796875,4187.40625,4444.9541015625,4632.89453125,4779.10986328125,4984.33984375,5009.2412109375,5333.8076171875,5686.77587890625,5758.34228515625,5662.6665
2020-09-27 08:45,6524.111328125,7248.1201171875,7720.42822265625,8122.57470703125,8273.01171875,8562.8076171875,8681.1884765625,8760.046875,9013.9580078125,9423.455078125,9637.2509765625,8797.4
2020-09-27 09:00,9790.52734375,10574.412109375,11310.4267578125,11543.1484375,11736.8046875,11936.7138671875,12004.734375,12144.10546875,12299.4033203125,12739.56640625,12881.755859375,11971.266
2020-09-27 09:15,13255.9267578125,13883.9755859375,14700.6630859375,14744.9873046875,15015.5966796875,15090.63671875,15153.931640625,15284.4765625,15368.419921875,15819.8984375,15870.708984375,15202.0
2020-09-27 09:30,16764.298828125,17219.318359375,17856.1640625,17930.7421875,18172.71484375,18326.994140625,18338.021484375,18497.685546875,18563.7109375,18929.80078125,19012.17578125,18595.066
2020-09-27 09:45,20688.9921875,21046.0078125,21478.009765625,21599.9921875,21743.23828125,21875.392578125,21875.392578125,21935.345703125,21967.419921875,22218.375,22323.5703125,21734.865
2020-09-27 10:00,23896.755859375,24277.75390625,24699.953125,24848.7578125,24936.095703125,25045.88671875,25045.88671875,25096.283203125,25136.44140625,25351.83984375,25463.1953125,24916.332
2020-09-27 10:15,26723.33203125,27177.52734375,27597.2421875,27739.17578125,27813.0078125,27925.78125,27925.78125,28013.73046875,28060.66015625,28290.0078125,28444.12890625,27768.332
2020-09-27 10:30,28933.359375,29464.8828125,29879.59375,30046.27734375,30122.51171875,30269.37890625,30269.37890625,30411.2890625,30489.0390625,30732.84765625,30931.2578125,30245.867
2020-09-27 10:45,31297.421875,31823.26953125,32174.67578125,32315.125,32362.67578125,32513.95703125,32513.95703125,32634.37890625,32698.76953125,32909.21875,33124.7265625,31164.996
2020-09-27 11:00,30021.1640625,30912.07421875,31757.0078125,32260.6015625,32528.05859375,32902.99609375,33082.08984375,33515.35546875,33847.50390625,34272.47265625,34708.41015625,32399.465
2020-09-27 11:15,32988.8046875,33642.51953125,34167.12890625,34315.79296875,34392.90234375,34563.5859375,34616.93359375,34875.44140625,35033.19921875,35373.8984375,35742.36328125,33861.8
2020-09-27 11:30,32975.36328125,33773.109375,34405.85546875,34719.0859375,34877.8359375,35111.30078125,35192.78515625,35526.9140625,35778.75,36136.2109375,36610.68359375,33294.465
2020-09-27 11:45,31669.15234375,32615.0390625,33536.92578125,33981.9921875,34216.34375,34533.6640625,34731.48828125,35214.5703125,35625.41015625,36096.234375,36693.13671875,35495.4
2020-09-27 12:00,33951.84375,34897.76171875,35778.41796875,36283.13671875,36549.1796875,36880.07421875,36932.87109375,37253.76171875,37552.484375,37978.83984375,38629.640625,37861.527
2020-09-27 12:15,35945.0546875,36845.78125,37629.03515625,38043.265625,38257.69921875,38554.203125,38554.203125,38729.1953125,38881.796875,39250.87890625,39821.55859375,41022.0
2020-09-27 12:30,37429.8515625,38415.93359375,39507.296875,40153.56640625,40422.296875,40934.625,40934.625,41222.46484375,41420.65234375,41803.9453125,42471.6875,39619.93
2020-09-27 12:45,35691.265625,37072.77734375,38292.69140625,39536.10546875,39757.29296875,40402.48046875,40666.6796875,41312.2265625,41716.4921875,42395.16015625,43179.86328125,39550.26
2020-09-27 13:00,38445.51171875,39471.609375,40074.73828125,40557.03515625,40557.03515625,40867.05078125,40931.07421875,41345.8125,41427.83984375,41756.9453125,42404.875,38919.133
2020-09-27 13:15,33808.51171875,35322.046875,36661.17578125,37718.39453125,38045.2109375,38738.44921875,39067.1640625,39823.03125,40376.88671875,40917.44140625,41855.859375,39298.793
2020-09-27 13:30,36501.51171875,37688.13671875,38565.7578125,39130.94140625,39209.03515625,39627.046875,39743.5625,40130.8046875,40334.0390625,40771.6171875,41565.53515625,39259.266
2020-09-27 13:45,36236.80859375,37471.23046875,38226.39453125,38829.33203125,38867.39453125,39246.234375,39315.1328125,39643.484375,39813.75,40228.45703125,40908.76171875,43286.6
2020-09-27 14:00,36555.859375,37829.41796875,39529.92578125,40531.734375,41066.91015625,41817.80859375,41862.3125,42378.43359375,42770.44921875,43318.484375,44204.15625,36606.062
2020-09-27 14:15,24734.802734375,27265.4921875,31161.6171875,33020.83203125,34129.1640625,35587.953125,37011.44140625,38830.8515625,40091.90625,41683.4296875,42814.37109375,38005.594
2020-09-27 14:30,30029.59765625,32021.78125,34971.98828125,36197.2890625,36841.65234375,37806.37890625,38625.07421875,39510.67578125,40115.53515625,41099.30078125,42317.8671875,35188.867
2020-09-27 14:45,24210.86328125,26725.67578125,30152.78125,31534.75,32659.65625,33834.3046875,34988.875,36349.07421875,37617.9609375,39284.74609375,40409.49609375,37364.8
2020-09-27 15:00,27700.0078125,29920.390625,32759.84375,34335.02734375,35156.73828125,36169.78515625,36916.765625,37844.1015625,38387.10546875,39411.6796875,40560.15625,34449.6
2020-09-27 15:15,23524.34375,26027.3125,29313.5859375,30743.73046875,32026.9140625,33095.35546875,34251.34765625,35515.25390625,36605.29296875,38280.08203125,39299.1796875,27091.465
2020-09-27 15:30,18917.44921875,20616.2578125,23422.38671875,24353.5625,26012.171875,27482.23046875,29077.9296875,31143.23828125,32764.5234375,35611.43359375,37444.68359375,22927.865
2020-09-27 15:45,17301.650390625,18176.419921875,19925.84375,20933.62890625,22085.841796875,23402.1484375,24506.6171875,26173.62109375,27554.0703125,30807.68359375,32870.3984375,27257.73
2020-09-27 16:00,17842.447265625,19371.685546875,21868.25390625,23428.80078125,24866.6171875,26226.28515625,27231.80078125,28438.75,29463.6953125,31399.265625,33008.0703125,29062.863
2020-09-27 16:15,17609.447265625,19678.798828125,22052.546875,23345.32421875,24843.755859375,26003.36328125,26903.33984375,28023.3515625,29126.77734375,31118.8125,32828.72265625,20809.398
2020-09-27 16:30,12045.7734375,13060.1376953125,15333.9541015625,16613.5234375,18158.36328125,19512.912109375,20936.794921875,22330.0859375,24270.90234375,27081.80859375,28986.6484375,26627.73
2020-09-27 16:45,15195.5,17053.75,19471.701171875,21742.01171875,23123.720703125,24371.59375,25386.8359375,26601.3203125,27822.44921875,29385.93359375,30744.73828125,17376.8
2020-09-27 17:00,8993.119140625,9947.3544921875,12155.3564453125,13470.015625,14856.40234375,16153.126953125,17569.80859375,18774.28125,20673.36328125,23270.6640625,24853.35546875,11612.6
2020-09-27 17:15,7169.0380859375,7643.740234375,8632.0576171875,9513.162109375,10162.2998046875,10883.83203125,11741.609375,12731.01953125,14264.2744140625,16666.921875,18406.5390625,8836.066
2020-09-27 17:30,5462.3291015625,5889.10595703125,6614.34375,7328.2685546875,7821.775390625,8118.111328125,8784.576171875,9530.7001953125,10491.6318359375,12490.0625,14062.0048828125,9348.533
2020-09-27 17:45,6082.3564453125,6573.59423828125,7465.19921875,8278.8408203125,8922.2197265625,9264.513671875,9941.3154296875,10624.5029296875,11357.384765625,13070.6748046875,14509.876953125,9015.2
2020-09-27 18:00,6496.33984375,6785.7919921875,7299.79931640625,7994.26708984375,8371.9365234375,8752.0888671875,9235.298828125,9779.8173828125,10383.2470703125,11981.0341796875,13427.650390625,8523.2
2020-09-27 18:15,5263.37646484375,5477.9453125,5849.61669921875,6333.1201171875,6586.8232421875,6830.103515625,7216.6494140625,7580.9873046875,8017.73095703125,9242.6728515625,10400.064453125,8058.7324
2020-09-27 18:30,5089.97509765625,5306.861328125,5704.83056640625,6088.3037109375,6344.02783203125,6571.2099609375,6881.7265625,7132.38427734375,7495.3388671875,8297.7265625,9062.9814453125,6677.1323
2020-09-27 18:45,3675.76904296875,3824.92822265625,4144.984375,4330.2578125,4432.935546875,4592.9033203125,4763.95068359375,4891.56298828125,5189.5078125,5696.771484375,6154.453125,2930.3994
2020-09-27 19:00,1184.08203125,1290.6484375,1576.5556640625,1772.38232421875,1808.56201171875,1970.23486328125,2037.90380859375,2189.7626953125,2449.408203125,2804.38720703125,3088.52734375,885.333
2020-09-27 19:15,29.984375,65.017578125,223.8037109375,391.912109375,391.912109375,492.943359375,509.6845703125,607.8818359375,811.4111328125,999.533203125,1110.0859375,60.466797
2020-09-28 07:45,0.0,0.0,29.1064453125,125.8525390625,164.18359375,228.0634765625,244.21484375,293.1845703125,491.9912109375,615.7109375,615.7109375,499.4668
2020-09-28 08:00,667.3447265625,691.5966796875,828.4619140625,962.1728515625,1071.333984375,1181.44140625,1238.67578125,1296.44921875,1534.919921875,1691.7138671875,1691.7138671875,1867.5991
2020-09-28 08:15,2186.62939453125,2396.89892578125,2547.32666015625,2726.2353515625,2899.24169921875,3033.51318359375,3184.42138671875,3229.40087890625,3524.82275390625,3781.703125,3781.703125,2938.1328
2020-09-28 08:30,3015.9140625,3492.31396484375,3712.513671875,3918.60791015625,4059.37890625,4187.84765625,4322.46435546875,4400.5224609375,4690.25830078125,5098.85546875,5241.11865234375,3847.4668
2020-09-28 08:45,4228.69384765625,4876.8515625,5173.98486328125,5449.30078125,5602.78564453125,5793.2197265625,5928.0029296875,6069.59716796875,6375.3662109375,6903.7177734375,7280.4072265625,5048.3325
2020-09-28 09:00,5914.095703125,6600.8798828125,6917.583984375,7225.32421875,7412.9580078125,7661.119140625,7857.62890625,8059.2890625,8404.755859375,9062.3359375,9653.263671875,8026.6655
2020-09-28 09:15,8715.287109375,9572.064453125,10052.4716796875,10487.60546875,10801.85546875,11075.16015625,11378.3388671875,11629.0,12057.3642578125,12841.255859375,13600.361328125,10133.267
2020-09-28 09:30,9995.953125,10687.474609375,11296.296875,11625.943359375,12010.71875,12269.8359375,12647.2958984375,12934.908203125,13416.30078125,14436.337890625,15293.30859375,13804.266
2020-09-28 09:45,12786.9677734375,13895.32421875,14925.029296875,15607.8984375,16144.048828125,16505.384765625,16845.49609375,17279.09375,17835.548828125,18796.51953125,19735.59375,20937.865
2020-09-28 10:00,15747.3095703125,17522.73046875,19910.3359375,21369.009765625,22292.2109375,23042.25390625,23299.814453125,24127.0703125,24961.328125,25629.609375,26393.3828125,17653.197
2020-09-28 10:15,10899.0126953125,12817.7802734375,16412.650390625,17721.5859375,19304.580078125,20629.2109375,21985.84765625,23614.435546875,25033.99609375,26874.04296875,28180.1875,17544.133
2020-09-28 10:30,13766.412109375,14883.70703125,17022.62890625,17968.46484375,19349.01171875,20547.408203125,21833.419921875,23248.6171875,24832.30078125,27594.15234375,29627.984375,16208.6
2020-09-28 10:45,12709.09765625,13520.67578125,14884.453125,15874.115234375,16970.8828125,18205.97265625,19182.58984375,20585.8046875,22161.859375,25379.8828125,27831.32421875,25094.066
2020-09-28 11:00,18703.171875,19947.4296875,22327.7265625,24258.337890625,25681.140625,27171.0390625,28222.4453125,29617.7734375,31076.89453125,32979.5,34648.890625,24349.266
2020-09-28 11:15,17743.400390625,19295.9375,21703.11328125,22850.96875,24076.203125,25446.083984375,26555.69921875,27675.44140625,29255.4296875,32064.44921875,34071.68359375,27798.465
2020-09-28 11:30,21110.44921875,23463.64453125,25557.482421875,26721.0703125,27596.953125,28627.43359375,29510.5546875,30292.52734375,31600.83203125,33843.26171875,35907.078125,25361.531
2020-09-28 11:45,17569.40625,19679.322265625,22506.9921875,23476.578125,24921.81640625,25978.59375,27176.51953125,28499.78515625,30127.05859375,33059.01953125,35310.19921875,29707.93
2020-09-28 12:00,23291.05078125,25828.658203125,28353.30078125,29824.83984375,30823.87890625,31885.30078125,32864.390625,33766.49609375,34957.5625,37034.94140625,38893.22265625,37270.266
2020-09-28 12:15,27713.046875,30789.8671875,34104.015625,35396.203125,36701.6484375,37612.44921875,38482.8984375,38871.765625,39569.4453125,40775.19140625,42054.94140625,41667.066
2020-09-28 12:30,32033.50390625,35556.625,38833.37890625,40202.01953125,41172.84375,41825.546875,42324.51171875,42778.4453125,43162.03515625,44115.27734375,45123.5,42620.797
2020-09-28 12:45,35899.58984375,38934.41015625,41296.38671875,42245.1328125,42771.30859375,43079.0390625,43285.7421875,43633.671875,43792.54296875,44455.35546875,45196.75390625,38992.27
2020-09-28 13:00,26171.15234375,29640.515625,33548.609375,35922.4453125,37022.38671875,38296.62109375,39170.41796875,40822.7578125,42028.8046875,43294.66796875,44800.8828125,39641.664
2020-09-28 13:15,32477.953125,35352.70703125,38146.45703125,39290.734375,39799.2109375,40505.609375,40908.33203125,41778.0546875,42210.9453125,43060.00390625,44409.765625,39458.53
2020-09-28 13:30,33154.2890625,35969.3984375,38131.140625,39081.7734375,39379.76953125,39918.0078125,40088.6953125,40749.6875,41079.94140625,41888.31640625,42940.3046875,42900.934
2020-09-28 13:45,34507.75,37371.1875,40012.703125,41269.83984375,42028.09765625,42663.37890625,42909.87109375,43393.40234375,43801.46875,44440.25,45421.4375,42429.996
2020-09-28 14:00,36303.6640625,38955.27734375,40976.078125,42003.58203125,42364.6484375,42724.34765625,42887.6953125,43243.3046875,43442.90625,44152.578125,44747.79296875,41870.266
2020-09-28 14:15,36779.71875,39157.38671875,40708.52734375,41517.8671875,41731.8828125,42071.328125,42119.0,42457.171875,42673.43359375,43172.49609375,43805.95703125,41380.2
2020-09-28 14:30,36294.50390625,38608.78125,39994.61328125,40807.47265625,40975.1796875,41317.578125,41367.4375,41723.77734375,41959.0859375,42419.30859375,43061.48828125,40442.2
2020-09-28 14:45,35587.09375,37835.76171875,39136.44921875,39899.6484375,40007.7890625,40326.56640625,40360.32421875,40712.81640625,40926.7421875,41345.53515625,41946.625,39521.863
2020-09-28 15:00,34454.203125,36633.3046875,37934.9453125,38675.44921875,38773.13671875,39080.03515625,39117.96484375,39459.88671875,39696.234375,40082.37109375,40661.57421875,38525.062
2020-09-28 15:15,33210.671875,35287.74609375,36604.65625,37286.7421875,37410.84765625,37682.15625,37741.74609375,38061.73828125,38333.30078125,38726.6875,39294.19921875,37164.996
2020-09-28 15:30,31879.69921875,33809.5546875,35092.66015625,35702.42578125,35865.5859375,36076.23046875,36165.90625,36461.73828125,36752.6796875,37179.0390625,37724.25,35685.53
2020-09-28 15:45,30860.18359375,32562.08984375,33710.2578125,34240.4609375,34419.82421875,34559.3046875,34630.546875,34883.05859375,35146.62890625,35554.6875,36059.70703125,33936.13
2020-09-28 16:00,29289.5234375,30751.08203125,31856.84765625,32260.94140625,32493.4140625,32589.40234375,32685.28125,32961.48828125,33223.06640625,33644.7109375,34097.4609375,32003.0
2020-09-28 16:15,27349.90234375,28523.7265625,29627.078125,29873.703125,30182.18359375,30283.16015625,30424.5703125,30778.13671875,31041.72265625,31526.62109375,31978.88671875,30035.664
2020-09-28 16:30,25682.8046875,26529.875,27500.19140625,27639.53515625,27927.890625,28041.71484375,28152.890625,28544.34765625,28743.515625,29294.05078125,29770.8046875,27769.73
2020-09-28 16:45,23800.72265625,24419.380859375,25199.1171875,25346.01171875,25557.865234375,25666.84765625,25725.935546875,26124.734375,26267.4296875,26834.02734375,27352.98046875,25326.934
2020-09-28 17:00,21690.986328125,22185.66796875,22766.25,22973.05078125,23112.859375,23206.775390625,23227.53515625,23592.49609375,23710.32421875,24220.01953125,24823.3828125,22498.33
2020-09-28 17:15,18881.46484375,19293.82421875,19742.59765625,20068.638671875,20192.169921875,20334.24609375,20389.45703125,20695.3203125,20910.7109375,21403.078125,22126.40625,19776.4
2020-09-28 17:30,16480.498046875,16889.818359375,17173.03515625,17443.484375,17528.328125,17668.078125,17697.677734375,17887.921875,18112.7265625,18569.873046875,19290.44140625,16853.867
2020-09-28 17:45,13599.2822265625,14007.431640625,14254.765625,14414.9453125,14501.177734375,14674.25,14721.3798828125,14838.142578125,15062.763671875,15507.255859375,16147.119140625,13884.465
2020-09-28 18:00,10326.2333984375,10759.2705078125,11035.25390625,11123.4765625,11253.537109375,11463.5205078125,11519.3896484375,11654.2177734375,11861.8779296875,12302.21484375,12855.50390625,10762.466
2020-09-28 18:15,7264.640625,7599.71435546875,7832.58203125,7900.58251953125,8063.45263671875,8219.47265625,8296.287109375,8407.40234375,8608.9814453125,9024.91796875,9469.54296875,7748.5327
2020-09-28 18:30,4556.18115234375,4719.68701171875,4888.99072265625,5015.365234375,5138.0009765625,5250.5390625,5336.19970703125,5419.5087890625,5630.146484375,6017.84765625,6316.91162109375,4989.3994
2020-09-28 18:45,2476.75927734375,2542.6044921875,2675.22509765625,2840.65673828125,2890.53955078125,3007.6162109375,3060.46826171875,3122.208984375,3335.93994140625,3637.44482421875,3781.81396484375,2683.6665
2020-09-28 19:00,916.4951171875,969.50390625,1099.34765625,1272.4228515625,1287.2490234375,1406.5859375,1430.12890625,1476.81005859375,1691.5458984375,1898.30859375,1941.49609375,963.333
2020-09-28 19:15,0.0,1.8544921875,117.634765625,287.634765625,287.634765625,368.4560546875,371.8955078125,414.669921875,627.1396484375,758.306640625,758.306640625,83.4668
2020-09-29 08:00,95.498046875,95.498046875,221.5244140625,340.63671875,405.3466796875,489.6015625,498.1982421875,561.78515625,772.232421875,912.40234375,912.40234375,292.7998
2020-09-29 08:15,485.8349609375,522.5869140625,634.423828125,765.8271484375,861.9931640625,961.0703125,992.3251953125,1063.6376953125,1298.4072265625,1487.66015625,1487.66015625,1332.3994
2020-09-29 08:30,1523.1826171875,1749.2568359375,1892.54248046875,2063.83447265625,2232.11474609375,2334.94921875,2458.08349609375,2519.02197265625,2822.248046875,3116.2841796875,3135.083984375,5889.6665
2020-09-29 08:45,6256.40625,7074.3779296875,7881.4931640625,8958.4580078125,9374.4619140625,10092.2841796875,10373.3984375,10662.0224609375,11146.99609375,11644.8544921875,11973.412109375,10970.2
2020-09-29 09:00,9041.03515625,10192.4560546875,11558.5146484375,12461.626953125,12876.296875,13348.47265625,13524.2861328125,13869.96484375,14200.69921875,14938.765625,15224.498046875,12798.599
2020-09-29 09:15,10120.6103515625,11280.78125,13292.140625,13896.0185546875,14492.828125,14942.4296875,15340.43359375,15779.3203125,16200.39453125,16965.3203125,17209.69140625,14848.799
2020-09-29 09:30,12829.599609375,13762.330078125,15502.7109375,16034.525390625,16745.623046875,17300.662109375,17848.55859375,18305.4296875,18842.0546875,19734.197265625,20211.962890625,18094.934
2020-09-29 09:45,17949.25390625,18829.619140625,20078.51953125,20565.9140625,21072.408203125,21452.98828125,21750.3046875,22095.37109375,22428.22265625,23147.3984375,23673.8515625,21134.666
2020-09-29 10:00,21468.0390625,22343.419921875,23466.39453125,23862.0390625,24158.689453125,24377.21484375,24440.78125,24718.830078125,24906.40234375,25439.2734375,25779.453125,24136.598
2020-09-29 10:15,24851.99609375,25710.2109375,26616.4609375,26833.1171875,27029.046875,27120.05859375,27157.859375,27318.57421875,27412.53515625,27835.89453125,28122.6640625,26777.598
2020-09-29 10:30,27034.2578125,27906.53515625,28683.25,28899.8515625,29070.05078125,29203.296875,29272.7109375,29454.125,29579.9921875,29990.73046875,30288.91796875,29244.332
2020-09-29 10:45,29788.2421875,30558.6953125,31127.5546875,31285.89453125,31385.625,31519.75390625,31519.75390625,31668.59375,31747.65234375,32068.1796875,32332.83203125,31702.332
2020-09-29 11:00,32215.66796875,32940.67578125,33424.9609375,33571.6484375,33632.2265625,33803.953125,33803.953125,33929.2734375,33970.24609375,34234.83984375,34490.04296875,34720.066
2020-09-29 11:15,34617.8515625,35337.78125,35795.83203125,35985.62890625,36030.80078125,36259.3046875,36259.3046875,36349.0859375,36366.19921875,36574.859375,36862.05078125,35597.465
2020-09-29 11:30,34205.3359375,35220.41015625,35892.62890625,36432.0546875,36565.67578125,36931.6796875,36966.7421875,37388.390625,37571.421875,37930.33203125,38388.59765625,36855.33
2020-09-29 11:45,36498.421875,37349.63671875,37812.65625,38096.33984375,38148.75,38383.32421875,38383.32421875,38595.5625,38650.69140625,38883.70703125,39305.27734375,37932.6
2020-09-29 12:00,37352.546875,38215.83203125,38626.4765625,38977.6484375,39012.08203125,39292.47265625,39292.47265625,39542.37890625,39588.71484375,39811.2109375,40282.55078125,38379.996
2020-09-29 12:15,37013.16015625,37984.7421875,38515.87109375,39019.0546875,39116.93359375,39460.11328125,39485.22265625,39865.1484375,40001.64453125,40288.04296875,40852.109375,31654.93
2020-09-29 12:30,19205.326171875,21684.4140625,25516.904296875,27302.7421875,28914.67578125,30545.7578125,32117.9609375,34363.48046875,35993.58203125,37571.6015625,39138.359375,25863.998
2020-09-29 12:45,18472.01953125,19535.73828125,21335.23828125,22728.01953125,24015.38671875,24913.8984375,26224.0703125,27678.1875,29534.890625,33036.5234375,35516.77734375,28344.598
2020-09-29 13:00,22558.49609375,24486.642578125,27040.54296875,28510.5390625,29464.53125,30504.64453125,31233.33984375,32521.40625,33882.3515625,36437.109375,38224.984375,31566.062
2020-09-29 13:15,22940.0234375,25424.140625,28111.36328125,29499.4765625,30487.78515625,31748.5859375,32635.05859375,33622.2265625,34929.55078125,37479.578125,39209.3515625,38163.33
2020-09-29 13:30,27121.9140625,30204.0703125,33865.41796875,35516.1796875,37031.3125,38081.953125,39349.9453125,40185.671875,41067.5546875,42813.4609375,44091.46875,38443.6
2020-09-29 13:45,28122.890625,31586.15234375,34806.4296875,36344.99609375,37157.53515625,37890.6328125,38874.234375,39513.07421875,40150.9140625,41706.29296875,42782.515625,36707.734
2020-09-29 14:00,28519.9765625,31568.98828125,34225.74609375,35334.5546875,35924.6015625,36517.38671875,37214.28125,37854.45703125,38463.4765625,39625.44921875,40721.95703125,37115.336
2020-09-29 14:15,29714.609375,32469.33203125,34581.19921875,35498.89453125,35960.41796875,36522.05859375,36969.1484375,37405.57421875,37884.6875,38733.38671875,39802.71875,41047.734
2020-09-29 14:30,30269.2578125,33145.5390625,35926.27734375,37295.875,38242.55859375,39000.1015625,39370.07421875,39840.11328125,40380.91796875,41109.3671875,42162.4765625,37160.0
2020-09-29 14:45,25012.98828125,28275.0234375,31823.7734375,33977.18359375,34870.08984375,35887.109375,36837.35546875,37971.74609375,39070.59765625,40478.47265625,41503.60546875,34316.8
2020-09-29 15:00,24495.513671875,27149.0546875,30173.609375,31113.58984375,31885.90234375,32754.94140625,33653.46875,34825.359375,35800.25,37016.44140625,38146.5546875,33391.195
2020-09-29 15:15,25141.9375,27601.21875,30042.1171875,31001.671875,31637.30859375,32514.67578125,33181.79296875,34041.62890625,34735.6015625,35842.5234375,37023.32421875,33242.734
2020-09-29 15:30,25450.7890625,27692.4296875,29753.07421875,30603.48046875,31223.43359375,31923.84375,32406.00390625,33005.0625,33506.7109375,34506.609375,35503.73046875,34397.863
2020-09-29 15:45,25722.765625,28011.9609375,30106.64453125,31244.03125,31951.43359375,32633.28125,33014.9921875,33620.07421875,33995.18359375,34752.43359375,35649.38671875,32804.734
2020-09-29 16:00,26094.7578125,27960.7109375,29737.90625,30311.7734375,30865.6953125,31191.4765625,31557.05859375,32047.67578125,32309.98828125,33006.53125,33547.8515625,30841.797
2020-09-29 16:15,25750.94921875,27142.48046875,28481.3203125,28638.45703125,29072.5390625,29310.515625,29527.8828125,30020.4453125,30201.43359375,30717.43359375,31231.8046875,26722.8
2020-09-29 16:30,19260.1953125,20420.14453125,22554.626953125,23176.79296875,24115.767578125,24791.046875,25482.3515625,26439.79296875,27360.29296875,28524.1328125,29338.37890625,24397.932
2020-09-29 16:45,19244.765625,20033.287109375,21309.1484375,21680.71875,22208.369140625,22623.873046875,23018.37109375,23708.765625,24178.8203125,25404.7578125,26402.72265625,18688.865
2020-09-29 17:00,13342.5595703125,13758.765625,14876.6513671875,15840.3515625,16435.0546875,17179.765625,17761.974609375,18478.142578125,19572.08984375,21221.76171875,22603.67578125,17203.4
2020-09-29 17:15,12328.130859375,13296.134765625,14271.244140625,14981.015625,15438.71484375,15842.81640625,16160.4453125,16701.58203125,17383.701171875,18772.02734375,19995.671875,15259.199
2020-09-29 17:30,10187.34765625,10982.0546875,11772.560546875,12145.0107421875,12628.9765625,12904.73046875,13293.7099609375,13542.6708984375,14190.1220703125,15258.337890625,16403.763671875,10408.4
2020-09-29 17:45,7308.5498046875,7771.33984375,8168.9326171875,8555.486328125,8778.357421875,8975.7685546875,9235.689453125,9439.6826171875,9999.7470703125,11046.4072265625,12176.5380859375,7530.5327
2020-09-29 18:00,5392.43408203125,5619.84375,5873.0703125,6242.59521484375,6384.8115234375,6498.3935546875,6655.9853515625,6849.9521484375,7173.53125,8085.22021484375,9015.2001953125,5372.1997
2020-09-29 18:15,3672.57763671875,3726.9130859375,3883.30517578125,4229.61572265625,4316.26171875,4437.75634765625,4519.98876953125,4677.95849609375,4953.5537109375,5657.27294921875,6310.97900390625,3236.1997
2020-09-29 18:30,2115.40625,2115.40625,2190.83203125,2489.98779296875,2498.1826171875,2638.30029296875,2649.8212890625,2757.99853515625,3020.56591796875,3475.5439453125,3843.322265625,1337.4668
2020-09-29 18:45,591.734375,591.734375,673.3115234375,927.01171875,927.01171875,1008.3603515625,1008.3603515625,1036.3818359375,1289.55859375,1519.9208984375,1687.359375,1199.1992
2020-09-29 19:00,346.310546875,358.146484375,453.0,638.0859375,651.642578125,735.0859375,735.0859375,740.0849609375,976.1083984375,1113.3818359375,1113.3818359375,596.667
2020-09-29 19:15,0.0,0.0,103.9970703125,271.0595703125,278.1103515625,349.40234375,351.115234375,374.9248046875,593.0166015625,714.7294921875,714.7294921875,18.732422
2020-09-30 08:00,232.8388671875,280.0390625,409.708984375,553.765625,633.8408203125,766.9599609375,828.451171875,916.203125,1158.6328125,1318.2177734375,1318.2177734375,1631.7324
2020-09-30 08:15,2031.61376953125,2247.0087890625,2426.5361328125,2638.43310546875,2831.72607421875,3001.578125,3212.79443359375,3272.84375,3619.6435546875,3854.9248046875,3854.9248046875,4155.3325
2020-09-30 08:30,5101.1201171875,5638.19140625,6025.435546875,6440.44482421875,6626.69580078125,6868.4169921875,7077.50390625,7123.01025390625,7434.2412109375,7783.6611328125,7833.5556640625,7196.3994
2020-09-30 08:45,8665.5947265625,9343.1484375,9990.4375,10335.072265625,10453.1455078125,10770.576171875,10770.576171875,10867.1064453125,10994.3291015625,11301.61328125,11339.49609375,10728.8
2020-09-30 09:00,12493.1572265625,13068.013671875,13831.177734375,13860.71875,14029.384765625,14180.2265625,14180.2265625,14255.708984375,14273.9716796875,14570.888671875,14570.888671875,14290.533
2020-09-30 09:15,16312.85546875,16741.357421875,17328.578125,17384.376953125,17562.291015625,17740.990234375,17740.990234375,17811.255859375,17830.578125,18052.421875,18052.421875,17686.934
2020-09-30 09:30,20185.73046875,20477.4453125,20799.5078125,20908.86328125,21033.578125,21228.142578125,21228.142578125,21263.419921875,21294.484375,21433.48828125,21433.48828125,20948.531
2020-09-30 09:45,23660.265625,23895.53515625,24119.529296875,24225.986328125,24307.462890625,24432.181640625,24432.181640625,24441.2890625,24479.59765625,24597.390625,24626.146484375,23945.465
2020-09-30 10:00,26355.921875,26666.48046875,26942.9921875,27049.01171875,27124.9609375,27240.578125,27240.578125,27317.94140625,27380.71875,27525.56640625,27597.18359375,26677.664
2020-09-30 10:15,28183.33203125,28663.30078125,29069.08984375,29231.0078125,29344.64453125,29510.6171875,29589.8046875,29735.50390625,29851.41796875,30071.87109375,30237.78125,29283.598
2020-09-30 10:30,30487.23828125,30996.43359375,31377.5234375,31509.24609375,31590.36328125,31745.59765625,31780.39453125,31957.859375,32059.83984375,32282.45703125,32495.09765625,31924.332
2020-09-30 10:45,33161.06640625,33607.68359375,33904.76953125,34008.515625,34034.90625,34197.8125,34197.8125,34338.28125,34384.17578125,34562.26953125,34796.4296875,34193.332
2020-09-30 11:00,35064.47265625,35550.4375,35831.296875,35986.6328125,35986.6328125,36204.234375,36204.234375,36393.796875,36400.55078125,36585.6328125,36894.7890625,36438.465
2020-09-30 11:15,36872.23828125,37394.18359375,37652.93359375,37860.453125,37860.453125,38107.52734375,38107.52734375,38298.16015625,38298.16015625,38454.6796875,38851.32421875,38428.863
2020-09-30 11:30,38455.4609375,39007.859375,39234.65234375,39516.78125,39516.78125,39763.15234375,39763.15234375,39953.17578125,39953.17578125,40086.4296875,40540.13671875,40031.8
2020-09-30 11:45,40037.87109375,40567.35546875,40753.546875,41081.23828125,41081.23828125,41314.00390625,41314.00390625,41481.2734375,41481.2734375,41559.15625,42044.2109375,41368.332
2020-09-30 12:00,41124.79296875,41664.26953125,41808.7421875,42209.33984375,42209.33984375,42477.29296875,42477.29296875,42673.390625,42673.390625,42739.41796875,43288.92578125,42416.664
2020-09-30 12:15,41769.6796875,42344.88671875,42475.12109375,42939.0859375,42939.0859375,43257.5703125,43257.5703125,43505.20703125,43505.20703125,43619.50390625,44234.51171875,43067.934
2020-09-30 12:30,42335.27734375,42920.56640625,43038.703125,43516.33984375,43516.33984375,43825.1328125,43825.1328125,44111.68359375,44111.68359375,44258.39453125,44889.16796875,43177.0
2020-09-30 12:45,42646.7265625,43242.7421875,43336.8671875,43835.58984375,43835.58984375,44123.40625,44123.40625,44455.8046875,44455.8046875,44602.609375,45252.58984375,43271.4
2020-09-30 13:00,42628.453125,43246.1484375,43323.48046875,43860.78515625,43860.78515625,44170.0390625,44170.0390625,44536.953125,44536.953125,44693.06640625,45396.65234375,43642.336
2020-09-30 13:15,42624.5,43253.91015625,43322.609375,43872.81640625,43872.81640625,44194.109375,44194.109375,44559.35546875,44559.35546875,44730.125,45475.375,43963.53
2020-09-30 13:30,42806.2421875,43415.84375,43475.6015625,43997.765625,43997.765625,44284.47265625,44284.47265625,44617.25390625,44617.25390625,44784.5390625,45517.62109375,43722.266
2020-09-30 13:45,42096.28515625,42867.4375,42967.82421875,43683.046875,43683.046875,43981.2578125,43981.2578125,44421.73828125,44421.73828125,44636.890625,45362.35546875,43658.332
2020-09-30 14:00,42758.265625,43308.40234375,43439.65625,43904.890625,43904.890625,44194.74609375,44194.74609375,44468.1875,44468.1875,44638.828125,45355.75,43366.4
2020-09-30 14:15,41051.453125,41803.00390625,42023.1875,42769.70703125,42769.70703125,43172.046875,43172.046875,43631.62890625,43631.62890625,43970.609375,44787.33984375,42610.734
2020-09-30 14:30,40745.5,41430.0078125,41635.40234375,42204.31640625,42204.31640625,42469.41015625,42469.41015625,42796.765625,42796.765625,43046.5703125,43810.1875,42255.598
2020-09-30 14:45,40410.44921875,41015.2265625,41218.859375,41702.5859375,41702.5859375,41932.0234375,41932.0234375,42164.53515625,42164.53515625,42377.3359375,43064.16015625,41654.53
2020-09-30 15:00,39748.30078125,40281.671875,40523.0390625,40950.37890625,40950.37890625,41195.921875,41195.921875,41385.91796875,41386.11328125,41607.64453125,42234.72265625,40717.934
2020-09-30 15:15,38087.22265625,38692.90625,39098.16015625,39507.09765625,39507.09765625,39823.3359375,39823.3359375,40074.15234375,40160.8671875,40403.72265625,41026.9296875,39739.73
2020-09-30 15:30,37091.98828125,37661.5546875,38100.47265625,38366.22265625,38366.22265625,38613.3828125,38613.3828125,38805.07421875,38906.62890625,39135.40234375,39691.18359375,38441.863
2020-09-30 15:45,35900.07421875,36430.41015625,36869.015625,37063.77734375,37090.07421875,37262.4375,37272.95703125,37411.85546875,37535.46875,37751.3515625,38257.7578125,36817.598
2020-09-30 16:00,34151.5546875,34643.15625,35167.04296875,35264.046875,35343.3515625,35456.58203125,35543.359375,35662.49609375,35837.359375,36048.578125,36514.3671875,34937.332
2020-09-30 16:15,31690.11328125,32166.15234375,32913.4609375,32913.4609375,33088.43359375,33183.1953125,33396.61328125,33558.42578125,33829.14453125,34093.90234375,34526.296875,32981.33
2020-09-30 16:30,29841.01953125,30150.55859375,30858.02734375,30858.02734375,30910.72265625,30994.75390625,31188.52734375,31376.875,31630.8046875,31946.0,32329.23046875,30912.598
2020-09-30 16:45,28224.82421875,28359.90234375,28842.30859375,28842.30859375,28842.30859375,28890.46875,28983.0078125,29222.26171875,29364.69921875,29706.55078125,30047.203125,28721.996
2020-09-30 17:00,26122.91796875,26213.3515625,26573.70703125,26573.70703125,26573.70703125,26601.90234375,26665.65234375,26976.89453125,27003.296875,27336.51171875,27661.15625,25960.133
2020-09-30 17:15,22812.970703125,22971.25390625,23370.34375,23477.890625,23480.94921875,23636.29296875,23827.89453125,24178.607421875,24249.30859375,24638.2578125,25066.330078125,22898.8
2020-09-30 17:30,19655.291015625,19828.310546875,20073.578125,20298.140625,20303.962890625,20433.3359375,20643.6796875,20907.1015625,21020.2109375,21461.796875,22053.9140625,19906.934
2020-09-30 17:45,16731.66015625,16909.14453125,17003.189453125,17217.056640625,17217.056640625,17297.8671875,17454.861328125,17602.0,17720.26953125,18153.8359375,18802.75,16602.133
2020-09-30 18:00,12977.53125,13226.779296875,13399.326171875,13638.958984375,13696.24609375,13885.72265625,14004.1923828125,14165.66015625,14351.05859375,14801.5390625,15404.2109375,13235.866
2020-09-30 18:15,9154.1748046875,9489.5302734375,9704.935546875,9883.0546875,9980.421875,10202.9140625,10256.2177734375,10432.9853515625,10641.689453125,11075.9150390625,11503.24609375,9829.466
2020-09-30 18:30,5770.43212890625,6007.80078125,6190.11865234375,6331.1630859375,6457.1474609375,6603.2919921875,6670.2294921875,6777.013671875,6971.58740234375,7348.2216796875,7613.0283203125,6487.1323
2020-09-30 18:45,2994.80810546875,3094.0625,3240.4560546875,3395.15380859375,3496.66064453125,3605.6484375,3697.80078125,3745.7626953125,3940.6611328125,4226.353515625,4342.21044921875,3441.5996
2020-09-30 19:00,908.43359375,985.1904296875,1125.150390625,1296.7509765625,1363.9033203125,1477.54248046875,1551.60498046875,1577.63916015625,1794.75634765625,1978.33349609375,1989.31884765625,1130.4668
2020-09-30 19:15,0.0,0.0,0.0,155.3623046875,180.408203125,270.0791015625,304.728515625,321.4482421875,548.5859375,648.40234375,648.40234375,50.2666
2020-10-01 08:00,369.9853515625,402.2080078125,534.9658203125,667.2529296875,746.9228515625,872.201171875,915.9931640625,997.4677734375,1230.21484375,1364.5048828125,1364.5048828125,1663.9995
2020-10-01 08:15,2390.8388671875,2614.4130859375,2776.640625,2949.685546875,3129.75537109375,3270.67041015625,3460.5537109375,3485.77294921875,3814.2470703125,4025.59228515625,4025.59228515625,4042.6665
2020-10-01 08:30,5303.03662109375,5840.20361328125,6132.25390625,6409.0400390625,6531.44140625,6702.2373046875,6850.052734375,6850.052734375,7083.77685546875,7400.83349609375,7430.4560546875,7006.1323
2020-10-01 08:45,8996.142578125,9651.0517578125,10140.78515625,10333.240234375,10400.244140625,10644.8154296875,10644.8154296875,10653.1728515625,10725.7470703125,11017.9140625,11058.00390625,10503.266
2020-10-01 09:00,12899.580078125,13423.759765625,14019.177734375,14019.177734375,14110.58984375,14215.7470703125,14215.7470703125,14230.583984375,14230.583984375,14528.0078125,14528.0078125,13916.266
2020-10-01 09:15,16184.9169921875,16576.5859375,17122.419921875,17164.16796875,17370.017578125,17565.673828125,17565.673828125,17668.0078125,17685.890625,17986.7421875,17986.7421875,17409.664
2020-10-01 09:30,20124.61328125,20369.78515625,20662.06640625,20746.201171875,20898.611328125,21100.658203125,21100.658203125,21162.474609375,21184.46875,21380.52734375,21416.169921875,20710.467
2020-10-01 09:45,23512.79296875,23710.455078125,23916.73046875,24008.064453125,24100.28125,24234.5390625,24234.5390625,24268.2890625,24293.173828125,24446.97265625,24504.34765625,24031.8
2020-10-01 10:00,26625.0859375,26865.2890625,27106.890625,27187.5,27251.76953125,27359.90234375,27359.90234375,27419.30859375,27444.87109375,27594.37890625,27673.33203125,26623.332
2020-10-01 10:15,27740.65234375,28248.67578125,28735.46875,28976.97265625,29131.09765625,29347.0625,29477.26171875,29678.09375,29811.61328125,30103.45703125,30317.72265625,29499.465
2020-10-01 10:30,30827.5703125,31285.171875,31651.62890625,31761.984375,31828.1171875,31970.15625,31981.62890625,32161.5859375,32229.38671875,32457.90234375,32666.5859375,31830.266
2020-10-01 10:45,32917.69140625,33404.390625,33721.7109375,33857.7265625,33886.10546875,34057.78125,34057.78125,34255.3046875,34297.8828125,34520.2890625,34777.640625,34123.4
2020-10-01 11:00,35048.4453125,35513.8359375,35790.59765625,35925.5546875,35925.5546875,36132.7578125,36132.7578125,36315.36328125,36320.39453125,36511.7890625,36816.30859375,36529.6
2020-10-01 11:15,36913.921875,37421.29296875,37683.0234375,37880.14453125,37880.14453125,38122.6796875,38122.6796875,38308.12890625,38308.12890625,38468.23046875,38855.99609375,38338.2
2020-10-01 11:30,38309.29296875,38877.95703125,39117.0859375,39410.54296875,39410.54296875,39665.27734375,39665.27734375,39872.0078125,39872.0078125,40031.2734375,40478.36328125,38536.133
2020-10-01 11:45,37621.3515625,38430.60546875,38845.90234375,39427.5703125,39486.49609375,39875.61328125,39875.61328125,40333.6875,40432.12890625,40714.08203125,41315.0234375,40079.395
2020-10-01 12:00,40070.81640625,40661.1328125,40901.05859375,41230.20703125,41230.20703125,41506.8671875,41506.8671875,41684.45703125,41684.45703125,41832.86328125,42379.1953125,41268.598
2020-10-01 12:15,40859.640625,41478.9609375,41659.78125,42093.73828125,42093.73828125,42396.921875,42396.921875,42651.796875,42651.796875,42818.25,43413.47265625,42373.066
2020-10-01 12:30,41788.91015625,42364.33984375,42499.7734375,42905.921875,42905.921875,43186.515625,43186.515625,43413.1328125,43413.1328125,43559.21875,44146.12890625,42111.863
2020-10-01 12:45,41174.6328125,41899.58984375,42104.46484375,42714.953125,42714.953125,43081.6953125,43081.6953125,43509.16015625,43509.16015625,43787.2890625,44452.8359375,42032.664
2020-10-01 13:00,41376.9140625,42074.64453125,42231.21875,42760.78515625,42760.78515625,43072.41796875,43072.41796875,43437.03515625,43437.03515625,43653.68359375,44344.734375,40683.598
2020-10-01 13:15,36599.89453125,37792.87890625,38743.6953125,39989.234375,40176.37109375,40922.53125,41286.7890625,42045.40234375,42435.7890625,42991.94921875,43969.89453125,41156.8
2020-10-01 13:30,39604.88671875,40447.58984375,40975.3359375,41528.7734375,41528.7734375,41838.42578125,41950.34765625,42374.0,42396.9140625,42811.4453125,43622.703125,42233.664
2020-10-01 13:45,40132.74609375,40984.0546875,41405.0234375,42018.421875,42018.421875,42351.66015625,42351.66015625,42705.9453125,42705.9453125,43032.8125,43712.65625,41833.066
2020-10-01 14:00,40584.84765625,41267.86328125,41623.8984375,42122.67578125,42122.67578125,42419.921875,42419.921875,42687.578125,42687.578125,42999.05859375,43630.3203125,41291.926
2020-10-01 14:15,38749.3203125,39609.40234375,40099.30078125,40791.68359375,40791.68359375,41224.72265625,41268.80078125,41659.98828125,41772.5859375,42153.4453125,42884.29296875,41383.062
2020-10-01 14:30,39356.546875,40057.0234375,40442.921875,40883.5625,40883.5625,41178.80859375,41178.80859375,41383.74609375,41421.0,41723.125,42382.703125,41202.266
2020-10-01 14:45,39239.7265625,39879.578125,40217.9609375,40634.91015625,40634.91015625,40889.2890625,40889.2890625,41061.48046875,41078.5625,41370.45703125,41938.26953125,39337.195
2020-10-01 15:00,36314.43359375,37176.125,37847.44921875,38416.4765625,38440.93359375,38850.5546875,38961.23046875,39350.13671875,39531.43359375,39905.08203125,40544.83984375,38454.465
2020-10-01 15:15,35688.48046875,36433.8203125,37085.5,37322.8359375,37352.22265625,37593.36328125,37687.890625,37941.65625,38089.8828125,38360.29296875,38936.8984375,36525.4
2020-10-01 15:30,31431.6015625,32452.88671875,33729.5234375,34014.94140625,34408.4609375,34720.6171875,35039.19921875,35477.16015625,35939.88671875,36399.96875,37036.203125,36176.598
2020-10-01 15:45,31630.65625,32577.09375,33670.6328125,34342.265625,34599.2734375,35024.796875,35158.8671875,35564.59375,35898.109375,36413.05078125,37180.0234375,34427.664
2020-10-01 16:00,30960.37890625,31690.3671875,32712.66796875,32949.8984375,33163.89453125,33356.3046875,33577.68359375,33899.41015625,34074.5546875,34620.86328125,35061.79296875,33608.664
2020-10-01 16:15,30414.44140625,30953.984375,31591.421875,31711.76171875,31793.08203125,31990.79296875,31998.6640625,32348.1640625,32405.44921875,32709.65234375,33196.84375,31383.398
2020-10-01 16:30,27366.55859375,27842.08984375,28731.14453125,28844.76953125,29057.2109375,29326.03515625,29504.9140625,30005.63671875,30186.67578125,30641.0546875,31071.90234375,27458.266
2020-10-01 16:45,23426.17578125,23810.6796875,24777.04296875,24916.46875,25231.548828125,25526.09765625,25947.28515625,26547.4296875,26894.0703125,27619.625,28168.56640625,25253.865
2020-10-01 17:00,21654.126953125,22026.3125,22598.73046875,22791.265625,22922.17578125,23111.162109375,23300.732421875,23778.591796875,23857.08203125,24463.75,25146.611328125,22138.467
2020-10-01 17:15,18445.2421875,18660.970703125,19002.30078125,19352.458984375,19441.443359375,19658.94921875,19858.09375,20189.35546875,20418.8359375,21040.2578125,21817.73828125,22068.266
2020-10-01 17:30,17093.181640625,17861.953125,18522.107421875,19016.3125,19314.234375,19582.828125,19679.56640625,20122.0703125,20305.65234375,20819.375,21579.0078125,18734.2
2020-10-01 17:45,14305.037109375,14766.0927734375,15349.515625,15705.84765625,15876.26171875,16141.580078125,16390.166015625,16638.193359375,16955.875,17534.32421875,18168.666015625,14184.133
2020-10-01 18:00,9548.904296875,10038.6240234375,10562.0888671875,11018.703125,11146.095703125,11538.826171875,11772.33203125,12126.767578125,12550.3369140625,13226.529296875,13837.044921875,12183.932
2020-10-01 18:15,8019.9287109375,8435.0068359375,8744.0078125,8876.314453125,9043.63671875,9206.0888671875,9307.8505859375,9518.73046875,9710.64453125,10251.28515625,10682.99609375,7574.1323
2020-10-01 18:30,3611.1123046875,3820.23095703125,4096.646484375,4393.35888671875,4517.45947265625,4715.01416015625,4881.04248046875,5075.61669921875,5372.20751953125,5880.5166015625,6245.0361328125,4157.5327
2020-10-01 18:45,1292.99609375,1379.0068359375,1552.94091796875,1800.55322265625,1862.53662109375,1988.1904296875,2077.82666015625,2181.140625,2423.3798828125,2758.1611328125,2912.9296875,1336.2666
2020-10-01 19:00,41.62109375,87.267578125,214.5244140625,414.8291015625,449.2685546875,544.8505859375,544.8505859375,578.0390625,821.01953125,986.39453125,1010.048828125,710.9326
2020-10-01 19:15,0.0,0.0,95.642578125,239.7509765625,275.544921875,339.8095703125,351.958984375,351.958984375,560.0439453125,649.6298828125,649.6298828125,0.0
2020-10-02 08:00,13.1484375,37.85546875,163.962890625,295.2529296875,344.466796875,464.2646484375,479.994140625,577.341796875,792.103515625,917.966796875,917.966796875,724.7324
2020-10-02 08:15,897.5751953125,1007.1806640625,1120.30078125,1272.1220703125,1385.7529296875,1517.5859375,1599.26953125,1681.52392578125,1949.12353515625,2134.77392578125,2134.77392578125,1742.3994
2020-10-02 08:30,1778.943359375,2112.02099609375,2276.81982421875,2457.5,2617.59716796875,2731.216796875,2873.6015625,2955.11474609375,3270.3056640625,3591.2998046875,3640.55712890625,2988.3325
2020-10-02 08:45,3415.994140625,4006.67236328125,4241.14990234375,4519.099609375,4695.19677734375,4851.427734375,4994.626953125,5114.27880859375,5426.40380859375,5870.08935546875,6133.62548828125,5420.5996
2020-10-02 09:00,6247.513671875,7088.59521484375,7450.9296875,7881.140625,8055.521484375,8374.267578125,8539.978515625,8739.4619140625,9049.19921875,9579.2490234375,10052.5341796875,8983.8
2020-10-02 09:15,9078.537109375,10097.2109375,10866.8525390625,11330.8212890625,11639.3642578125,11951.9775390625,12195.591796875,12469.009765625,12844.330078125,13488.8212890625,13986.529296875,13077.533
2020-10-02 09:30,12281.0517578125,13310.2626953125,14387.4423828125,14759.287109375,15196.296875,15365.2255859375,15590.904296875,15850.142578125,16182.24609375,16885.5546875,17312.71875,12078.066
2020-10-02 09:45,8731.7265625,9737.037109375,11763.0263671875,12640.224609375,13504.5390625,14477.615234375,15222.984375,16089.537109375,16992.9609375,18270.7578125,19099.853515625,11686.266
2020-10-02 10:00,10692.3779296875,11238.740234375,12448.826171875,13000.310546875,13939.455078125,14739.83984375,15617.041015625,16369.9951171875,17379.35546875,19201.3671875,20569.34765625,14911.932
2020-10-02 10:15,13512.900390625,14611.03125,15874.02734375,16918.390625,17810.83203125,18630.609375,19416.193359375,20337.0703125,21399.84375,23253.091796875,24914.98046875,17515.734
2020-10-02 10:30,15174.9501953125,16548.388671875,17890.06640625,18802.71875,19418.626953125,20169.46875,20671.775390625,21593.3515625,22705.259765625,24578.78125,26251.64453125,18496.531
2020-10-02 10:45,16762.31640625,17963.68359375,19153.67578125,19585.5078125,20117.76171875,20480.32421875,20875.82421875,21588.7578125,22476.77734375,24314.00390625,25953.36328125,23809.6
2020-10-02 11:00,19911.98046875,21944.287109375,23812.27734375,25037.376953125,25803.396484375,26453.70703125,27023.16796875,27896.8359375,28815.515625,30234.0859375,31787.75,32180.797
2020-10-02 11:15,25637.22265625,28025.203125,31166.95703125,32494.51171875,33754.5234375,34600.87109375,35280.07421875,35935.21484375,36731.75390625,37566.01953125,38691.44140625,33990.13
2020-10-02 11:30,28513.0625,31140.9140625,33877.3046875,35188.6953125,35927.55859375,36418.796875,37016.76953125,37546.15625,38094.71484375,39207.5,40134.98046875,37672.6
2020-10-02 11:45,34039.28515625,36205.46875,38087.14453125,38834.33984375,39234.3203125,39652.29296875,39728.23828125,40122.73828125,40299.01171875,40800.2109375,41652.9765625,40126.465
2020-10-02 12:00,37387.94921875,39226.62890625,40545.26953125,41084.75,41297.703125,41614.67578125,41614.67578125,41948.33984375,41983.3203125,42396.87109375,43036.453125,41074.8
2020-10-02 12:15,38549.05078125,40224.19140625,41251.44140625,41819.05859375,41993.7265625,42337.875,42337.875,42714.1953125,42776.984375,43150.60546875,43805.703125,41732.266
2020-10-02 12:30,38851.59375,40493.5546875,41461.4296875,42119.1015625,42308.0625,42658.8671875,42667.27734375,43100.77734375,43218.78515625,43608.84765625,44265.31640625,42358.465
2020-10-02 12:45,40343.546875,41799.75390625,42604.3671875,43117.1171875,43242.74609375,43517.73828125,43517.73828125,43789.76953125,43829.8046875,44141.25390625,44707.33984375,42758.863
2020-10-02 13:00,40560.4765625,41997.30859375,42730.7890625,43341.140625,43469.765625,43778.30859375,43778.30859375,44102.05859375,44151.625,44477.05859375,45067.55078125,43761.664
2020-10-02 13:15,41455.34375,42776.1015625,43427.00390625,43973.078125,44103.41796875,44390.84375,44390.84375,44627.5,44653.00390625,44954.5078125,45531.76171875,42933.664
2020-10-02 13:30,39121.3828125,40739.859375,41654.1015625,42689.75390625,42885.01953125,43371.9140625,43525.95703125,44032.703125,44262.16015625,44757.61328125,45484.70703125,43647.4
2020-10-02 13:45,40889.2109375,42333.68359375,43096.04296875,43779.19921875,43850.4296875,44193.140625,44203.5234375,44557.421875,44604.51953125,44956.1171875,45555.52734375,43441.266
2020-10-02 14:00,41267.9765625,42592.875,43211.1796875,43817.76171875,43883.8984375,44205.02734375,44205.02734375,44481.30859375,44481.5625,44828.59375,45429.16015625,43399.2
2020-10-02 14:15,40382.359375,41729.6015625,42315.19140625,43042.01953125,43071.12109375,43455.77734375,43470.4609375,43799.15234375,43843.4296875,44195.97265625,44857.31640625,43029.465
2020-10-02 14:30,40069.23828125,41371.359375,41932.7734375,42594.7421875,42594.7421875,42937.11328125,42937.11328125,43209.328125,43236.859375,43566.71875,44206.44140625,42524.2
2020-10-02 14:45,39653.94921875,40904.6484375,41456.51171875,42068.35546875,42068.35546875,42366.69140625,42366.69140625,42594.34375,42615.5234375,42923.91015625,43508.74609375,41825.797
2020-10-02 15:00,38735.734375,39955.77734375,40543.921875,41130.33203125,41130.33203125,41443.29296875,41443.29296875,41665.31640625,41722.6796875,42006.45703125,42567.51171875,40854.4
2020-10-02 15:15,37155.09765625,38403.3046875,39116.90234375,39672.62109375,39719.171875,40030.59765625,40063.34375,40309.49609375,40442.37109375,40738.8203125,41302.01171875,39710.133
2020-10-02 15:30,35773.79296875,36995.3125,37784.17578125,38206.0234375,38293.31640625,38513.23828125,38588.2109375,38790.578125,38950.62109375,39263.40625,39782.37890625,38389.26
2020-10-02 15:45,34719.4140625,35843.3515625,36589.80078125,36918.5546875,37028.078125,37145.58984375,37224.8203125,37355.375,37520.03515625,37813.37109375,38279.8046875,36469.336
2020-10-02 16:00,32531.09375,33610.37890625,34498.4921875,34732.5234375,34947.58984375,35007.5859375,35213.66796875,35348.171875,35594.6328125,35925.22265625,36367.4453125,32625.062
2020-10-02 16:15,24735.15625,26071.5,28220.203125,28794.91796875,29769.43359375,30101.58984375,31072.6875,31654.62890625,32589.984375,33527.11328125,34175.34375,31050.266
2020-10-02 16:30,26041.33984375,26981.28125,28360.02734375,28602.23828125,29000.8671875,29163.41015625,29650.90234375,30102.55859375,30545.21484375,31482.2421875,32158.390625,29554.664
2020-10-02 16:45,25625.26171875,26199.1484375,27072.375,27201.09765625,27401.90625,27515.375,27693.28125,28037.6953125,28229.203125,28982.7734375,29539.2421875,26992.867
2020-10-02 17:00,23280.25390625,23699.5,24390.671875,24646.32421875,24774.01171875,24927.515625,25057.5078125,25482.552734375,25611.953125,26227.30078125,26809.328125,25040.998
2020-10-02 17:15,21564.2421875,21923.8515625,22318.294921875,22578.017578125,22602.40234375,22702.07421875,22729.998046875,23101.5390625,23153.1015625,23623.4140625,24226.958984375,22559.332
2020-10-02 17:30,19073.34375,19368.138671875,19628.6640625,19860.14453125,19869.9296875,19964.13671875,20039.43359375,20265.16796875,20391.47265625,20791.302734375,21406.46875,19423.531
2020-10-02 17:45,15998.943359375,16290.111328125,16505.525390625,16690.212890625,16708.443359375,16832.5859375,16948.923828125,17087.63671875,17251.17578125,17633.888671875,18230.474609375,15651.332
2020-10-02 18:00,11576.2119140625,11926.0048828125,12246.927734375,12479.1826171875,12549.5478515625,12822.01171875,12958.556640625,13164.3369140625,13405.5380859375,13838.0078125,14376.3212890625,11643.733
2020-10-02 18:15,7012.76513671875,7400.49755859375,7713.4921875,7991.0859375,8107.32275390625,8386.4931640625,8495.474609375,8746.7744140625,9023.3505859375,9497.4267578125,9923.5732421875,8895.466
2020-10-02 18:30,4620.42529296875,4844.23046875,5037.8916015625,5178.5703125,5329.703125,5435.79248046875,5536.72705078125,5659.5,5849.6435546875,6249.0029296875,6474.24853515625,5963.133
2020-10-02 18:45,2332.9541015625,2439.04296875,2587.46142578125,2734.87060546875,2828.38037109375,2912.82275390625,3020.478515625,3073.75,3274.08740234375,3565.755859375,3637.34814453125,3104.8667
2020-10-02 19:00,673.701171875,768.36328125,908.642578125,1057.361328125,1105.0205078125,1200.9814453125,1270.3779296875,1291.8095703125,1497.64697265625,1675.4599609375,1675.4599609375,858.333
2020-10-02 19:15,0.0,0.0,0.0,60.783203125,71.14453125,149.4873046875,176.26953125,196.396484375,408.7880859375,503.396484375,503.396484375,9.0
2020-10-03 08:00,290.0234375,315.7216796875,443.2587890625,576.3046875,651.833984375,775.666015625,808.740234375,899.3388671875,1122.9716796875,1257.16796875,1257.16796875,1786.9326
2020-10-03 08:15,2766.70556640625,3014.3349609375,3211.31640625,3426.3408203125,3637.19970703125,3811.6025390625,4029.28955078125,4061.42724609375,4420.44189453125,4638.240234375,4638.240234375,4311.2666
2020-10-03 08:30,5691.794921875,6240.208984375,6573.787109375,6882.88671875,6984.599609375,7192.4716796875,7310.806640625,7316.3955078125,7560.326171875,7881.5263671875,7904.70361328125,7385.2666
2020-10-03 08:45,9589.638671875,10228.40625,10752.1201171875,10923.0166015625,10987.08203125,11233.60546875,11233.60546875,11233.60546875,11308.6015625,11588.388671875,11588.388671875,10901.8
2020-10-03 09:00,13251.298828125,13753.4296875,14375.240234375,14375.240234375,14478.1171875,14599.6640625,14599.6640625,14636.04296875,14636.04296875,14959.181640625,14959.181640625,14386.799
2020-10-03 09:15,16786.90625,17146.828125,17624.234375,17660.45703125,17856.203125,18055.5234375,18055.5234375,18136.58203125,18170.0703125,18429.61328125,18429.61328125,17847.467
2020-10-03 09:30,20610.517578125,20837.19140625,21087.529296875,21161.0546875,21305.947265625,21493.23828125,21493.23828125,21542.7109375,21579.310546875,21749.9375,21785.22265625,21206.0
2020-10-03 09:45,24082.10546875,24260.080078125,24438.38671875,24511.205078125,24605.79296875,24716.19140625,24716.19140625,24739.17578125,24769.390625,24914.42578125,24973.68359375,24377.4
2020-10-03 10:00,26967.01171875,27206.171875,27435.6953125,27503.05078125,27579.1015625,27683.25,27683.25,27764.94921875,27794.3828125,27958.07421875,28047.4140625,27277.2
2020-10-03 10:15,28912.08203125,29328.57421875,29681.14453125,29813.98828125,29916.9375,30078.58984375,30158.921875,30312.5390625,30376.62890625,30614.4375,30797.16015625,30115.066
2020-10-03 10:30,31357.328125,31815.828125,32143.05078125,32258.37109375,32315.6640625,32472.5859375,32495.43359375,32691.1015625,32734.57421875,32964.70703125,33190.83984375,32769.6
2020-10-03 10:45,33923.328125,34351.14453125,34617.9453125,34716.875,34720.51953125,34897.5390625,34897.5390625,35069.87890625,35069.87890625,35255.3203125,35512.8671875,35081.6
2020-10-03 11:00,35841.37890625,36302.54296875,36553.07421875,36694.3203125,36694.3203125,36909.93359375,36909.93359375,37117.13671875,37117.13671875,37260.16015625,37595.69140625,37053.13
2020-10-03 11:15,37240.70703125,37785.3828125,38037.328125,38274.5546875,38274.5546875,38543.43359375,38543.43359375,38787.44140625,38787.44140625,38938.7265625,39376.59375,38844.863
2020-10-03 11:30,38832.15625,39382.8359375,39591.19140625,39868.078125,39868.078125,40114.25,40114.25,40321.71484375,40321.71484375,40438.36328125,40913.671875,40472.535
2020-10-03 11:45,40438.85546875,40951.91796875,41120.6328125,41433.5,41433.5,41662.7265625,41662.7265625,41833.390625,41833.390625,41891.0,42390.17578125,41728.0
2020-10-03 12:00,41420.81640625,41950.078125,42081.75390625,42475.22265625,42475.22265625,42742.828125,42742.828125,42949.203125,42949.203125,43006.28125,43573.07421875,42828.0
2020-10-03 12:15,42181.890625,42726.3125,42835.328125,43268.77734375,43268.77734375,43573.89453125,43573.89453125,43805.51953125,43805.51953125,43896.25,44517.7890625,43557.0
2020-10-03 12:30,42796.70703125,43349.625,43446.82421875,43898.8359375,43898.8359375,44197.078125,44197.078125,44468.33203125,44468.33203125,44593.328125,45230.3203125,44433.8
2020-10-03 12:45,43791.53515625,44258.1953125,44339.73046875,44740.0390625,44740.0390625,45003.140625,45003.140625,45236.3515625,45236.3515625,45327.31640625,45949.11328125,44913.664
2020-10-03 13:00,43996.46484375,44492.79296875,44543.21484375,45018.265625,45018.265625,45313.16015625,45313.16015625,45624.78515625,45624.78515625,45741.53125,46417.75,45125.6
2020-10-03 13:15,43863.05078125,44422.828125,44465.63671875,44988.4921875,44988.4921875,45328.4765625,45328.4765625,45706.46875,45706.46875,45868.98828125,46618.4140625,45213.47
2020-10-03 13:30,43888.62109375,44472.859375,44502.3125,45017.98828125,45017.98828125,45336.046875,45336.046875,45731.4296875,45731.4296875,45897.28515625,46666.984375,45160.465
2020-10-03 13:45,43603.3671875,44302.0078125,44329.921875,44962.0859375,44962.0859375,45267.45703125,45267.45703125,45722.14453125,45722.14453125,45883.1640625,46640.26953125,44989.4
2020-10-03 14:00,43976.7734375,44519.921875,44568.765625,45036.33984375,45036.33984375,45337.8828125,45337.8828125,45669.25390625,45669.25390625,45807.203125,46582.51953125,44634.195
2020-10-03 14:15,42394.8046875,43140.3125,43245.6015625,43987.53515625,43987.53515625,44389.40234375,44389.40234375,44894.91796875,44894.91796875,45170.0390625,46061.80859375,43788.066
2020-10-03 14:30,41864.43359375,42590.56640625,42693.578125,43329.8671875,43329.8671875,43612.73828125,43612.73828125,44019.9375,44019.9375,44228.05078125,45099.734375,43045.53
2020-10-03 14:45,41143.63671875,41839.83203125,41972.7265625,42554.19921875,42554.19921875,42794.12890625,42794.12890625,43128.87890625,43128.87890625,43317.53125,44133.04296875,42275.332
2020-10-03 15:00,40218.69921875,40850.4765625,41062.7734375,41566.16796875,41566.16796875,41823.09765625,41823.09765625,42094.38671875,42094.38671875,42297.5859375,43045.03125,41063.465
2020-10-03 15:15,38190.703125,38898.140625,39357.81640625,39811.06640625,39811.06640625,40171.2734375,40171.2734375,40526.16796875,40618.2890625,40877.26953125,41587.40625,39626.6
2020-10-03 15:30,36578.0234375,37275.9765625,37883.71875,38111.2890625,38138.14453125,38443.35546875,38507.76171875,38787.2109375,38928.6875,39193.234375,39808.9296875,38149.934
2020-10-03 15:45,35403.1875,36020.6171875,36596.15234375,36703.3671875,36786.796875,36960.65625,37036.234375,37196.62109375,37349.80859375,37584.70703125,38124.38671875,36386.266
2020-10-03 16:00,33519.984375,34092.6875,34753.734375,34760.41015625,34935.8828125,35029.12890625,35169.03515625,35293.1796875,35503.84375,35729.6328125,36209.9609375,34586.4
2020-10-03 16:15,31493.078125,31974.40625,32709.1953125,32709.1953125,32851.26171875,32913.140625,33097.0390625,33250.2578125,33496.08984375,33740.98046875,34175.2421875,32540.398
2020-10-03 16:30,29401.15625,29710.3203125,30423.8125,30423.8125,30532.14453125,30625.640625,30803.6328125,31029.6875,31259.33203125,31589.09375,31976.6171875,29825.465
2020-10-03 16:45,26855.06640625,27007.765625,27633.82421875,27633.82421875,27701.51953125,27829.21484375,28032.50390625,28355.625,28543.73828125,28998.70703125,29357.53515625,27920.133
2020-10-03 17:00,25097.31640625,25226.455078125,25572.462890625,25603.484375,25603.484375,25682.359375,25733.41015625,26095.609375,26095.609375,26481.0703125,26875.85546875,24910.73
2020-10-03 17:15,21200.7890625,21406.27734375,21874.90234375,22164.26171875,22228.134765625,22444.45703125,22696.642578125,23078.50390625,23238.41015625,23724.3984375,24248.19921875,20434.465
2020-10-03 17:30,15761.66796875,16039.544921875,16601.91015625,17404.83984375,17566.9921875,17979.291015625,18402.19921875,18820.890625,19309.71875,20112.92578125,20957.896484375,18921.066
2020-10-03 17:45,14745.91796875,15210.650390625,15586.4853515625,15914.9462890625,16074.671875,16215.880859375,16371.849609375,16630.9296875,16822.09765625,17503.28125,18208.669921875,12856.4
2020-10-03 18:00,7791.775390625,8296.04296875,8892.8271484375,9599.5751953125,9827.3994140625,10317.224609375,10667.9736328125,11118.6728515625,11699.0185546875,12566.7265625,13368.900390625,12864.133
2020-10-03 18:15,7893.3115234375,8596.91796875,9253.9013671875,9641.5380859375,10077.125,10349.6962890625,10541.2958984375,10915.486328125,11242.66796875,11959.056640625,12551.337890625,5904.2666
2020-10-03 18:30,2793.5888671875,3139.71142578125,3508.57177734375,4027.7265625,4209.93701171875,4559.21142578125,4830.83349609375,5235.6826171875,5760.26220703125,6630.181640625,7289.6357421875,1716.5991
2020-10-03 18:45,812.5625,895.796875,1020.5537109375,1369.7490234375,1393.8837890625,1556.1357421875,1661.19921875,1840.4833984375,2164.90625,2665.23779296875,3013.8271484375,622.9326
2020-10-03 19:00,0.0,11.298828125,90.318359375,319.6904296875,330.2265625,406.5263671875,406.5263671875,411.8251953125,677.083984375,829.63671875,889.9677734375,69.0
2020-10-04 08:00,0.0,3.9248046875,131.2919921875,254.2021484375,303.2333984375,415.0439453125,415.0439453125,508.076171875,703.4931640625,820.7275390625,820.7275390625,852.1328
2020-10-04 08:15,1203.6943359375,1317.6142578125,1431.2275390625,1579.77197265625,1707.85400390625,1840.65087890625,1922.669921875,1997.35546875,2261.78759765625,2437.8720703125,2437.8720703125,3354.3325
2020-10-04 08:30,3904.22900390625,4417.40185546875,4619.80615234375,4956.7646484375,5137.1328125,5349.90087890625,5531.6494140625,5593.3837890625,5907.578125,6253.115234375,6315.443359375,5259.1997
2020-10-04 08:45,6164.970703125,6914.99609375,7307.8017578125,7595.7392578125,7683.08837890625,7952.099609375,8039.39453125,8140.392578125,8388.255859375,8818.6552734375,9043.8466796875,7566.8657
2020-10-04 09:00,9222.6171875,9991.2685546875,10497.869140625,10592.205078125,10752.9306640625,10956.701171875,11069.8056640625,11192.095703125,11388.912109375,11876.595703125,12127.66796875,12776.533
2020-10-04 09:15,13948.271484375,14728.3623046875,15555.71875,15916.556640625,16265.49609375,16404.20703125,16404.20703125,16613.9140625,16791.1953125,17252.6484375,17484.75390625,16542.533
2020-10-04 09:30,18170.4296875,18712.11328125,19425.05078125,19624.34375,19807.451171875,19948.59375,19948.59375,20051.96484375,20064.546875,20383.046875,20434.29296875,19887.668
2020-10-04 09:45,22094.849609375,22525.095703125,22964.3515625,23158.4609375,23255.92578125,23408.154296875,23408.154296875,23481.96875,23481.96875,23670.1796875,23773.79296875,23245.533
2020-10-04 10:00,25511.234375,25923.9765625,26271.91796875,26438.25390625,26497.171875,26634.46875,26634.46875,26732.26171875,26732.26171875,26918.625,27041.5078125,26199.2
2020-10-04 10:15,27747.97265625,28290.66015625,28705.02734375,28914.671875,28991.77734375,29184.55859375,29221.48828125,29421.140625,29459.19921875,29729.51953125,29925.69921875,28283.797
2020-10-04 10:30,28533.53515625,29258.94140625,29883.875,30238.1484375,30400.18359375,30679.46875,30851.484375,31164.5078125,31338.83984375,31736.8984375,32062.4921875,30802.863
2020-10-04 10:45,31869.921875,32432.2421875,32827.578125,32987.11328125,33034.72265625,33197.703125,33197.703125,33425.60546875,33480.66015625,33772.3984375,34066.421875,33136.332
2020-10-04 11:00,34066.296875,34616.94921875,34939.1796875,35096.0546875,35108.03515625,35307.9765625,35307.9765625,35509.65234375,35515.5078125,35768.52734375,36094.78515625,34765.6
2020-10-04 11:15,35020.296875,35686.84375,36054.796875,36337.375,36376.9453125,36636.36328125,36636.36328125,36953.390625,36996.0703125,37284.1328125,37721.32421875,36098.266
2020-10-04 11:30,36042.62109375,36742.01953125,37098.91015625,37419.25390625,37461.3828125,37707.98046875,37707.98046875,38030.9375,38092.609375,38376.2265625,38867.48828125,37196.266
2020-10-04 11:45,37405.26171875,38048.23828125,38310.8828125,38607.94921875,38613.6875,38835.03515625,38835.03515625,39091.4765625,39114.91796875,39361.96484375,39859.83984375,38278.867
2020-10-04 12:00,38325.48828125,38952.8203125,39181.22265625,39514.6015625,39528.53515625,39776.5625,39776.5625,40027.06640625,40035.390625,40263.06640625,40800.609375,38999.66
2020-10-04 12:15,38390.8984375,39099.54296875,39395.15625,39841.41796875,39899.1796875,40193.0859375,40203.90625,40534.89453125,40588.91015625,40854.8984375,41465.1796875,32322.266
2020-10-04 12:30,20370.185546875,22566.55859375,26180.9765625,27976.1484375,29577.8203125,31102.578125,32671.18359375,34830.3828125,36283.6484375,37829.6171875,39442.89453125,38805.195
2020-10-04 12:45,32180.06640625,33391.44921875,36733.75,37963.44140625,39397.828125,40243.89453125,41220.234375,41969.1171875,42822.41796875,43814.10546875,44912.75390625,41686.664
2020-10-04 13:00,37830.20703125,39183.08203125,41090.921875,41871.70703125,42214.67578125,42683.875,42902.28125,43203.6640625,43247.80859375,44076.5234375,44604.66796875,35779.2
2020-10-04 13:15,24066.71875,26570.98046875,30653.53515625,32589.46875,33717.48046875,35296.8671875,36522.296875,38480.87109375,39735.8046875,41329.85546875,42743.59375,37516.598
2020-10-04 13:30,30251.19140625,32309.765625,35248.16015625,36499.48828125,37037.046875,38052.68359375,38871.109375,39899.26171875,40628.0625,42008.8828125,43435.25390625,41983.664
2020-10-04 13:45,33505.0,35773.51953125,38774.9453125,40232.7890625,41236.55078125,42097.65625,42752.625,43261.80078125,43723.98828125,44733.47265625,45770.73828125,41581.395
2020-10-04 14:00,36328.91015625,38263.00390625,40186.61328125,41201.7265625,41470.640625,41982.28125,42306.84375,42680.140625,42839.30859375,43812.61328125,44377.69140625,41330.996
2020-10-04 14:15,37850.94921875,39377.77734375,40504.12890625,41105.76171875,41185.05078125,41588.80859375,41664.3671875,41935.59765625,42016.33984375,42595.0859375,43247.12109375,40866.996
2020-10-04 14:30,37352.16796875,38811.8671875,39704.296875,40319.01953125,40366.03125,40767.09765625,40843.34375,41177.30859375,41287.75,41825.90625,42477.27734375,40292.4
2020-10-04 14:45,37331.91015625,38599.09765625,39316.5234375,39793.36328125,39812.33984375,40141.4140625,40146.4453125,40438.7734375,40487.109375,40930.8125,41535.34765625,39398.133
2020-10-04 15:00,36112.2734375,37342.92578125,38095.69921875,38549.3671875,38589.078125,38915.5390625,38956.8984375,39276.515625,39370.33203125,39785.09765625,40372.20703125,38460.266
2020-10-04 15:15,35086.2421875,36212.3984375,36978.51171875,37289.9765625,37355.8671875,37624.94921875,37676.80859375,37961.23046875,38069.62890625,38431.875,39008.69140625,37190.0
2020-10-04 15:30,33652.9765625,34693.703125,35482.96484375,35711.2890625,35832.16015625,36050.90625,36134.03515625,36415.203125,36549.08984375,36917.35546875,37483.4140625,35896.867
2020-10-04 15:45,32774.015625,33613.40234375,34265.44921875,34431.80859375,34546.6171875,34708.21875,34736.21875,34968.97265625,35073.08203125,35385.8203125,35933.62109375,33883.266
2020-10-04 16:00,30409.3125,31153.34375,31965.13671875,32032.40234375,32243.109375,32409.68359375,32552.50390625,32873.921875,33068.296875,33422.4609375,33915.12890625,32595.664
2020-10-04 16:15,29292.44140625,29837.30859375,30488.3671875,30491.609375,30645.0625,30814.921875,30841.50390625,31164.9296875,31261.66015625,31558.06640625,32043.5390625,30385.133
2020-10-04 16:30,26711.6484375,27093.86328125,27864.10546875,27864.10546875,28061.890625,28284.48046875,28405.921875,28835.6796875,28983.40234375,29415.79296875,29848.12890625,27927.332
2020-10-04 16:45,25061.91796875,25293.07421875,25804.01953125,25804.01953125,25804.01953125,25925.61328125,25979.58984375,26371.48828125,26405.3671875,26818.93359375,27236.47265625,25531.734
2020-10-04 17:00,22495.05078125,22732.251953125,23129.125,23133.17578125,23176.47265625,23284.0546875,23373.9609375,23693.1953125,23716.4140625,24069.0,24554.796875,22771.531
2020-10-04 17:15,19509.640625,19776.638671875,20074.443359375,20204.29296875,20259.802734375,20380.45703125,20516.818359375,20755.37109375,20846.859375,21188.45703125,21777.498046875,20175.732
2020-10-04 17:30,17184.05078125,17480.109375,17630.3203125,17722.056640625,17755.724609375,17845.0703125,17930.36328125,18068.767578125,18156.19921875,18485.3515625,19060.0703125,17249.533
2020-10-04 17:45,14094.330078125,14405.71484375,14571.099609375,14638.841796875,14686.6328125,14822.75,14922.654296875,15020.9794921875,15153.802734375,15503.2578125,15992.626953125,14013.732
2020-10-04 18:00,10207.0888671875,10570.7666015625,10798.8359375,10892.2333984375,10972.66015625,11182.896484375,11268.5634765625,11419.8984375,11592.6474609375,11967.3271484375,12363.0634765625,10496.466
2020-10-04 18:15,6232.8408203125,6574.18505859375,6804.87939453125,6966.431640625,7111.552734375,7289.546875,7398.7294921875,7552.3857421875,7758.0263671875,8136.50048828125,8480.8349609375,7277.7324
2020-10-04 18:30,3540.935546875,3733.595703125,3878.59375,4064.5068359375,4193.0986328125,4299.357421875,4403.27587890625,4498.6552734375,4694.41650390625,5012.32373046875,5222.67626953125,4182.3994
2020-10-04 18:45,1372.369140625,1483.65966796875,1602.83935546875,1813.3203125,1869.19482421875,1998.1640625,2053.78564453125,2130.33154296875,2367.36474609375,2570.42041015625,2631.74853515625,1682.0664
2020-10-04 19:00,31.970703125,143.2919921875,276.6669921875,452.2783203125,487.3759765625,592.62890625,605.6796875,646.6240234375,919.99609375,1019.123046875,1019.123046875,271.7998
2020-10-05 08:00,38.9326171875,46.96875,174.783203125,297.849609375,350.107421875,460.1865234375,461.4951171875,555.4501953125,756.625,878.701171875,878.701171875,982.7324
2020-10-05 08:15,1263.6044921875,1384.6787109375,1497.283203125,1648.20556640625,1781.7919921875,1911.97509765625,2001.9716796875,2073.66943359375,2340.72265625,2522.41162109375,2522.41162109375,3039.7998
2020-10-05 08:30,3882.8251953125,4341.1455078125,4532.26025390625,4769.1162109375,4940.169921875,5091.9990234375,5257.5673828125,5282.77587890625,5585.09765625,5888.4033203125,5904.357421875,5695.9995
2020-10-05 08:45,7037.90380859375,7734.2861328125,8080.2412109375,8353.4384765625,8420.5126953125,8664.8544921875,8698.1748046875,8758.2705078125,8935.2294921875,9276.53515625,9433.216796875,9201.333
2020-10-05 09:00,11033.3017578125,11706.4111328125,12232.330078125,12341.4423828125,12436.78515625,12574.015625,12574.015625,12636.6650390625,12719.2431640625,13040.3662109375,13083.9697265625,12625.6
2020-10-05 09:15,14781.3046875,15201.3427734375,15765.853515625,15765.853515625,15869.7431640625,15889.7734375,15889.7734375,15918.9609375,15918.9609375,16246.0546875,16246.0546875,16155.332
2020-10-05 09:30,18422.9140625,18651.1875,19020.693359375,19022.8125,19152.16796875,19282.912109375,19282.912109375,19301.734375,19301.734375,19507.1171875,19507.1171875,19299.465
2020-10-05 09:45,21862.33984375,22025.02734375,22227.728515625,22303.41796875,22369.70703125,22526.33984375,22526.33984375,22544.7734375,22544.7734375,22703.28515625,22740.591796875,22342.664
2020-10-05 10:00,25133.736328125,25324.546875,25489.388671875,25581.345703125,25600.46875,25725.095703125,25725.095703125,25731.28515625,25731.28515625,25887.068359375,25946.3203125,25290.664
2020-10-05 10:15,27367.421875,27725.10546875,27984.5078125,28115.16015625,28157.97265625,28309.296875,28309.296875,28432.4765625,28479.62109375,28705.3125,28834.86328125,27702.332
2020-10-05 10:30,28653.55859375,29180.78125,29602.0703125,29804.82421875,29910.9140625,30094.37890625,30203.51171875,30397.91015625,30524.90234375,30836.25,31065.7421875,29928.531
2020-10-05 10:45,30835.26171875,31363.75,31738.70703125,31859.82421875,31939.609375,32062.609375,32117.078125,32295.28515625,32392.99609375,32679.34765625,32941.4375,31994.531
2020-10-05 11:00,32977.14453125,33500.88671875,33821.1015625,33905.6953125,33967.984375,34095.91015625,34096.47265625,34259.1796875,34335.45703125,34579.73046875,34875.9921875,33797.93
2020-10-05 11:15,34322.2265625,34918.98046875,35258.1953125,35396.828125,35469.37109375,35624.76171875,35647.1171875,35837.15234375,35932.45703125,36189.19140625,36559.66015625,35387.2
2020-10-05 11:30,35539.5078125,36163.859375,36483.83984375,36669.02734375,36746.5078125,36892.87109375,36901.45703125,37109.46484375,37219.3515625,37468.01953125,37889.22265625,36605.93
2020-10-05 11:45,36682.1953125,37315.828125,37607.45703125,37821.92578125,37908.60546875,38053.8125,38053.8125,38252.95703125,38354.8671875,38591.9375,39048.59375,37873.4
2020-10-05 12:00,37870.17578125,38487.453125,38760.34765625,38977.18359375,39081.328125,39245.78515625,39245.78515625,39406.27734375,39489.828125,39707.98046875,40195.22265625,38910.535
2020-10-05 12:15,38363.3203125,39035.4609375,39345.0546875,39641.99609375,39770.98828125,39975.765625,39992.1171875,40200.1640625,40310.62890625,40550.37890625,41084.99609375,38855.33
2020-10-05 12:30,37393.32421875,38222.390625,38761.80078125,39210.8046875,39426.1640625,39700.4609375,39867.984375,40191.1796875,40415.12109375,40749.84375,41383.125,39695.535
2020-10-05 12:45,39031.734375,39719.0859375,40090.1328125,40337.89453125,40492.55078125,40646.76953125,40697.46484375,40887.8671875,40996.24609375,41264.69140625,41832.52734375,40145.4
2020-10-05 13:00,39408.97265625,40120.0703125,40457.984375,40767.54296875,40899.37109375,41102.09375,41150.08984375,41351.359375,41446.78125,41711.203125,42283.5625,40713.996
2020-10-05 13:15,39440.28125,40187.01171875,40547.828125,40865.40625,40993.9921875,41215.3203125,41251.125,41455.0078125,41561.44921875,41829.40625,42426.1171875,41106.527
2020-10-05 13:30,39969.46484375,40679.87890625,40975.25390625,41280.41015625,41364.9140625,41571.50390625,41586.10546875,41775.48046875,41850.1875,42121.70703125,42694.91796875,41398.73
2020-10-05 13:45,39647.1796875,40447.54296875,40781.82421875,41176.07421875,41253.1953125,41485.671875,41513.828125,41751.09375,41845.87890625,42128.08203125,42661.625,41134.0
2020-10-05 14:00,39917.4375,40635.890625,40976.64453125,41263.26171875,41359.8515625,41575.015625,41600.421875,41779.7578125,41866.89453125,42139.13671875,42696.625,40116.066
2020-10-05 14:15,36769.421875,37828.30078125,38631.69140625,39247.80078125,39398.078125,39841.4765625,40096.5078125,40508.6484375,40820.875,41231.09375,41927.36328125,40666.867
2020-10-05 14:30,38046.28515625,38891.109375,39551.04296875,39912.7109375,40041.51171875,40315.48046875,40424.32421875,40622.42578125,40786.21875,41122.37109375,41742.05859375,39989.33
2020-10-05 14:45,37392.8046875,38315.26953125,38910.31640625,39294.71875,39348.20703125,39615.17578125,39691.15625,39895.609375,40035.1015625,40391.25390625,40939.61328125,39416.2
2020-10-05 15:00,36882.5546875,37734.109375,38294.03125,38586.52734375,38615.93359375,38854.5078125,38884.39453125,39068.89453125,39214.42578125,39499.9140625,40023.99609375,38760.734
2020-10-05 15:15,36051.28515625,36900.375,37455.8671875,37697.76953125,37735.6796875,37945.28125,37971.3046875,38136.91015625,38291.36328125,38561.5234375,39075.78515625,37241.73
2020-10-05 15:30,34183.796875,35089.859375,35759.09765625,35963.015625,36060.4453125,36257.63671875,36357.79296875,36603.15234375,36794.6640625,37094.453125,37627.5234375,35634.934
2020-10-05 15:45,32619.78515625,33443.05078125,34121.85546875,34200.2890625,34368.171875,34499.0390625,34603.3828125,34849.84765625,35030.71484375,35302.94921875,35844.21875,34239.2
2020-10-05 16:00,31264.125,31928.1953125,32534.69921875,32555.9453125,32728.5703125,32847.25,32900.8515625,33159.140625,33299.60546875,33544.984375,34061.21875,31256.531
2020-10-05 16:15,26432.20703125,27156.22265625,28428.48828125,28545.80859375,29059.8828125,29399.9609375,29790.9140625,30381.08984375,30848.59375,31417.16015625,31962.67578125,30386.531
2020-10-05 16:30,26046.984375,26594.859375,27488.046875,27678.2578125,27949.8515625,28277.01953125,28373.53125,28931.515625,29034.47265625,29587.95703125,30231.234375,28011.598
2020-10-05 16:45,24252.5703125,24514.6171875,25291.5234375,25358.16015625,25587.095703125,25847.65234375,25983.431640625,26468.03515625,26571.80859375,27157.95703125,27652.24609375,25524.934
2020-10-05 17:00,22452.05859375,22651.455078125,23088.626953125,23123.7265625,23169.8125,23319.57421875,23381.21875,23757.375,23790.65625,24237.78515625,24735.52734375,22641.0
2020-10-05 17:15,19002.125,19258.412109375,19684.921875,19904.45703125,19956.87890625,20163.04296875,20338.28515625,20621.099609375,20789.18359375,21224.8515625,21786.255859375,19551.732
2020-10-05 17:30,15722.63671875,16032.951171875,16331.287109375,16599.859375,16605.0078125,16828.0625,16988.28125,17163.7890625,17367.81640625,17832.423828125,18432.9140625,16552.6
2020-10-05 17:45,12699.9970703125,13038.6650390625,13235.5595703125,13352.763671875,13356.935546875,13541.880859375,13636.5048828125,13746.75,13905.5849609375,14346.935546875,14873.212890625,13207.8
2020-10-05 18:00,9320.51953125,9628.1796875,9813.7724609375,9863.0537109375,9920.412109375,10077.9345703125,10158.7275390625,10285.138671875,10431.4169921875,10848.4638671875,11275.154296875,9470.733
2020-10-05 18:15,5501.4892578125,5705.53759765625,5878.13720703125,6052.19482421875,6147.65283203125,6285.56298828125,6394.5107421875,6539.3740234375,6750.47607421875,7177.2900390625,7525.14501953125,6385.9995
2020-10-05 18:30,3179.3857421875,3238.5048828125,3344.802734375,3533.52001953125,3594.56689453125,3696.1162109375,3772.3125,3865.07421875,4061.63232421875,4404.75,4585.24658203125,3706.4668
2020-10-05 18:45,1127.2470703125,1165.9912109375,1287.265625,1496.30615234375,1520.43701171875,1624.75830078125,1674.53515625,1743.33984375,1968.26806640625,2210.46533203125,2259.2197265625,1531.5996
2020-10-05 19:00,158.5390625,194.4599609375,306.8359375,477.8798828125,488.681640625,580.3427734375,590.4189453125,609.1357421875,824.18359375,956.2080078125,956.2080078125,152.39941
2020-10-06 08:00,0.0,0.0,110.626953125,232.9580078125,283.0546875,385.076171875,385.076171875,473.732421875,675.38671875,798.564453125,798.564453125,546.0
2020-10-06 08:15,644.7333984375,711.90625,817.5302734375,962.9580078125,1064.4140625,1182.6455078125,1229.1591796875,1314.546875,1556.306640625,1732.1005859375,1732.1005859375,2430.7324
2020-10-06 08:30,2910.00048828125,3293.9892578125,3467.8994140625,3725.80224609375,3935.2607421875,4101.626953125,4284.11767578125,4346.3798828125,4684.98388671875,4996.19482421875,5020.44482421875,4675.4663
2020-10-06 08:45,5361.32958984375,6058.19140625,6380.47802734375,6736.7744140625,6867.623046875,7125.640625,7255.1591796875,7347.54345703125,7625.58056640625,8056.37109375,8292.865234375,7246.7324
2020-10-06 09:00,8417.6650390625,9221.625,9722.8271484375,9949.62109375,10072.3134765625,10309.7265625,10401.3623046875,10534.9580078125,10755.455078125,11205.255859375,11467.7470703125,10147.266
2020-10-06 09:15,11713.5068359375,12358.595703125,12961.27734375,12962.537109375,13184.9453125,13261.0087890625,13357.115234375,13477.4033203125,13645.498046875,14138.90234375,14309.0986328125,13471.333
2020-10-06 09:30,15367.90234375,15784.541015625,16280.841796875,16280.841796875,16454.24609375,16477.318359375,16492.05859375,16596.103515625,16685.3515625,17134.4375,17274.646484375,16614.135
2020-10-06 09:45,19030.4609375,19313.658203125,19633.03515625,19633.03515625,19768.6875,19846.287109375,19846.287109375,19875.24609375,19906.5234375,20216.82421875,20351.654296875,19794.666
2020-10-06 10:00,22484.32421875,22751.875,23010.560546875,23091.23828125,23153.09375,23242.60546875,23242.60546875,23242.60546875,23262.4765625,23488.73046875,23628.203125,22518.0
2020-10-06 10:15,24678.26953125,25060.77734375,25408.5,25550.759765625,25626.8046875,25755.341796875,25755.341796875,25886.802734375,25976.181640625,26262.53515625,26450.03125,25198.934
2020-10-06 10:30,26774.53515625,27220.1015625,27590.125,27712.5546875,27803.54296875,27913.67578125,27937.9453125,28095.34765625,28206.78515625,28530.74609375,28764.6875,27528.73
2020-10-06 10:45,28887.578125,29358.3515625,29697.4453125,29781.68359375,29859.90625,29951.62890625,29966.609375,30107.17578125,30212.0625,30522.046875,30779.91015625,29810.398
2020-10-06 11:00,31102.65625,31582.55859375,31886.37109375,31942.8359375,32002.37109375,32097.71875,32097.71875,32206.37890625,32298.7109375,32564.29296875,32839.0078125,31777.664
2020-10-06 11:15,32576.9609375,33126.75390625,33466.0703125,33562.796875,33634.40234375,33755.25390625,33779.328125,33925.671875,34044.64453125,34314.4375,34642.80859375,33482.863
2020-10-06 11:30,33862.05078125,34440.98828125,34772.4296875,34898.65625,34983.05859375,35091.05859375,35106.3828125,35275.04296875,35413.59765625,35666.375,36041.3125,35008.062
2020-10-06 11:45,35328.3671875,35903.703125,36187.81640625,36321.4375,36408.87109375,36506.4609375,36506.4609375,36642.8515625,36764.19140625,36982.72265625,37384.4296875,36391.53
2020-10-06 12:00,36520.265625,37114.9609375,37398.98046875,37561.46875,37656.31640625,37790.0546875,37790.0546875,37923.62109375,38037.33984375,38239.66015625,38676.40234375,37493.066
2020-10-06 12:15,37022.9609375,37686.92578125,38027.0625,38263.02734375,38385.68359375,38556.37890625,38568.0703125,38763.20703125,38915.66796875,39136.84375,39621.03125,35855.934
2020-10-06 12:30,29610.90234375,30983.2109375,32966.69140625,34102.9609375,34864.2421875,35584.20703125,36306.80859375,37219.29296875,38154.33984375,38916.6015625,39803.828125,34949.863
2020-10-06 12:45,32031.19140625,33109.74609375,34585.77734375,34734.6015625,34975.140625,35231.81640625,35642.37890625,36274.18359375,36773.421875,37474.84765625,38258.04296875,38421.934
2020-10-06 13:00,33639.9296875,35081.86328125,36977.01171875,37931.0625,38690.60546875,39302.59765625,39691.703125,40169.56640625,40763.7734375,41477.734375,42459.96484375,39722.332
2020-10-06 13:15,37048.9296875,38326.25,39554.00390625,40142.79296875,40365.8203125,40622.7578125,40840.80078125,41092.29296875,41257.6484375,41961.5078125,42496.3203125,39814.73
2020-10-06 13:30,37504.03125,38660.49609375,39494.48828125,39928.09765625,40046.1171875,40326.0390625,40439.515625,40749.4765625,40918.50390625,41396.8984375,41986.11328125,39721.734
2020-10-06 13:45,37012.8984375,38202.76953125,38960.4765625,39401.6796875,39521.53515625,39796.9921875,39918.12109375,40239.62109375,40448.12109375,40854.02734375,41434.48828125,39703.33
2020-10-06 14:00,37804.60546875,38836.4453125,39506.07421875,39841.3203125,39989.49609375,40245.4453125,40301.12109375,40520.00390625,40682.9921875,41032.19140625,41631.4765625,39897.062
2020-10-06 14:15,37636.5546875,38650.8359375,39236.00390625,39582.46484375,39655.875,39918.765625,39983.1796875,40210.7265625,40367.671875,40715.109375,41273.21875,39252.598
2020-10-06 14:30,36686.8203125,37721.33984375,38320.8359375,38659.578125,38712.3359375,38983.97265625,39052.05859375,39318.26953125,39496.46875,39826.3359375,40398.23046875,38628.125
2020-10-06 14:45,36156.2890625,37136.20703125,37693.3828125,37979.65234375,38029.4765625,38260.23828125,38294.76171875,38514.59375,38671.0859375,38965.640625,39530.296875,37419.133
2020-10-06 15:00,34728.2421875,35737.24609375,36393.12890625,36667.55859375,36710.3359375,36961.578125,37040.16015625,37304.85546875,37505.8046875,37808.84765625,38365.04296875,36451.664
2020-10-06 15:15,34260.0390625,35101.65234375,35704.71484375,35902.453125,35902.453125,36083.37890625,36116.56640625,36329.4921875,36460.203125,36711.48828125,37211.02734375,35404.73
2020-10-06 15:30,31600.921875,32548.765625,33393.82421875,33630.05078125,33824.15234375,34081.96875,34224.16015625,34577.9296875,34848.70703125,35210.88671875,35788.83203125,34128.2
2020-10-06 15:45,30980.04296875,31727.953125,32383.8984375,32525.671875,32698.59375,32894.703125,32929.9140625,33244.28125,33389.91796875,33709.14453125,34301.25,32115.332
2020-10-06 16:00,28893.22265625,29500.05078125,30273.95703125,30273.95703125,30511.65625,30717.74609375,30831.19921875,31239.7578125,31414.62109375,31810.78125,32321.71875,30451.2
2020-10-06 16:15,27499.421875,27886.33984375,28506.6640625,28506.6640625,28546.984375,28727.22265625,28773.98828125,29201.13671875,29262.67578125,29657.390625,30155.0546875,28424.0
2020-10-06 16:30,25292.015625,25500.734375,26097.3515625,26097.3515625,26171.53515625,26368.8984375,26431.40234375,26874.15625,26938.14453125,27401.97265625,27885.84375,26213.863
2020-10-06 16:45,23374.015625,23504.62109375,23898.25390625,23898.25390625,23938.484375,24080.625,24085.033203125,24456.22265625,24476.37890625,24909.12890625,25414.984375,23654.066
2020-10-06 17:00,20735.6015625,20897.48046875,21192.81640625,21280.8359375,21301.28515625,21434.02734375,21474.36328125,21755.353515625,21826.3203125,22203.8828125,22754.06640625,21206.0
2020-10-06 17:15,18107.3671875,18358.890625,18545.611328125,18689.498046875,18689.498046875,18802.0234375,18844.11328125,19027.66015625,19122.640625,19447.470703125,20024.796875,18894.066
2020-10-06 17:30,15742.19140625,16054.8759765625,16164.103515625,16241.3466796875,16241.3466796875,16336.8671875,16344.400390625,16436.353515625,16523.275390625,16814.30078125,17346.53515625,14367.932
2020-10-06 17:45,10168.1357421875,10582.1376953125,10938.173828125,11311.1943359375,11369.0283203125,11738.01953125,11915.0810546875,12149.76953125,12491.9970703125,12988.2802734375,13577.486328125,12177.799
2020-10-06 18:00,8047.326171875,8395.8701171875,8621.8662109375,8720.73046875,8846.6904296875,8980.80078125,9060.888671875,9232.8818359375,9407.1416015625,9885.6259765625,10330.7861328125,6700.3325
2020-10-06 18:15,3492.60205078125,3665.55712890625,3865.611328125,4235.66162109375,4319.802734375,4540.63525390625,4664.94970703125,4886.02099609375,5205.06640625,5718.79638671875,6162.3291015625,3565.7998
2020-10-06 18:30,1533.3564453125,1542.837890625,1629.701171875,1928.638671875,1933.81982421875,2079.83349609375,2114.6376953125,2228.9921875,2475.2607421875,2807.369140625,3020.8046875,1437.5996
2020-10-06 18:45,156.3857421875,156.3857421875,233.4990234375,485.3662109375,485.3662109375,562.6767578125,562.6767578125,593.720703125,845.16015625,999.0849609375,1041.896484375,910.7998
2020-10-06 19:00,74.533203125,74.533203125,159.1103515625,333.080078125,355.19921875,423.0693359375,423.0693359375,423.0693359375,641.5244140625,737.419921875,737.419921875,156.39941
2020-10-07 08:15,342.63671875,383.966796875,490.4912109375,632.8369140625,707.3916015625,811.693359375,842.8671875,922.0068359375,1155.630859375,1331.6220703125,1331.6220703125,1054.7998
2020-10-07 08:30,1360.3310546875,1568.52978515625,1714.33154296875,1885.45849609375,2037.6865234375,2146.89599609375,2277.25927734375,2338.91064453125,2649.8525390625,2932.537109375,2932.537109375,2143.0664
2020-10-07 08:45,2346.80517578125,2785.81298828125,3004.30517578125,3268.029296875,3452.90234375,3590.9501953125,3754.5400390625,3862.958984375,4196.5380859375,4631.09521484375,4842.86083984375,3382.0664
2020-10-07 09:00,3790.39111328125,4415.16015625,4693.46533203125,5075.6103515625,5252.69677734375,5493.61474609375,5650.92431640625,5852.3740234375,6185.564453125,6744.927734375,7200.3662109375,4796.8667
2020-10-07 09:15,4649.169921875,5320.033203125,5676.8564453125,6139.09521484375,6327.58203125,6661.2822265625,6876.501953125,7179.78515625,7563.7705078125,8313.7529296875,9008.380859375,8301.4
2020-10-07 09:30,7723.41943359375,8803.89453125,9688.5068359375,10489.4990234375,10946.6015625,11445.1435546875,11876.97265625,12279.4677734375,12884.9345703125,13757.54296875,14598.74609375,9319.133
2020-10-07 09:45,7333.80419921875,8075.5224609375,9154.875,9797.0869140625,10314.03125,10856.1298828125,11451.3994140625,11937.2333984375,12670.9326171875,14034.068359375,15074.251953125,12036.199
2020-10-07 10:00,10682.7578125,11908.390625,13147.9150390625,13958.017578125,14585.845703125,15089.283203125,15700.41796875,16197.296875,16959.603515625,18217.6796875,19388.36328125,9074.866
2020-10-07 10:15,6660.77197265625,7177.43505859375,8504.8759765625,9295.4482421875,10054.755859375,11101.4990234375,12019.3759765625,13071.380859375,14157.853515625,16053.4228515625,17796.76171875,8790.466
2020-10-07 10:30,7394.60546875,8026.43017578125,8870.892578125,9700.529296875,10327.6484375,11014.69921875,11747.7392578125,12600.5419921875,13662.4443359375,15622.32421875,17638.146484375,10984.866
2020-10-07 10:45,9123.2431640625,10146.404296875,11259.974609375,12391.2939453125,13073.6748046875,13799.669921875,14552.1455078125,15516.20703125,16614.525390625,18567.03515625,20707.37109375,12152.732
2020-10-07 11:00,10416.8212890625,11483.267578125,12522.78125,13420.81640625,13959.0546875,14585.8125,15171.310546875,16066.203125,17161.287109375,19227.75390625,21490.31640625,9469.666
2020-10-07 11:15,7897.796875,8510.0791015625,9234.4150390625,9731.4130859375,10100.751953125,10542.3955078125,11100.283203125,11909.4267578125,12855.947265625,14840.60546875,16988.064453125,6760.3325
2020-10-07 11:30,5668.12548828125,6179.18896484375,6506.5498046875,6940.5576171875,7086.353515625,7181.78759765625,7605.3798828125,8165.6181640625,8834.1416015625,10283.4931640625,11915.333984375,7408.7324
2020-10-07 11:45,6066.7666015625,6959.65478515625,7813.99658203125,8419.708984375,8938.345703125,9236.2294921875,9757.2607421875,10309.5009765625,10953.421875,12203.8388671875,13427.458984375,7723.0664
2020-10-07 12:00,6900.20849609375,7530.59130859375,8123.1083984375,8664.423828125,9076.25390625,9379.9208984375,9870.8798828125,10320.9716796875,10971.4482421875,12371.580078125,13817.849609375,9394.866
2020-10-07 12:15,8622.4609375,9428.318359375,10243.5986328125,10911.1142578125,11446.8447265625,11842.943359375,12365.630859375,12915.138671875,13542.724609375,15019.5888671875,16547.716796875,11846.0
2020-10-07 12:30,10801.8154296875,11660.359375,12687.255859375,13409.2275390625,14027.2451171875,14461.23828125,15078.3779296875,15715.005859375,16444.05859375,18089.951171875,19841.85546875,11133.733
2020-10-07 12:45,9375.9853515625,9935.9892578125,10828.09375,11359.681640625,11733.3857421875,12057.0908203125,12543.48046875,12948.5732421875,13638.3779296875,15213.568359375,16979.376953125,13864.066
2020-10-07 13:00,12148.28515625,13340.2080078125,14751.697265625,15762.109375,16474.234375,17015.861328125,17694.0,18494.6640625,19274.130859375,20781.302734375,22397.0,14685.266
2020-10-07 13:15,12105.974609375,12995.6865234375,14152.9755859375,14784.412109375,15380.9208984375,15737.6611328125,16459.619140625,17030.8125,17870.1328125,19715.251953125,21605.1328125,22530.732
2020-10-07 13:30,16018.4189453125,17596.068359375,20047.220703125,21532.044921875,22828.568359375,23898.24609375,25230.50390625,26369.16796875,27633.62890625,29360.890625,31194.85546875,19092.867
2020-10-07 13:45,13315.5517578125,14547.490234375,16884.509765625,17608.759765625,18847.498046875,19523.357421875,20701.26953125,21514.65234375,22838.8046875,25652.578125,27982.27734375,24357.135
2020-10-07 14:00,17196.296875,19119.3203125,21421.1640625,22846.111328125,23974.80859375,24927.310546875,26061.91796875,27124.34765625,28249.80078125,30584.24609375,32718.54296875,22295.8
2020-10-07 14:15,16174.01953125,17785.8125,19875.39453125,20480.4140625,21643.72265625,22163.326171875,23022.03515625,23907.91015625,25127.0625,27979.93359375,30297.2890625,22798.8
2020-10-07 14:30,17364.65625,19015.76171875,20616.0703125,21516.56640625,22189.39453125,22589.34375,23184.55859375,24052.22265625,24931.421875,27392.43359375,29474.79296875,22934.066
2020-10-07 14:45,18280.7890625,19990.59375,21630.263671875,22513.892578125,23103.59375,23562.99609375,24106.609375,24886.61328125,25698.3125,27760.36328125,29640.50390625,22173.135
2020-10-07 15:00,18956.470703125,20323.970703125,21546.59765625,22028.8828125,22319.859375,22570.21875,22799.796875,23297.08203125,24017.4921875,25836.935546875,27462.609375,16432.066
2020-10-07 15:15,10705.0869140625,12197.3671875,13691.021484375,15234.9580078125,15806.0703125,16546.642578125,17201.146484375,18188.259765625,19512.6953125,21161.689453125,22683.501953125,14460.332
2020-10-07 15:30,10394.5244140625,11860.001953125,13034.0498046875,14274.525390625,14577.8671875,15143.619140625,15621.77734375,16235.80859375,17254.24609375,18724.06640625,19985.55078125,14865.332
2020-10-07 15:45,10862.62109375,12155.080078125,13344.1396484375,14353.306640625,14750.294921875,15272.177734375,15855.7109375,16301.7705078125,17129.8984375,18433.560546875,19877.396484375,16100.932
2020-10-07 16:00,12177.107421875,13389.84765625,14707.3349609375,15640.4423828125,16194.033203125,16733.94921875,17380.025390625,17930.7265625,18734.4453125,20145.70703125,21761.197265625,12136.332
2020-10-07 16:15,7828.14501953125,8628.5224609375,9567.8779296875,10204.1845703125,10699.166015625,11051.2255859375,11752.6328125,12130.05078125,13116.1728515625,14468.03515625,16059.3359375,13175.465
2020-10-07 16:30,9170.4521484375,10383.9375,11786.9638671875,12829.130859375,13654.37890625,14228.244140625,15047.2265625,15753.87109375,16680.390625,18014.212890625,19409.3359375,11854.732
2020-10-07 16:45,9465.0556640625,10173.609375,11077.4208984375,11594.3671875,12098.57421875,12477.6201171875,13133.05859375,13488.9892578125,14325.0234375,15884.6884765625,17452.236328125,11284.533
2020-10-07 17:00,8061.89013671875,8684.171875,9494.80078125,9969.4091796875,10237.205078125,10516.1162109375,10969.947265625,11195.7666015625,11801.986328125,12939.302734375,14222.5634765625,14616.199
2020-10-07 17:15,9700.5732421875,10773.794921875,12297.7177734375,13479.2431640625,14299.171875,14968.82421875,15717.4736328125,16428.359375,17218.0078125,18308.546875,19615.0390625,13432.6
2020-10-07 17:30,8506.97265625,9146.9560546875,10164.033203125,10750.8837890625,11272.537109375,11654.970703125,12286.248046875,12640.548828125,13315.2451171875,14599.40234375,15916.0546875,7165.7993
2020-10-07 17:45,4304.9462890625,4692.3642578125,5385.80908203125,5880.6201171875,6051.5869140625,6424.6416015625,6813.6337890625,7176.3623046875,7861.4755859375,8870.4375,9900.32421875,7613.8657
2020-10-07 18:00,3822.22705078125,4199.2724609375,4723.71435546875,5078.43798828125,5286.4462890625,5465.93701171875,5776.1044921875,6066.0732421875,6486.8759765625,7129.2841796875,7715.572265625,7853.6665
2020-10-07 18:15,3536.421875,3871.2451171875,4247.2138671875,4589.970703125,4857.5146484375,5062.2177734375,5358.27734375,5627.5244140625,6041.9736328125,6580.57568359375,7005.7705078125,3180.5996
2020-10-07 18:30,1249.7001953125,1382.62890625,1592.251953125,1785.55078125,1830.6767578125,2031.4248046875,2176.72802734375,2358.45703125,2675.4638671875,3112.69189453125,3426.9208984375,2544.5322
2020-10-07 18:45,835.0126953125,915.939453125,1053.728515625,1203.8876953125,1235.2802734375,1339.4853515625,1427.8310546875,1499.02587890625,1712.43359375,1955.72900390625,2012.876953125,535.7324
2020-10-07 19:00,0.0,0.0,0.0,1.603515625,22.728515625,87.806640625,88.12890625,156.3271484375,366.5439453125,515.609375,524.8544921875,8.932617
2020-10-08 08:00,0.0,0.0,58.1455078125,194.2626953125,230.626953125,364.12890625,372.1484375,487.1015625,698.9404296875,812.177734375,812.177734375,862.0664
2020-10-08 08:15,1093.78515625,1228.4208984375,1341.6572265625,1495.43115234375,1611.185546875,1755.431640625,1850.91455078125,1930.751953125,2209.2236328125,2370.71875,2370.71875,3364.9326
2020-10-08 08:30,4548.08203125,5032.2939453125,5271.23876953125,5558.03076171875,5740.494140625,5933.6064453125,6113.97216796875,6134.15625,6452.2568359375,6724.8896484375,6724.8896484375,6595.1323
2020-10-08 08:45,8258.6962890625,8893.5693359375,9321.05859375,9595.2412109375,9616.9306640625,9909.2890625,9909.2890625,9916.6240234375,10022.845703125,10283.6279296875,10325.44140625,10257.266
2020-10-08 09:00,12587.1162109375,13104.6162109375,13656.880859375,13667.7421875,13721.3212890625,13829.9453125,13829.9453125,13829.9453125,13829.9453125,13982.3369140625,13982.3369140625,13726.133
2020-10-08 09:15,15911.8974609375,16249.2890625,16825.896484375,16844.17578125,16987.908203125,17131.064453125,17131.064453125,17177.4609375,17177.4609375,17415.90234375,17415.90234375,17003.664
2020-10-08 09:30,18819.798828125,19096.130859375,19551.513671875,19742.185546875,19906.125,20220.404296875,20220.404296875,20401.123046875,20458.81640625,20677.56640625,20687.869140625,20324.934
2020-10-08 09:45,22871.125,23051.04296875,23265.884765625,23396.4921875,23461.05859375,23651.6171875,23651.6171875,23709.17578125,23722.1796875,23859.46484375,23899.796875,23302.934
2020-10-08 10:00,25897.845703125,26146.74609375,26346.2890625,26474.83203125,26501.3984375,26669.41796875,26669.41796875,26729.6640625,26764.66015625,26901.25,26966.31640625,25972.137
2020-10-08 10:15,27641.875,28094.984375,28439.76171875,28624.125,28706.16796875,28904.375,29005.5703125,29132.171875,29243.765625,29469.1953125,29627.28125,28570.332
2020-10-08 10:30,30098.82421875,30546.13671875,30916.2890625,31057.19921875,31110.140625,31247.1015625,31314.19140625,31455.62890625,31550.2890625,31775.26171875,31948.7890625,31050.863
2020-10-08 10:45,32124.5546875,32594.59375,32944.5703125,33105.76953125,33138.40234375,33278.98046875,33314.91796875,33490.875,33586.8515625,33818.796875,34033.078125,33206.4
2020-10-08 11:00,34438.02734375,34871.48828125,35171.7109375,35310.98828125,35327.01171875,35498.22265625,35498.22265625,35670.625,35721.171875,35918.0,36185.37109375,34877.598
2020-10-08 11:15,35025.4609375,35637.05078125,36035.4296875,36356.48828125,36429.89453125,36684.49609375,36729.546875,37029.58203125,37132.90234375,37408.12890625,37823.9296875,36226.8
2020-10-08 11:30,36449.12890625,37052.30859375,37377.07421875,37672.203125,37712.7265625,37929.15234375,37929.15234375,38214.21484375,38296.16015625,38545.87109375,38993.13671875,37556.797
2020-10-08 11:45,37874.9140625,38431.625,38668.98828125,38962.23828125,38968.46875,39180.015625,39180.015625,39412.32421875,39446.1875,39667.19140625,40131.6875,38797.0
2020-10-08 12:00,38986.71484375,39519.23828125,39709.5859375,40036.82421875,40046.24609375,40288.5390625,40288.5390625,40514.30859375,40516.28515625,40721.7890625,41228.671875,39869.535
2020-10-08 12:15,39551.1484375,40135.2578125,40332.203125,40742.73046875,40776.34765625,41055.40625,41055.40625,41324.9609375,41330.53125,41559.8984375,42132.52734375,40770.664
2020-10-08 12:30,40414.22265625,40988.5390625,41153.1796875,41555.09375,41568.54296875,41833.15625,41833.15625,42084.125,42084.125,42299.41015625,42870.4296875,41303.996
2020-10-08 12:45,41019.21484375,41585.9921875,41720.140625,42143.36328125,42143.36328125,42400.80078125,42400.80078125,42663.4609375,42663.4609375,42851.71484375,43427.203125,41860.93
2020-10-08 13:00,41402.4375,41962.24609375,42075.5703125,42519.98828125,42519.98828125,42799.95703125,42799.95703125,43064.6484375,43064.6484375,43236.18359375,43847.2890625,42161.133
2020-10-08 13:15,41154.68359375,41790.1875,41935.01953125,42462.55859375,42462.55859375,42795.47265625,42795.47265625,43123.48046875,43123.48046875,43356.89453125,44036.20703125,42180.13
2020-10-08 13:30,41138.96875,41799.05078125,41940.65234375,42466.6640625,42466.6640625,42751.0703125,42751.0703125,43086.28125,43086.28125,43328.171875,44004.85546875,42131.664
2020-10-08 13:45,40590.49609375,41371.04296875,41555.30078125,42195.6171875,42195.6171875,42467.8671875,42467.8671875,42852.609375,42852.609375,43103.578125,43760.046875,41863.727
2020-10-08 14:00,41096.60546875,41695.96875,41886.02734375,42318.40234375,42318.40234375,42582.0078125,42582.0078125,42824.58203125,42824.58203125,43041.234375,43705.7890625,41418.8
2020-10-08 14:15,38986.26171875,39802.55859375,40185.49609375,40890.17578125,40890.17578125,41300.4296875,41373.99609375,41770.96484375,41858.453125,42200.9375,42963.5625,40695.066
2020-10-08 14:30,38770.32421875,39492.3359375,39851.5546875,40313.7890625,40313.7890625,40549.7578125,40561.87109375,40865.01171875,40898.4296875,41184.7734375,41875.71484375,39893.13
2020-10-08 14:45,37831.7109375,38537.484375,38917.06640625,39322.09375,39322.09375,39527.05078125,39527.05078125,39793.48828125,39845.33203125,40116.109375,40753.453125,38998.53
2020-10-08 15:00,36971.3125,37596.55078125,38010.81640625,38316.8125,38316.8125,38509.49609375,38511.62109375,38713.17578125,38798.37109375,39030.953125,39618.0390625,37972.93
2020-10-08 15:15,35368.5859375,36017.078125,36585.24609375,36814.5859375,36850.10546875,37054.01171875,37131.56640625,37321.89453125,37481.5,37737.51171875,38306.36328125,36750.133
2020-10-08 15:30,34127.92578125,34715.77734375,35299.5703125,35419.2109375,35481.8203125,35604.7578125,35698.375,35858.33203125,36032.8203125,36305.0390625,36839.3671875,35591.934
2020-10-08 15:45,33239.32421875,33689.84765625,34162.453125,34268.015625,34304.98046875,34382.515625,34425.5234375,34546.07421875,34704.9609375,34968.44921875,35470.28125,33947.062
2020-10-08 16:00,31493.03125,31853.12890625,32380.65625,32417.51171875,32479.39453125,32556.84765625,32644.390625,32803.6953125,32985.38671875,33261.17578125,33702.77734375,31825.93
2020-10-08 16:15,28964.46875,29268.21875,29962.01953125,29962.01953125,30047.828125,30168.36328125,30354.1953125,30627.3984375,30852.57421875,31195.34765625,31612.625,29961.398
2020-10-08 16:30,27283.09765625,27453.69140625,27987.96484375,27987.96484375,27987.96484375,28098.80859375,28183.0625,28522.3828125,28621.109375,28990.87109375,29416.94140625,27557.402
2020-10-08 16:45,24790.77734375,24910.93359375,25326.859375,25333.00390625,25342.9921875,25489.68359375,25571.08984375,25946.7578125,25991.7734375,26387.21484375,26843.65234375,25145.531
2020-10-08 17:00,22390.24609375,22538.5703125,22757.748046875,22821.1640625,22821.1640625,22884.2421875,22940.0859375,23258.75390625,23258.75390625,23566.19921875,24096.814453125,21997.0
2020-10-08 17:15,18393.150390625,18624.59765625,18896.90234375,19210.96484375,19257.630859375,19462.54296875,19650.546875,19928.1640625,20098.34765625,20485.322265625,21150.1875,19324.998
2020-10-08 17:30,16185.0556640625,16460.4375,16557.025390625,16714.72265625,16733.361328125,16852.62109375,16931.091796875,17087.326171875,17193.0,17578.439453125,18183.703125,16182.533
2020-10-08 17:45,12691.44921875,12993.3408203125,13168.2314453125,13273.6826171875,13334.8623046875,13510.34765625,13613.1494140625,13730.9619140625,13894.8984375,14291.568359375,14785.400390625,12749.932
2020-10-08 18:00,8574.443359375,8936.6630859375,9171.4775390625,9296.03515625,9400.7646484375,9602.37109375,9700.3193359375,9863.501953125,10054.3583984375,10455.5869140625,10841.7392578125,9350.2
2020-10-08 18:15,5090.744140625,5373.0859375,5565.166015625,5723.5498046875,5864.791015625,5995.2412109375,6110.4794921875,6239.81884765625,6437.2392578125,6804.48583984375,7093.25634765625,6281.3994
2020-10-08 18:30,2692.06103515625,2838.48974609375,2960.5380859375,3147.529296875,3238.36865234375,3340.578125,3434.3974609375,3519.775390625,3725.5068359375,4014.65673828125,4145.2724609375,3408.9995
2020-10-08 18:45,835.9208984375,939.421875,1064.2900390625,1252.03515625,1292.087890625,1404.705078125,1456.4228515625,1514.34912109375,1753.15478515625,1932.3212890625,1932.3212890625,1040.9326
2020-10-08 19:00,0.0,0.0,0.0,122.75,159.6650390625,235.708984375,247.12109375,269.5283203125,532.267578125,614.4365234375,614.4365234375,35.666992
2020-10-09 08:00,0.0,0.0,105.6923828125,235.599609375,276.4658203125,402.638671875,408.0498046875,514.408203125,723.814453125,835.7548828125,835.7548828125,749.7998
2020-10-09 08:15,1104.552734375,1227.08984375,1345.0810546875,1486.8076171875,1601.6640625,1736.0244140625,1830.5126953125,1899.04296875,2179.05126953125,2337.94287109375,2337.94287109375,3103.0664
2020-10-09 08:30,4561.951171875,5022.95068359375,5274.73828125,5544.1982421875,5744.017578125,5918.294921875,6122.67041015625,6122.67041015625,6453.37548828125,6733.77392578125,6733.77392578125,6169.866
2020-10-09 08:45,8279.9892578125,8906.9833984375,9355.0185546875,9614.10546875,9672.353515625,9965.6298828125,9965.6298828125,9984.923828125,10101.02734375,10398.0615234375,10458.64453125,9853.066
2020-10-09 09:00,12528.5732421875,13070.6328125,13649.8916015625,13649.8916015625,13720.7021484375,13865.35546875,13865.35546875,13865.35546875,13865.35546875,14141.8349609375,14141.8349609375,13442.199
2020-10-09 09:15,15745.59765625,16164.2568359375,16762.478515625,16799.43359375,17007.94140625,17205.662109375,17215.697265625,17309.833984375,17332.6015625,17660.66015625,17660.66015625,16881.133
2020-10-09 09:30,19182.6875,19498.234375,19899.814453125,20054.982421875,20255.8828125,20534.60546875,20582.9140625,20694.556640625,20770.390625,21012.916015625,21087.515625,20242.932
2020-10-09 09:45,23038.990234375,23247.4453125,23473.708984375,23569.6484375,23693.263671875,23845.16796875,23845.16796875,23926.0703125,23972.69140625,24147.36328125,24239.56640625,23438.398
2020-10-09 10:00,26150.71484375,26381.2265625,26622.50390625,26698.44921875,26785.72265625,26897.39453125,26897.39453125,26987.37109375,27028.06640625,27197.5078125,27298.91796875,26374.664
2020-10-09 10:15,28181.21875,28586.03125,28944.98046875,29083.390625,29193.390625,29351.33203125,29444.078125,29580.98046875,29656.1640625,29899.0625,30084.26953125,29125.133
2020-10-09 10:30,30407.54296875,30885.71875,31250.2890625,31396.453125,31476.484375,31636.15625,31705.49609375,31887.5625,31964.64453125,32222.1328125,32459.48046875,31546.93
2020-10-09 10:45,32771.84375,33229.88671875,33528.5390625,33650.07421875,33679.65625,33837.04296875,33837.04296875,34048.4375,34088.515625,34319.1953125,34582.26953125,33782.066
2020-10-09 11:00,34736.4921875,35197.22265625,35473.12890625,35604.9609375,35617.84375,35814.84765625,35814.84765625,36039.71875,36046.30859375,36264.23828125,36585.5,35672.6
2020-10-09 11:15,36000.96484375,36547.9453125,36847.58203125,37077.14453125,37104.80078125,37351.0546875,37351.0546875,37636.55078125,37650.56640625,37891.015625,38310.18359375,37281.066
2020-10-09 11:30,37403.56640625,37969.4453125,38234.19921875,38505.15625,38512.18359375,38759.4453125,38759.4453125,39023.9765625,39028.01953125,39260.24609375,39720.46875,38783.266
2020-10-09 11:45,39010.2734375,39532.421875,39738.98828125,40018.90234375,40018.90234375,40244.56640625,40244.56640625,40456.171875,40456.171875,40613.421875,41087.41015625,40067.332
2020-10-09 12:00,40048.09765625,40578.33203125,40753.015625,41101.18359375,41101.18359375,41369.18359375,41369.18359375,41597.7734375,41597.7734375,41725.3828125,42260.15234375,41078.4
2020-10-09 12:15,40609.51171875,41189.328125,41363.94140625,41792.5390625,41792.5390625,42117.32421875,42117.32421875,42389.7734375,42389.7734375,42555.51171875,43158.83984375,41791.797
2020-10-09 12:30,41248.69140625,41837.5625,41993.44140625,42432.58203125,42432.58203125,42735.81640625,42735.81640625,43018.83203125,43018.83203125,43194.56640625,43810.43359375,42365.066
2020-10-09 12:45,42038.2421875,42580.546875,42691.6328125,43108.015625,43108.015625,43367.5390625,43367.5390625,43627.6640625,43627.6640625,43759.45703125,44365.59765625,42691.664
2020-10-09 13:00,42099.91796875,42672.41015625,42771.76953125,43260.4296875,43260.4296875,43561.35546875,43561.35546875,43876.453125,43876.453125,44028.46875,44689.50390625,42906.4
2020-10-09 13:15,41873.1796875,42502.51171875,42624.609375,43172.03515625,43172.03515625,43513.1796875,43513.1796875,43876.58984375,43876.58984375,44082.109375,44805.0546875,42899.062
2020-10-09 13:30,41688.47265625,42356.57421875,42491.53515625,43052.5546875,43052.5546875,43360.3671875,43360.3671875,43741.265625,43741.265625,43968.44921875,44702.71875,42742.465
2020-10-09 13:45,41133.26953125,41928.75,42097.25,42785.41015625,42785.41015625,43070.89453125,43070.89453125,43501.18359375,43501.18359375,43734.1484375,44440.4375,42446.668
2020-10-09 14:00,41699.953125,42283.875,42459.55078125,42903.4140625,42903.4140625,43176.89453125,43176.89453125,43442.07421875,43442.07421875,43632.98046875,44341.58984375,41769.4
2020-10-09 14:15,38776.02734375,39662.59765625,40159.05859375,41006.88671875,41006.88671875,41534.2421875,41656.36328125,42153.20703125,42283.15625,42680.109375,43527.25390625,41157.664
2020-10-09 14:30,39207.546875,39920.6484375,40309.86328125,40780.671875,40780.671875,41026.390625,41039.7421875,41381.51953125,41394.0546875,41694.91015625,42424.2890625,40445.0
2020-10-09 14:45,38273.37890625,38987.859375,39388.0,39816.18359375,39816.18359375,40052.97265625,40052.97265625,40339.91796875,40382.2265625,40663.5859375,41329.69921875,39394.8
2020-10-09 15:00,37216.72265625,37868.765625,38330.10546875,38644.75390625,38644.75390625,38874.30078125,38888.16796875,39123.421875,39209.078125,39460.546875,40066.5,38395.996
2020-10-09 15:15,35720.640625,36385.24609375,36981.48046875,37194.45703125,37229.9921875,37456.2734375,37533.9453125,37733.34375,37888.07421875,38147.2109375,38722.16015625,37337.062
2020-10-09 15:30,34663.96875,35267.0234375,35849.765625,35963.20703125,36022.99609375,36158.1328125,36239.9453125,36383.46875,36544.62890625,36816.3203125,37349.16796875,32467.863
2020-10-09 15:45,23490.005859375,24847.33984375,27467.5703125,28291.88671875,29548.20703125,30180.75390625,31465.5,32338.890625,33581.25,34801.01171875,35654.96484375,33980.465
2020-10-09 16:00,26892.00390625,28286.81640625,30614.0,31790.68359375,32532.28125,33217.48828125,33879.02734375,34679.75,35371.234375,36341.515625,37289.99609375,32482.398
2020-10-09 16:15,25533.64453125,26806.84765625,29110.69921875,29601.859375,30386.83984375,30860.7578125,31613.5390625,32362.80078125,32844.5234375,34042.28125,34571.24609375,30276.93
2020-10-09 16:30,26194.40234375,27099.609375,28439.8828125,28516.1484375,28851.44921875,29224.05859375,29557.88671875,30255.51171875,30330.4375,31109.72265625,31758.30859375,23309.666
2020-10-09 16:45,15855.931640625,16819.734375,19068.8203125,20246.11328125,21438.64453125,22622.37890625,23947.78125,25378.58203125,26761.2890625,28817.015625,30043.75,20182.2
2020-10-09 17:00,16259.3203125,16756.560546875,17755.9375,18539.767578125,18985.21875,19576.9453125,20187.626953125,21074.1796875,21770.78515625,23719.44921875,25075.97265625,17537.133
2020-10-09 17:15,11970.640625,12533.5859375,13407.205078125,14256.109375,14737.13671875,15307.251953125,15820.255859375,16377.76953125,17286.85546875,18780.46484375,20089.767578125,15020.533
2020-10-09 17:30,10792.802734375,11545.6279296875,12136.4208984375,12617.5146484375,12915.52734375,13181.2919921875,13434.158203125,13757.419921875,14351.3203125,15534.560546875,16579.02734375,11935.598
2020-10-09 17:45,7844.72265625,8384.9755859375,8829.7978515625,9101.8994140625,9374.337890625,9511.69140625,9797.20703125,9978.568359375,10458.146484375,11421.1826171875,12335.6640625,5989.7993
2020-10-09 18:00,3285.23095703125,3576.49853515625,3774.58056640625,4298.41357421875,4419.74072265625,4589.29248046875,4787.31591796875,5088.1845703125,5523.79443359375,6415.1728515625,7271.9931640625,5251.9326
2020-10-09 18:15,3074.47265625,3229.3740234375,3411.46875,3763.19580078125,3946.400390625,4074.2890625,4217.00927734375,4403.62255859375,4655.53125,5318.310546875,5760.15185546875,3002.9995
2020-10-09 18:30,1321.6865234375,1351.2216796875,1446.7138671875,1742.75634765625,1759.92529296875,1891.5009765625,1938.95947265625,2062.67431640625,2331.6689453125,2791.2041015625,3072.9150390625,1501.8667
2020-10-09 18:45,371.5791015625,401.94140625,501.6279296875,712.2041015625,712.2041015625,793.3408203125,804.810546875,849.6181640625,1083.021484375,1305.7216796875,1340.2197265625,471.667
2020-10-09 19:00,0.0,0.0,0.0,59.8935546875,59.8935546875,111.490234375,111.490234375,111.490234375,311.2978515625,414.4765625,414.4765625,19.399414
2020-10-10 08:00,0.0,0.0,78.9033203125,213.4794921875,261.7646484375,379.8291015625,397.0439453125,497.98828125,712.4990234375,849.06640625,849.06640625,776.7998
2020-10-10 08:15,798.8466796875,902.9130859375,1014.462890625,1187.7822265625,1296.951171875,1439.9931640625,1527.13427734375,1619.76708984375,1888.07568359375,2075.82861328125,2075.82861328125,1906.1992
2020-10-10 08:30,2205.54541015625,2547.1201171875,2725.13916015625,2935.470703125,3110.85400390625,3252.505859375,3417.6728515625,3499.32568359375,3832.53271484375,4151.88134765625,4179.92431640625,2876.7324
2020-10-10 08:45,2524.10546875,3109.44677734375,3393.82666015625,3725.75634765625,3894.087890625,4064.8662109375,4221.685546875,4407.345703125,4732.0927734375,5242.34765625,5551.7978515625,5925.3325
2020-10-10 09:00,6375.65283203125,7385.3896484375,7957.1591796875,8688.544921875,8958.59375,9441.09375,9677.056640625,9972.06640625,10366.09765625,10928.3310546875,11450.8564453125,9878.933
2020-10-10 09:15,8787.4775390625,9977.2109375,11034.8798828125,11692.8203125,12097.162109375,12492.6845703125,12809.96875,13170.248046875,13603.1943359375,14366.869140625,14893.40625,10717.2
2020-10-10 09:30,8490.5654296875,9449.923828125,11056.1953125,11646.02734375,12278.4140625,12852.7041015625,13409.056640625,13929.6796875,14601.2578125,15686.8681640625,16286.28125,11032.8
2020-10-10 09:45,9799.2841796875,10407.037109375,11615.0234375,12112.2451171875,12872.328125,13529.8798828125,14247.6689453125,14774.060546875,15596.3935546875,16992.201171875,17946.83203125,13059.465
2020-10-10 10:00,12906.748046875,13781.365234375,14773.208984375,15451.2822265625,16154.646484375,16769.109375,17418.29296875,18005.103515625,18802.515625,20214.7890625,21461.015625,14174.865
2020-10-10 10:15,12752.009765625,13454.44140625,14366.720703125,15108.48046875,15711.939453125,16428.71875,16942.455078125,17732.623046875,18596.5546875,20257.0546875,21771.0546875,20848.268
2020-10-10 10:30,16163.4462890625,17660.23828125,19794.275390625,21394.17578125,22405.162109375,23400.169921875,24050.05078125,25186.29296875,26352.91015625,27601.1796875,28936.609375,25795.531
2020-10-10 10:45,20154.728515625,22464.92578125,25035.0,26190.96875,27089.98828125,27707.640625,28315.1171875,28842.55859375,29722.64453125,30900.296875,32007.2265625,23990.6
2020-10-10 11:00,16143.05859375,18668.26953125,22317.0078125,23749.125,25061.15234375,26003.8671875,27244.875,28398.81640625,29749.6953125,31577.4453125,33057.42578125,27905.531
2020-10-10 11:15,22322.05078125,24654.296875,27281.0,28515.07421875,29310.625,30104.91796875,30924.90625,31650.87109375,32536.765625,34047.8125,35562.4296875,27679.465
2020-10-10 11:30,22033.703125,24218.40625,26847.3828125,27860.59375,28590.73046875,29380.41015625,30125.5625,31062.53515625,32129.85546875,33951.23046875,35231.4609375,24603.8
2020-10-10 11:45,17529.17578125,19355.541015625,21800.173828125,23043.4609375,23972.64453125,25052.017578125,26128.11328125,27729.8125,29150.21484375,32012.5703125,33940.35546875,23249.73
2020-10-10 12:00,18535.40625,19484.51171875,20621.220703125,21366.66796875,21833.97265625,22448.875,23088.876953125,24017.54296875,25043.126953125,27861.1640625,29744.546875,23496.266
2020-10-10 12:15,20265.220703125,21217.130859375,22429.6640625,22837.4453125,23096.203125,23575.30859375,23900.71875,24337.203125,24878.91015625,26609.4296875,27943.09765625,23381.533
2020-10-10 12:30,21505.75390625,21996.990234375,22882.798828125,23015.52734375,23148.671875,23385.0859375,23504.69921875,23611.111328125,23861.787109375,24891.78515625,25919.9609375,23363.6
2020-10-10 12:45,22187.82421875,22579.189453125,23307.91015625,23472.5078125,23496.9609375,23701.599609375,23732.0390625,23830.69140625,23964.7890625,24463.333984375,25221.888671875,23558.602
2020-10-10 13:00,22405.697265625,22702.853515625,23391.25390625,23607.8671875,23607.8671875,23816.0390625,23816.0390625,23957.23828125,24080.908203125,24314.51171875,24985.44921875,23602.332
2020-10-10 13:15,22664.904296875,22903.40625,23596.37109375,23771.564453125,23785.396484375,24026.45703125,24050.251953125,24212.205078125,24319.73828125,24442.15625,25070.6328125,23593.2
2020-10-10 13:30,22574.5234375,22766.21875,23410.95703125,23588.83984375,23609.36328125,23834.251953125,23847.0,24022.369140625,24153.0078125,24218.92578125,24870.177734375,23608.867
2020-10-10 13:45,22424.91796875,22651.140625,23228.6640625,23495.896484375,23495.896484375,23691.947265625,23691.947265625,23851.44140625,24032.4609375,24066.54296875,24738.5546875,23858.465
2020-10-10 14:00,23255.65625,23470.603515625,24069.751953125,24347.96484375,24358.3515625,24648.1015625,24682.001953125,24853.72265625,25032.6015625,25203.15625,25909.05078125,23835.133
2020-10-10 14:15,23069.75,23109.68359375,23733.4375,23916.37109375,23996.919921875,24225.009765625,24303.6328125,24460.296875,24609.06640625,24794.08203125,25528.515625,23998.266
2020-10-10 14:30,23471.5,23536.8203125,24055.0,24216.7265625,24254.6171875,24454.791015625,24507.625,24671.271484375,24845.8671875,25046.443359375,25766.42578125,24124.6
2020-10-10 14:45,23487.03125,23519.02734375,23984.025390625,24168.953125,24199.208984375,24360.19921875,24424.125,24578.88671875,24756.2265625,25030.552734375,25802.6953125,24567.664
2020-10-10 15:00,23994.072265625,24046.21875,24531.1328125,24753.546875,24791.205078125,24977.169921875,25089.13671875,25247.5625,25445.0859375,25840.923828125,26618.47265625,24998.668
2020-10-10 15:15,24516.95703125,24542.2734375,25077.55078125,25258.5703125,25334.3203125,25492.255859375,25681.32421875,25854.033203125,26046.0859375,26563.51953125,27355.921875,25615.932
2020-10-10 15:30,25150.373046875,25272.390625,25853.48046875,26056.97265625,26161.765625,26305.5,26547.26171875,26779.28515625,27032.296875,27700.2734375,28508.65234375,22838.2
2020-10-10 15:45,18007.50390625,18435.25,19875.1796875,20933.341796875,21524.181640625,22059.0234375,22671.5,23310.7421875,24104.96875,25081.31640625,26323.75,25502.066
2020-10-10 16:00,21307.3046875,22522.3203125,24618.8984375,25952.6484375,26673.73828125,27439.66015625,28066.62890625,29119.296875,30128.8828125,31429.578125,32582.11328125,24804.467
2020-10-10 16:15,20982.970703125,21850.7109375,23625.84765625,24210.71875,24659.125,25101.234375,25692.029296875,26434.921875,27080.28515625,28624.57421875,29706.44921875,25850.2
2020-10-10 16:30,22235.16796875,23531.71484375,25129.654296875,25871.19921875,26316.9453125,26837.4140625,27209.39453125,28053.4921875,28618.6171875,29718.24609375,30880.21875,27705.531
2020-10-10 16:45,23004.107421875,24224.75,25546.330078125,26093.109375,26554.10546875,26950.9296875,27192.49609375,27727.94140625,27999.390625,28751.8515625,29674.7109375,25399.066
2020-10-10 17:00,20544.240234375,21423.72265625,22601.220703125,22949.015625,23337.9375,23617.94140625,23946.015625,24369.291015625,24730.45703125,25409.58203125,26069.20703125,22421.066
2020-10-10 17:15,18060.330078125,18675.03515625,19439.568359375,19690.630859375,19922.09375,20146.33984375,20469.7109375,20775.1171875,21127.3125,21726.98046875,22385.92578125,19533.467
2020-10-10 17:30,15278.3359375,15722.40625,16176.97265625,16388.931640625,16481.2578125,16690.28125,16937.779296875,17106.91015625,17394.23046875,17929.39453125,18518.490234375,15957.998
2020-10-10 17:45,11463.544921875,11831.671875,12182.921875,12381.662109375,12417.75,12663.4375,12849.7138671875,13017.2431640625,13286.8154296875,13780.287109375,14251.04296875,13199.732
2020-10-10 18:00,8671.146484375,9010.6904296875,9276.533203125,9352.1943359375,9435.18359375,9590.904296875,9689.2724609375,9845.7138671875,9994.607421875,10362.6748046875,10681.2109375,9937.666
2020-10-10 18:15,5326.17333984375,5543.87353515625,5742.869140625,5838.30224609375,5955.37109375,6057.8232421875,6199.63916015625,6303.6982421875,6476.1298828125,6775.65234375,6988.986328125,5788.3994
2020-10-10 18:30,2153.8876953125,2269.376953125,2415.1923828125,2618.15869140625,2670.5283203125,2795.51953125,2911.06103515625,3010.13037109375,3222.74853515625,3473.80078125,3579.29443359375,2331.4668
2020-10-10 18:45,265.689453125,358.9755859375,494.556640625,685.2314453125,712.802734375,819.73046875,867.283203125,929.3896484375,1166.3388671875,1301.263671875,1301.263671875,528.1328
2020-10-10 19:00,0.0,0.0,0.0,15.478515625,66.216796875,118.23828125,125.4248046875,125.4248046875,362.912109375,404.0234375,404.0234375,0.0
2020-10-11 08:00,0.0,0.0,57.8330078125,201.7490234375,226.1923828125,370.84375,395.392578125,516.669921875,732.53125,856.1669921875,856.1669921875,587.0664
2020-10-11 08:15,907.498046875,1030.04296875,1145.908203125,1299.4150390625,1388.9599609375,1542.3388671875,1648.02001953125,1730.5078125,2011.71875,2166.52685546875,2166.52685546875,2887.2666
2020-10-11 08:30,4345.099609375,4779.43359375,5039.7314453125,5329.03955078125,5540.5869140625,5718.96875,5960.0458984375,5977.6513671875,6340.8984375,6616.142578125,6616.142578125,5936.0664
2020-10-11 08:45,7943.4521484375,8528.462890625,8964.6650390625,9307.1318359375,9369.4404296875,9681.3037109375,9681.3037109375,9753.3076171875,9880.865234375,10181.6025390625,10247.08203125,9966.133
2020-10-11 09:00,12736.755859375,13245.89453125,13820.701171875,13901.541015625,13982.8330078125,14166.33203125,14166.33203125,14166.33203125,14166.33203125,14367.0498046875,14367.0498046875,13639.4
2020-10-11 09:15,15495.353515625,15965.14453125,16636.11328125,16792.525390625,16999.86328125,17268.0234375,17303.576171875,17431.7578125,17489.4765625,17800.318359375,17800.318359375,17131.998
2020-10-11 09:30,19643.06640625,19982.650390625,20326.96484375,20517.814453125,20682.0078125,20966.14453125,21010.4765625,21091.0546875,21168.1484375,21352.306640625,21414.28515625,20488.533
2020-10-11 09:45,23291.86328125,23544.6875,23728.37890625,23866.01171875,23976.17578125,24166.154296875,24183.02734375,24245.48046875,24308.21875,24458.626953125,24564.177734375,23594.334
2020-10-11 10:00,26363.28515625,26629.8671875,26822.73046875,26918.0078125,27008.95703125,27148.15625,27178.609375,27250.4375,27315.83203125,27473.18359375,27607.5859375,26539.266
2020-10-11 10:15,28639.06640625,29038.0234375,29318.79296875,29432.42578125,29535.63671875,29694.18359375,29783.8125,29891.97265625,29979.4921875,30188.1953125,30392.43359375,29198.195
2020-10-11 10:30,30713.765625,31196.90234375,31509.25,31640.578125,31726.83203125,31890.8046875,31972.87890625,32137.3125,32231.16796875,32464.83203125,32725.1015625,31815.863
2020-10-11 10:45,33269.83203125,33703.234375,33958.15625,34046.85546875,34079.69140625,34235.6953125,34235.6953125,34433.26953125,34475.03125,34670.75390625,34945.21875,33921.066
2020-10-11 11:00,34775.95703125,35272.30078125,35545.28515625,35693.69140625,35733.0859375,35939.421875,35939.421875,36213.44921875,36241.2890625,36458.6328125,36816.58984375,35571.8
2020-10-11 11:15,35815.19921875,36401.20703125,36717.08203125,36954.02734375,37028.0625,37264.73046875,37284.94921875,37595.45703125,37647.0859375,37891.38671875,38347.828125,37167.93
2020-10-11 11:30,37421.47265625,37985.109375,38237.28125,38471.79296875,38509.8828125,38725.37109375,38725.37109375,38991.97265625,39011.609375,39240.4140625,39714.34375,38506.27
2020-10-11 11:45,38872.2890625,39398.140625,39592.12109375,39859.7734375,39861.625,40092.51171875,40092.51171875,40336.10546875,40336.10546875,40529.32421875,41010.2109375,39815.527
2020-10-11 12:00,39903.90625,40431.890625,40598.5234375,40924.28125,40935.02734375,41200.27734375,41200.27734375,41451.3671875,41451.3671875,41612.6015625,42147.953125,40777.266
2020-10-11 12:15,40377.98046875,40970.4609375,41141.92578125,41564.23828125,41601.86328125,41897.98046875,41897.98046875,42203.74609375,42203.74609375,42409.484375,43012.80859375,41175.6
2020-10-11 12:30,40566.33203125,41216.31640625,41408.01171875,41893.27734375,41925.234375,42230.7734375,42246.328125,42598.5078125,42598.5078125,42856.078125,43490.21875,41621.195
2020-10-11 12:45,41375.79296875,41963.0859375,42093.5,42514.765625,42514.765625,42775.5,42775.5,43080.64453125,43080.64453125,43266.8828125,43877.296875,42145.73
2020-10-11 13:00,41685.50390625,42265.109375,42368.8828125,42820.140625,42820.140625,43104.37109375,43104.37109375,43402.75390625,43402.75390625,43574.484375,44221.45703125,42583.664
2020-10-11 13:15,41674.57421875,42291.11328125,42398.34375,42902.54296875,42902.54296875,43217.390625,43217.390625,43539.3515625,43539.3515625,43747.53125,44443.37890625,42731.598
2020-10-11 13:30,41612.734375,42258.5546875,42376.88671875,42894.15234375,42894.15234375,43181.01953125,43181.26171875,43522.87109375,43522.87109375,43755.359375,44455.08984375,42879.066
2020-10-11 13:45,41363.3515625,42097.66015625,42247.171875,42846.375,42846.375,43118.34765625,43118.34765625,43487.21484375,43487.21484375,43712.3203125,44366.484375,42733.8
2020-10-11 14:00,41896.23828125,42459.33203125,42639.7109375,43048.75,43048.75,43348.2578125,43348.2578125,43605.21875,43605.21875,43822.609375,44491.4609375,42370.863
2020-10-11 14:15,39878.54296875,40668.859375,40996.203125,41689.9765625,41689.9765625,42119.55078125,42196.6875,42591.1640625,42649.625,42999.9453125,43779.82421875,41740.867
2020-10-11 14:30,39872.4453125,40549.91015625,40830.69140625,41290.11328125,41290.11328125,41540.00390625,41544.546875,41847.37890625,41847.37890625,42128.80859375,42833.046875,41045.66
2020-10-11 14:45,39060.18359375,39725.55078125,40029.87109375,40454.6640625,40454.6640625,40685.08203125,40685.08203125,40940.51171875,40956.37109375,41227.53515625,41875.41015625,40364.8
2020-10-11 15:00,38325.8203125,38914.69140625,39258.62109375,39581.6640625,39581.6640625,39810.61328125,39810.61328125,39993.421875,40047.78515625,40276.64453125,40875.88671875,39276.13
2020-10-11 15:15,36410.9375,37095.12890625,37646.23046875,37924.4921875,37977.33203125,38228.8984375,38315.37890625,38521.27734375,38671.57421875,38933.0625,39524.578125,37983.066
2020-10-11 15:30,35160.3671875,35808.34375,36394.01953125,36506.01953125,36590.80078125,36738.37109375,36843.921875,36992.49609375,37152.8828125,37413.20703125,37963.6875,36532.066
2020-10-11 15:45,33911.8828125,34463.8125,34990.70703125,35042.65625,35137.84765625,35219.703125,35314.97265625,35413.91015625,35581.53515625,35836.80078125,36355.55859375,35227.266
2020-10-11 16:00,32767.4140625,33175.65625,33619.84765625,33655.4609375,33726.83984375,33796.4921875,33845.0546875,33927.015625,34089.77734375,34303.82421875,34782.81640625,33560.8
2020-10-11 16:15,30576.546875,30930.890625,31501.8984375,31501.8984375,31601.578125,31723.33984375,31830.796875,32014.30859375,32205.1640625,32465.5,32885.94921875,31683.062
2020-10-11 16:30,28803.87890625,29009.21484375,29492.30859375,29492.30859375,29507.14453125,29664.46484375,29699.93359375,29974.61328125,30082.03125,30369.90625,30756.26171875,29472.934
2020-10-11 16:45,26548.2890625,26668.89453125,27067.78515625,27073.3203125,27073.3203125,27231.66796875,27248.8671875,27596.44140625,27630.984375,27955.9296875,28319.99609375,26984.133
2020-10-11 17:00,23976.46484375,24104.494140625,24393.3671875,24405.3984375,24405.3984375,24490.705078125,24554.91015625,24880.37109375,24880.37109375,25169.0,25560.55078125,24230.467
2020-10-11 17:15,20649.36328125,20850.869140625,21142.46484375,21260.640625,21267.904296875,21423.79296875,21601.03125,21854.2890625,21908.69921875,22216.125,22707.125,21286.934
2020-10-11 17:30,17523.3125,17711.3359375,17920.625,18073.4765625,18080.79296875,18235.16015625,18411.669921875,18567.82421875,18657.3828125,19000.357421875,19533.28515625,18148.8
2020-10-11 17:45,14213.140625,14402.0703125,14575.64453125,14650.26953125,14659.71484375,14817.052734375,14957.13671875,15073.212890625,15164.791015625,15514.826171875,15961.2392578125,14679.865
2020-10-11 18:00,10334.69921875,10593.8212890625,10804.193359375,10834.326171875,10877.5546875,11072.564453125,11164.7373046875,11330.806640625,11439.451171875,11762.90625,12059.0380859375,11071.4
2020-10-11 18:15,6201.58251953125,6474.05859375,6683.1669921875,6791.98779296875,6892.5380859375,7066.2880859375,7170.595703125,7336.8212890625,7510.720703125,7819.6376953125,8009.408203125,7466.9326
2020-10-11 18:30,3226.11181640625,3376.73095703125,3508.125,3665.6962890625,3761.7490234375,3866.07177734375,3988.36865234375,4078.97998046875,4269.15478515625,4535.75537109375,4621.22021484375,3942.9995
2020-10-11 18:45,920.658203125,1024.9560546875,1156.77734375,1338.83984375,1400.5068359375,1506.03076171875,1602.67529296875,1654.896484375,1881.13623046875,2053.046875,2053.046875,902.7998
2020-10-11 19:00,0.0,0.0,0.0,9.5986328125,69.15625,140.404296875,182.693359375,196.419921875,460.0078125,524.919921875,524.919921875,0.0
2020-10-12 08:00,0.0,0.0,32.1611328125,171.4990234375,202.9189453125,343.578125,355.7021484375,474.177734375,690.3193359375,803.05859375,803.05859375,531.7324
2020-10-12 08:15,745.9970703125,862.3740234375,978.8984375,1125.82421875,1216.548828125,1360.40234375,1441.6201171875,1526.04541015625,1800.90283203125,1951.86279296875,1951.86279296875,2843.5996
2020-10-12 08:30,4421.25537109375,4866.9892578125,5132.96728515625,5411.52587890625,5639.3955078125,5826.3095703125,6050.93115234375,6061.9267578125,6437.3056640625,6701.23046875,6701.23046875,6254.332
2020-10-12 08:45,8483.326171875,9075.4921875,9549.337890625,9889.6962890625,9954.611328125,10301.9609375,10301.9609375,10336.8447265625,10463.6162109375,10742.6494140625,10789.345703125,10091.533
2020-10-12 09:00,12793.34375,13305.798828125,13921.08203125,13924.9140625,14010.2470703125,14181.451171875,14181.451171875,14181.451171875,14181.451171875,14409.40234375,14409.40234375,13604.999
2020-10-12 09:15,15360.5888671875,15833.578125,16551.65234375,16709.767578125,16959.990234375,17254.88671875,17329.138671875,17463.8046875,17551.337890625,17906.05078125,17906.05078125,17157.799
2020-10-12 09:30,19618.296875,19936.328125,20311.06640625,20471.45703125,20664.416015625,20939.02734375,21002.6796875,21086.43359375,21167.1640625,21389.09765625,21470.1796875,20490.664
2020-10-12 09:45,23293.55078125,23522.052734375,23729.35546875,23844.466796875,23960.23046875,24140.44921875,24163.080078125,24229.138671875,24287.19921875,24454.55859375,24559.80859375,23735.332
2020-10-12 10:00,26509.04296875,26752.71875,26961.4765625,27043.859375,27126.8515625,27259.13671875,27278.44140625,27354.171875,27405.6015625,27563.35546875,27685.04296875,26673.266
2020-10-12 10:15,28481.2734375,28904.65234375,29241.0859375,29389.140625,29507.02734375,29684.41796875,29802.6171875,29930.59375,30022.36328125,30261.24609375,30475.3046875,29341.598
2020-10-12 10:30,30565.03515625,31067.80859375,31430.4375,31589.33984375,31690.84765625,31862.73828125,31964.91796875,32145.921875,32246.984375,32508.21484375,32782.4375,31667.73
2020-10-12 10:45,32847.125,33325.38671875,33625.10546875,33749.78125,33806.2734375,33962.375,33985.359375,34201.86328125,34265.33984375,34502.6171875,34803.16015625,33692.8
2020-10-12 11:00,34570.43359375,35060.68359375,35347.05078125,35490.42578125,35546.46484375,35731.94921875,35736.546875,35992.7109375,36037.7421875,36272.66796875,36632.17578125,35617.4
2020-10-12 11:15,36023.609375,36564.6171875,36854.5078125,37061.3046875,37127.3828125,37343.0625,37343.0625,37617.7578125,37656.734375,37900.578125,38342.6328125,37241.332
2020-10-12 11:30,37529.9453125,38077.64453125,38321.41796875,38573.16015625,38613.73046875,38832.52734375,38832.52734375,39083.6875,39104.58203125,39345.1171875,39821.1640625,38484.664
2020-10-12 11:45,38778.36328125,39324.64453125,39528.41796875,39834.55078125,39850.65234375,40086.96484375,40086.96484375,40336.12890625,40336.12890625,40561.52734375,41064.01171875,39908.13
2020-10-12 12:00,40039.82421875,40560.51171875,40728.68359375,41052.70703125,41073.31640625,41334.578125,41334.578125,41554.33203125,41554.33203125,41723.3359375,42263.2109375,40947.4
2020-10-12 12:15,40554.7265625,41139.48046875,41312.9453125,41739.99609375,41783.46875,42085.1015625,42085.1015625,42366.88671875,42366.88671875,42577.75,43190.3125,41708.465
2020-10-12 12:30,41288.38671875,41871.36328125,42016.5,42439.00390625,42462.25,42750.76953125,42750.76953125,43029.953125,43029.953125,43232.78515625,43853.5078125,42492.93
2020-10-12 12:45,42194.98828125,42730.90625,42837.765625,43235.015625,43235.015625,43509.140625,43509.140625,43759.95703125,43759.95703125,43916.19140625,44523.76953125,42988.934
2020-10-12 13:00,42407.97265625,42972.66796875,43061.9921875,43524.25,43524.25,43834.25,43834.25,44130.93359375,44130.93359375,44298.0234375,44954.20703125,43299.266
2020-10-12 13:15,42311.58203125,42930.27734375,43027.203125,43545.49609375,43550.32421875,43892.6875,43892.6875,44242.44140625,44242.44140625,44454.61328125,45176.25390625,43421.605
2020-10-12 13:30,42274.0625,42922.01953125,43017.8046875,43542.51171875,43542.51171875,43858.32421875,43858.32421875,44231.78515625,44231.78515625,44458.2890625,45194.125,43497.13
2020-10-12 13:45,41940.04296875,42690.61328125,42813.06640625,43429.1484375,43429.1484375,43728.5703125,43728.5703125,44139.89453125,44139.89453125,44363.41796875,45069.96875,43429.53
2020-10-12 14:00,42516.84375,43090.2890625,43246.5390625,43670.265625,43670.265625,43991.0,43991.0,44270.6015625,44270.6015625,44476.84765625,45195.34765625,43119.8
2020-10-12 14:15,40738.85546875,41523.73046875,41786.59375,42492.3203125,42492.3203125,42921.8359375,42961.9296875,43397.5234375,43423.6015625,43771.83203125,44592.203125,42746.33
2020-10-12 14:30,40883.09765625,41546.3359375,41758.62109375,42245.41015625,42245.41015625,42516.390625,42516.390625,42812.7265625,42812.7265625,43065.73828125,43818.984375,42158.93
2020-10-12 14:45,40190.76953125,40852.80859375,41087.375,41565.43359375,41565.43359375,41826.80078125,41826.80078125,42079.9140625,42079.9140625,42346.78515625,43045.44921875,41219.664
2020-10-12 15:00,39091.86328125,39738.69921875,40056.8359375,40473.171875,40473.171875,40744.1328125,40744.1328125,40986.22265625,41022.66015625,41281.37890625,41936.64453125,40179.2
2020-10-12 15:15,37427.51953125,38122.41015625,38613.15234375,38936.6484375,38937.19921875,39252.984375,39278.8984375,39535.3828125,39652.546875,39912.859375,40543.40625,38827.2
2020-10-12 15:30,35821.9140625,36524.47265625,37127.43359375,37295.50390625,37371.34375,37587.61328125,37673.21875,37877.66015625,38034.96484375,38316.18359375,38891.609375,37336.0
2020-10-12 15:45,34554.77734375,35177.921875,35743.19921875,35820.67578125,35936.64453125,36056.08984375,36136.98828125,36263.12890625,36427.62109375,36693.3515625,37227.9609375,35571.4
2020-10-12 16:00,32800.97265625,33332.140625,33924.97265625,33924.97265625,34082.18359375,34160.9453125,34269.83203125,34389.11328125,34582.546875,34835.7109375,35321.79296875,33696.4
2020-10-12 16:15,30595.9140625,31019.90625,31688.6171875,31688.6171875,31817.359375,31916.85546875,32062.8046875,32258.4609375,32471.6640625,32755.6171875,33195.671875,31536.73
2020-10-12 16:30,28379.48828125,28620.68359375,29248.90234375,29248.90234375,29340.00390625,29482.50390625,29617.9765625,29916.01171875,30078.7890625,30453.19921875,30852.73046875,29113.668
2020-10-12 16:45,26088.7890625,26206.05859375,26673.41796875,26673.41796875,26716.765625,26871.76953125,26966.16796875,27328.43359375,27395.98046875,27824.15234375,28219.375,26459.133
2020-10-12 17:00,23363.72265625,23478.076171875,23785.974609375,23869.3125,23869.3125,23968.099609375,24083.087890625,24424.462890625,24447.931640625,24854.61328125,25298.15234375,23643.932
2020-10-12 17:15,20071.9921875,20252.994140625,20513.98828125,20735.6015625,20735.6015625,20869.16796875,21051.2890625,21308.5859375,21388.0078125,21772.5859375,22313.5390625,20585.066
2020-10-12 17:30,16681.33984375,16880.220703125,17092.3203125,17339.880859375,17339.880859375,17504.921875,17685.962890625,17842.26953125,17977.9140625,18380.701171875,18951.841796875,17420.6
2020-10-12 17:45,13302.71484375,13542.7421875,13725.5693359375,13819.6064453125,13832.482421875,13995.439453125,14124.193359375,14235.578125,14353.6259765625,14740.49609375,15209.45703125,13847.6
2020-10-12 18:00,9469.201171875,9762.0048828125,9966.615234375,9989.369140625,10054.8779296875,10223.9892578125,10320.119140625,10461.71484375,10580.369140625,10934.1474609375,11261.0732421875,10057.2
2020-10-12 18:15,5335.91748046875,5584.35595703125,5779.1171875,5915.177734375,6029.275390625,6171.6953125,6298.40625,6435.283203125,6624.8212890625,6968.5185546875,7195.3759765625,6217.3994
2020-10-12 18:30,2432.3515625,2545.22119140625,2674.126953125,2876.0634765625,2955.46240234375,3067.52587890625,3177.55908203125,3262.2080078125,3470.919921875,3748.17724609375,3851.73974609375,2748.266
2020-10-12 18:45,438.318359375,514.4853515625,646.1015625,843.5302734375,890.94140625,998.1875,1059.591796875,1105.2177734375,1343.546875,1495.568359375,1495.568359375,480.93262
2020-10-13 08:15,0.0,63.31640625,167.6435546875,314.943359375,359.197265625,492.958984375,497.044921875,620.4306640625,836.091796875,981.80859375,981.80859375,675.1328
2020-10-13 08:30,773.337890625,985.4365234375,1122.4609375,1275.08203125,1391.9873046875,1519.5703125,1602.22607421875,1691.931640625,1971.58837890625,2202.7275390625,2202.7275390625,2462.2666
2020-10-13 08:45,3062.0751953125,3618.59912109375,3803.15380859375,4100.345703125,4303.8720703125,4474.53466796875,4648.6611328125,4746.337890625,5074.78564453125,5441.9951171875,5610.546875,5580.866
2020-10-13 09:00,7547.8916015625,8375.0673828125,8912.90234375,9455.2294921875,9651.6220703125,10102.53515625,10213.40625,10430.494140625,10743.5009765625,11132.1376953125,11416.8828125,11127.866
2020-10-13 09:15,11232.7060546875,12215.7001953125,13097.83203125,13557.326171875,13883.705078125,14179.39453125,14271.390625,14563.474609375,14754.173828125,15352.939453125,15658.658203125,10873.6
2020-10-13 09:30,7965.1484375,9003.6875,11158.39453125,11983.5068359375,12806.05859375,13705.740234375,14376.02734375,15109.7734375,15875.9423828125,16946.96875,17396.265625,15406.133
2020-10-13 09:45,15041.71875,16081.16015625,17362.826171875,17965.427734375,18754.2578125,19229.125,19774.794921875,20180.880859375,20701.712890625,21735.890625,22508.2578125,18814.0
2020-10-13 10:00,18305.0546875,19382.109375,20717.9765625,21461.27734375,21929.3203125,22403.83984375,22543.14453125,23033.31640625,23424.880859375,24140.03125,24710.412109375,24165.934
2020-10-13 10:15,22326.1171875,23649.23046875,25208.16015625,26018.46484375,26418.44140625,26787.69921875,26809.41015625,27211.58203125,27547.53515625,28011.9609375,28486.34765625,19071.0
2020-10-13 10:30,10465.125,12511.6875,16170.06640625,17484.349609375,19096.78515625,20907.15625,22542.83984375,24548.13671875,26385.52734375,28003.41015625,29175.90234375,16884.598
2020-10-13 10:45,11378.15625,12461.6884765625,14441.1875,15570.62890625,17069.23828125,18478.986328125,19730.580078125,21327.763671875,23167.12890625,26173.71875,28307.484375,21993.934
2020-10-13 11:00,17796.390625,19015.0546875,21470.7421875,23339.201171875,24749.873046875,26321.828125,27376.984375,28944.3984375,30594.01953125,32798.625,34407.9375,30891.996
2020-10-13 11:15,22220.74609375,24311.35546875,27214.90625,28656.13671875,30194.0078125,31494.22265625,32220.05078125,32903.515625,34236.24609375,35786.22265625,36832.05859375,33165.332
2020-10-13 11:30,26200.75390625,29237.0703125,32135.6875,33402.94921875,34358.35546875,35063.33203125,35693.34375,35979.5703125,36827.58203125,38110.3828125,39111.55078125,30308.465
2020-10-13 11:45,18501.05078125,21748.90234375,26242.7265625,28148.9609375,29533.90625,30894.03125,32164.671875,33799.9296875,35371.97265625,37299.47265625,39017.34765625,36527.664
2020-10-13 12:00,28198.9296875,30928.75390625,34567.3828125,36132.1328125,37352.06640625,38273.77734375,39014.2421875,39543.578125,40269.5,41204.2421875,42460.63671875,38435.066
2020-10-13 12:15,32663.20703125,35380.9765625,37937.49609375,38850.29296875,39425.109375,39810.34765625,40038.37890625,40266.78125,40510.8125,41283.6640625,41903.12109375,31221.934
2020-10-13 12:30,15788.330078125,19504.6015625,24466.51953125,26530.12109375,28453.12890625,30283.1796875,31945.15625,34458.02734375,36519.51171875,38627.05859375,40542.2734375,30687.598
2020-10-13 12:45,20517.01171875,23206.11328125,26550.7421875,27816.8671875,29118.45703125,30657.9140625,31918.4375,33341.9453125,35131.7109375,37726.66796875,39628.78515625,26782.066
2020-10-13 13:00,18681.05859375,20956.4140625,23377.33984375,24773.08203125,25935.189453125,27686.52734375,28626.53515625,30094.7578125,32208.40234375,35780.10546875,38110.89453125,16970.998
2020-10-13 13:15,13779.67578125,15109.533203125,16966.736328125,18113.4765625,19495.18359375,20946.65625,22502.8359375,24593.3515625,26965.203125,31785.82421875,34775.765625,14775.465
2020-10-13 13:30,11374.7197265625,12576.0791015625,14459.9912109375,15644.7607421875,16646.431640625,17813.81640625,19051.90625,20476.59765625,22627.494140625,26741.59375,29205.88671875,17699.932
2020-10-13 13:45,14814.787109375,16223.494140625,18276.375,19807.703125,20884.994140625,22059.75,23260.2421875,24599.173828125,26259.25,29338.2578125,31642.421875,18067.664
2020-10-13 14:00,13315.9833984375,14403.939453125,15810.7890625,16947.1796875,17854.83203125,18852.7265625,19814.88671875,20795.65625,22366.92578125,25445.330078125,28095.89453125,21452.332
2020-10-13 14:15,16027.931640625,17451.490234375,19373.78515625,20883.76953125,22042.314453125,23087.37890625,24228.8828125,25419.7265625,26741.78515625,29383.3515625,31875.08984375,30206.668
2020-10-13 14:30,19687.6015625,21631.921875,24428.43359375,25824.79296875,27639.15625,29093.390625,30936.16796875,31894.90234375,33393.9609375,35457.96875,37612.44140625,24925.531
2020-10-13 14:45,13206.9208984375,14744.591796875,17566.74609375,18890.970703125,20658.9296875,21954.265625,23433.546875,24630.44921875,26219.9296875,29392.73828125,32098.375,21035.666
2020-10-13 15:00,15549.107421875,16923.8984375,18408.984375,19740.90234375,20436.609375,21164.212890625,21647.71484375,22756.443359375,24115.66015625,27405.48046875,30086.57421875,20806.932
2020-10-13 15:15,16125.8056640625,17460.06640625,18706.1171875,19668.4453125,20030.42578125,20485.30078125,20746.45703125,21494.763671875,22351.40234375,25081.693359375,27318.23046875,20749.6
2020-10-13 15:30,17600.068359375,19072.951171875,20529.185546875,21458.58984375,21735.9296875,22256.529296875,22592.279296875,23357.3671875,23895.32421875,25987.724609375,27627.13671875,21281.135
2020-10-13 15:45,18377.388671875,19790.95703125,21202.12890625,22027.7734375,22197.17578125,22723.65234375,22971.4296875,23657.619140625,24153.724609375,25883.880859375,27411.01953125,21343.867
2020-10-13 16:00,18194.6796875,19466.1640625,20698.75390625,21434.65234375,21498.15625,21956.30859375,22097.65234375,22680.43359375,23106.2421875,24531.607421875,25959.349609375,21080.133
2020-10-13 16:15,18004.521484375,19161.6796875,20258.6015625,20891.453125,20938.36328125,21339.578125,21445.01171875,21987.740234375,22381.82421875,23555.634765625,24872.451171875,21903.268
2020-10-13 16:30,18735.55859375,20038.212890625,21225.1875,21939.49609375,22117.44140625,22556.82421875,22697.9140625,23387.06640625,23839.2890625,24933.37109375,26246.04296875,21782.133
2020-10-13 16:45,18518.21484375,19543.39453125,20529.40234375,20991.6171875,21199.916015625,21486.728515625,21642.23828125,22144.5703125,22549.08203125,23482.6484375,24708.94921875,20657.332
2020-10-13 17:00,17368.5390625,18176.953125,18889.96875,19196.91015625,19365.375,19540.966796875,19707.296875,20044.96484375,20384.15234375,21096.658203125,22132.650390625,19980.467
2020-10-13 17:15,16640.35546875,17377.267578125,17914.453125,18174.9453125,18335.017578125,18478.359375,18616.04296875,18894.8125,19152.556640625,19665.59375,20539.76953125,17620.465
2020-10-13 17:30,13658.0458984375,14172.9521484375,14645.07421875,14968.80859375,15049.548828125,15291.046875,15481.349609375,15706.34375,16038.353515625,16525.595703125,17238.9453125,14783.199
2020-10-13 17:45,7543.0087890625,8138.001953125,8773.2041015625,9261.93359375,9504.1474609375,9800.515625,10119.953125,10521.142578125,11146.0126953125,11718.8125,12306.640625,12065.799
2020-10-13 18:00,6916.46630859375,7431.81787109375,7909.4580078125,8232.2177734375,8525.8701171875,8702.912109375,8901.42578125,9138.7880859375,9478.8603515625,9924.5654296875,10406.361328125,8841.733
2020-10-13 18:15,4338.0009765625,4580.111328125,4836.47119140625,4994.91845703125,5107.0986328125,5216.60400390625,5425.16748046875,5517.59619140625,5762.142578125,6128.59033203125,6422.8408203125,5415.0664
2020-10-13 18:30,2051.23828125,2175.71435546875,2320.8828125,2496.27294921875,2505.447265625,2618.7412109375,2738.587890625,2814.44775390625,3004.79638671875,3250.61474609375,3349.45654296875,2237.9321
2020-10-13 18:45,215.208984375,312.51171875,462.484375,640.5087890625,640.5087890625,744.814453125,786.9453125,855.8896484375,1057.609375,1203.033203125,1203.033203125,339.53125
2020-10-14 08:00,0.0,0.0,0.0,146.95703125,174.61328125,313.2333984375,338.224609375,455.62890625,672.8974609375,802.1669921875,802.1669921875,289.8662
2020-10-14 08:15,220.9482421875,299.18359375,405.3505859375,571.583984375,622.283203125,770.56640625,819.125,929.07421875,1173.4150390625,1333.40625,1333.40625,1935.9331
2020-10-14 08:30,2829.2353515625,3176.02099609375,3384.02099609375,3621.654296875,3837.91796875,4006.61669921875,4236.25146484375,4287.38720703125,4674.4580078125,4935.79345703125,4935.79345703125,4746.6655
2020-10-14 08:45,6278.0498046875,6879.2998046875,7262.68603515625,7704.8779296875,7844.794921875,8146.1435546875,8257.6044921875,8368.296875,8625.2509765625,8984.689453125,9115.0966796875,8267.2
2020-10-14 09:00,10382.259765625,11033.8515625,11631.224609375,11878.673828125,11982.869140625,12270.171875,12270.171875,12379.279296875,12470.3828125,12779.755859375,12800.6611328125,11728.533
2020-10-14 09:15,13847.09765625,14373.216796875,15059.939453125,15087.908203125,15291.111328125,15448.91796875,15455.04296875,15578.7919921875,15624.669921875,15985.953125,15985.953125,15163.398
2020-10-14 09:30,17412.4609375,17805.669921875,18276.865234375,18371.466796875,18576.607421875,18811.212890625,18833.3125,18949.40625,19016.47265625,19310.8125,19342.34375,18453.467
2020-10-14 09:45,21255.927734375,21522.2734375,21727.51953125,21811.6953125,21925.716796875,22116.23046875,22116.23046875,22178.6328125,22215.57421875,22404.66015625,22490.40625,21619.799
2020-10-14 10:00,24480.125,24739.82421875,24911.5546875,25004.2578125,25070.609375,25205.583984375,25205.583984375,25256.7734375,25307.1171875,25450.98828125,25556.775390625,24546.332
2020-10-14 10:15,26672.4140625,27075.72265625,27356.03125,27488.2890625,27580.90625,27725.08984375,27780.12109375,27884.0390625,27989.33984375,28186.078125,28356.60546875,27203.797
2020-10-14 10:30,28623.31640625,29121.296875,29465.80859375,29601.13671875,29713.96875,29851.625,29943.58203125,30069.2109375,30207.09765625,30437.7265625,30665.859375,29547.133
2020-10-14 10:45,30809.6328125,31297.734375,31611.7734375,31703.109375,31790.65234375,31906.0078125,31952.28515625,32093.43359375,32210.29296875,32417.98828125,32664.2578125,31630.332
2020-10-14 11:00,32513.5625,33031.6640625,33363.20703125,33454.6484375,33542.66796875,33680.234375,33725.734375,33895.9375,34010.40234375,34215.4453125,34504.76171875,33524.73
2020-10-14 11:15,33963.90234375,34540.7890625,34895.91015625,35019.89453125,35119.4296875,35273.0234375,35313.23046875,35507.99609375,35630.2265625,35844.796875,36199.7578125,35191.863
2020-10-14 11:30,35524.125,36103.6015625,36409.58984375,36553.640625,36640.0546875,36779.24609375,36779.24609375,36983.45703125,37089.01953125,37298.35546875,37687.8515625,36524.73
2020-10-14 11:45,36735.578125,37324.34765625,37595.7578125,37790.18359375,37868.1953125,38020.81640625,38020.81640625,38230.69921875,38317.76953125,38523.71875,38945.84375,37771.664
2020-10-14 12:00,37767.09765625,38361.4375,38622.25,38851.703125,38944.4375,39124.89453125,39124.89453125,39340.6796875,39414.875,39613.8046875,40077.69140625,38966.8
2020-10-14 12:15,38581.140625,39209.42578125,39469.4921875,39746.89453125,39854.28125,40056.875,40056.875,40285.01171875,40351.32421875,40562.64453125,41076.1171875,39845.996
2020-10-14 12:30,39308.63671875,39952.23046875,40189.53125,40499.23046875,40594.46484375,40795.84765625,40795.84765625,41037.02734375,41087.04296875,41313.61328125,41840.53515625,40644.6
2020-10-14 12:45,40161.21875,40779.83984375,40982.9921875,41298.5,41380.328125,41579.671875,41579.671875,41799.015625,41818.87890625,42038.94921875,42555.2421875,41372.336
2020-10-14 13:00,40607.06640625,41243.609375,41443.234375,41799.10546875,41887.578125,42116.921875,42116.921875,42349.30859375,42360.390625,42587.90625,43138.55859375,41701.73
2020-10-14 13:15,40473.83984375,41183.46484375,41414.2578125,41835.79296875,41932.4921875,42199.67578125,42235.1484375,42502.125,42538.76171875,42796.6875,43406.69921875,41798.867
2020-10-14 13:30,40452.2265625,41186.92578125,41422.015625,41831.515625,41899.5625,42154.921875,42199.82421875,42471.58203125,42503.328125,42774.96484375,43387.38671875,41839.53
2020-10-14 13:45,40003.22265625,40824.8671875,41110.80078125,41579.6015625,41620.796875,41893.44140625,41929.13671875,42235.65625,42284.05078125,42550.98046875,43124.0625,41920.598
2020-10-14 14:00,40646.47265625,41319.375,41645.8203125,41983.11328125,42086.8671875,42337.2890625,42343.1953125,42561.19140625,42605.390625,42875.2421875,43466.92578125,41522.0
2020-10-14 14:15,38781.875,39687.58984375,40166.82421875,40752.07421875,40812.57421875,41196.359375,41310.75,41646.52734375,41787.96875,42146.73828125,42819.1640625,41155.73
2020-10-14 14:30,39040.046875,39806.171875,40196.07421875,40551.53515625,40551.53515625,40823.33203125,40850.1640625,41070.078125,41135.26171875,41420.359375,42025.01171875,40296.6
2020-10-14 14:45,37887.57421875,38721.0078125,39153.21484375,39543.7890625,39543.7890625,39812.03125,39831.85546875,40069.8125,40161.68359375,40456.82421875,41042.15234375,39571.598
2020-10-14 15:00,37128.703125,37901.796875,38358.625,38657.3046875,38657.3046875,38898.59765625,38898.59765625,39079.52734375,39193.75390625,39437.78515625,39996.0625,38266.066
2020-10-14 15:15,35241.421875,36099.0390625,36730.1484375,36980.95703125,37028.22265625,37269.00390625,37356.6328125,37583.57421875,37771.125,38042.52734375,38601.57421875,37005.332
2020-10-14 15:30,34001.703125,34784.08203125,35391.10546875,35495.08984375,35586.80859375,35737.18359375,35809.8671875,35999.41796875,36163.296875,36408.359375,36966.609375,35617.266
2020-10-14 15:45,32684.23046875,33342.34375,33870.4453125,33964.87890625,34087.02734375,34210.2109375,34239.29296875,34426.421875,34566.046875,34800.3671875,35349.76171875,33952.2
2020-10-14 16:00,30939.39453125,31462.00390625,31988.51953125,32030.55078125,32159.92578125,32303.6953125,32316.28515625,32561.8203125,32690.62890625,32924.46484375,33420.50390625,31972.598
2020-10-14 16:15,28707.078125,29092.5859375,29680.4765625,29680.4765625,29797.11328125,29988.96875,30031.20703125,30386.11328125,30498.64453125,30786.6640625,31222.9453125,29809.863
2020-10-14 16:30,26494.125,26713.94921875,27252.48828125,27252.48828125,27331.921875,27546.50390625,27580.28125,27998.18359375,28038.83984375,28402.30078125,28827.57421875,27447.598
2020-10-14 16:45,24219.96484375,24361.21875,24749.203125,24792.748046875,24796.89453125,24976.017578125,24995.923828125,25378.87109375,25378.87109375,25727.23828125,26171.0,24934.066
2020-10-14 17:00,21529.84765625,21701.94921875,21986.9140625,22084.857421875,22084.857421875,22176.884765625,22245.228515625,22510.3203125,22510.3203125,22794.21484375,23259.7734375,21953.6
2020-10-14 17:15,18031.671875,18287.15625,18593.171875,18773.05859375,18773.05859375,18943.2734375,19109.78515625,19280.625,19366.48046875,19652.6796875,20137.83203125,18923.0
2020-10-14 17:30,14781.3115234375,15083.0703125,15320.7470703125,15426.8408203125,15426.8408203125,15612.8505859375,15748.2919921875,15848.79296875,15961.0546875,16270.46484375,16708.2109375,15686.332
2020-10-14 17:45,11448.8251953125,11769.814453125,11979.8515625,11979.8515625,12006.5703125,12183.95703125,12278.0458984375,12376.9619140625,12485.890625,12793.72265625,13133.6689453125,12183.398
2020-10-14 18:00,7679.9541015625,7966.50537109375,8176.68603515625,8194.189453125,8284.5634765625,8423.1142578125,8532.775390625,8656.7861328125,8799.02734375,9101.3779296875,9349.9052734375,8684.666
2020-10-14 18:15,4415.3974609375,4589.5537109375,4736.3994140625,4840.29833984375,4945.7548828125,5033.3427734375,5160.6953125,5253.93896484375,5428.97802734375,5715.859375,5872.564453125,5258.2666
2020-10-14 18:30,1857.73486328125,1946.58447265625,2060.88427734375,2246.953125,2295.513671875,2389.00244140625,2488.7666015625,2567.00634765625,2773.86572265625,3009.40625,3055.44482421875,2068.7324
2020-10-14 18:45,157.607421875,237.2919921875,363.9404296875,547.7373046875,566.9951171875,658.3798828125,701.83203125,749.9580078125,978.6015625,1105.3896484375,1105.3896484375,235.7998
2020-10-15 08:15,135.396484375,205.7265625,306.2431640625,469.3193359375,512.21875,659.18359375,686.0341796875,806.212890625,1036.0087890625,1186.54296875,1186.54296875,2004.7324
2020-10-15 08:30,3157.0537109375,3537.64599609375,3756.49658203125,4018.83642578125,4249.8330078125,4446.44140625,4675.88427734375,4736.19970703125,5135.36181640625,5389.23046875,5389.23046875,5448.5327
2020-10-15 08:45,7185.43310546875,7805.02099609375,8258.046875,8781.1787109375,8903.970703125,9303.6826171875,9371.033203125,9507.169921875,9749.984375,10088.7451171875,10204.27734375,9338.266
2020-10-15 09:00,11468.67578125,12094.3701171875,12764.3427734375,12973.017578125,13069.751953125,13318.4189453125,13318.4189453125,13370.923828125,13439.392578125,13728.38671875,13728.38671875,13035.199
2020-10-15 09:15,15132.970703125,15623.251953125,16319.24609375,16377.12890625,16553.998046875,16708.142578125,16708.142578125,16779.4921875,16797.296875,17099.328125,17099.328125,16538.465
2020-10-15 09:30,18305.833984375,18731.181640625,19236.8359375,19469.46875,19658.2109375,19980.15625,20039.30859375,20169.251953125,20259.2578125,20508.22265625,20560.837890625,19859.668
2020-10-15 09:45,22337.373046875,22642.25390625,22872.15625,23024.1640625,23135.94140625,23347.4296875,23363.705078125,23451.69140625,23500.966796875,23674.1875,23777.91796875,22998.133
2020-10-15 10:00,25599.892578125,25906.751953125,26090.921875,26205.890625,26275.56640625,26431.13671875,26431.13671875,26510.953125,26561.1171875,26709.6328125,26820.65234375,25978.266
2020-10-15 10:15,27940.30859375,28387.91015625,28645.53515625,28769.28125,28848.59765625,29009.078125,29075.51953125,29169.6640625,29249.875,29443.94140625,29609.1875,28856.863
2020-10-15 10:30,30189.515625,30719.96484375,31003.30859375,31123.49609375,31197.26953125,31344.3359375,31403.1640625,31533.41015625,31617.01953125,31824.27734375,32037.75390625,31427.398
2020-10-15 10:45,32452.02734375,32996.62109375,33267.4765625,33377.328125,33434.46484375,33584.33203125,33588.12890625,33764.54296875,33822.078125,34010.76171875,34258.66796875,33851.4
2020-10-15 11:00,34527.5546875,35093.8359375,35366.34375,35476.91796875,35530.58203125,35716.88671875,35716.88671875,35896.02734375,35930.9375,36105.3828125,36406.41796875,35889.066
2020-10-15 11:15,36062.703125,36709.5859375,36987.2890625,37160.375,37221.66796875,37438.07421875,37438.07421875,37646.74609375,37680.21875,37873.8828125,38261.234375,37692.867
2020-10-15 11:30,37691.4296875,38343.8984375,38577.30859375,38793.71875,38838.3515625,39052.8125,39052.8125,39235.734375,39248.96484375,39437.83203125,39867.11328125,39278.13
2020-10-15 11:45,39176.30078125,39819.859375,40017.4375,40291.546875,40317.77734375,40555.33984375,40555.33984375,40723.62890625,40723.62890625,40888.94140625,41354.01953125,40575.46
2020-10-15 12:00,40202.71484375,40870.8515625,41049.55859375,41393.0078125,41432.42578125,41704.5,41704.5,41896.71484375,41896.71484375,42063.5390625,42595.42578125,41607.133
2020-10-15 12:15,40945.29296875,41636.60546875,41800.3828125,42190.578125,42249.24609375,42532.8828125,42532.8828125,42765.96484375,42765.96484375,42956.50390625,43553.0390625,42374.93
2020-10-15 12:30,41636.95703125,42319.328125,42456.42578125,42861.46875,42909.88671875,43179.77734375,43179.77734375,43448.3515625,43448.3515625,43649.2421875,44266.3984375,42642.13
2020-10-15 12:45,41951.87109375,42648.46484375,42778.6328125,43215.40234375,43258.84375,43528.4765625,43535.73046875,43851.171875,43851.171875,44066.66015625,44705.1875,43154.4
2020-10-15 13:00,42308.08203125,42985.79296875,43110.37109375,43535.99609375,43585.96484375,43859.265625,43871.81640625,44168.171875,44168.171875,44371.21484375,45042.9921875,43356.0
2020-10-15 13:15,42041.734375,42778.14453125,42923.64453125,43421.43359375,43469.2265625,43788.70703125,43839.33984375,44166.12890625,44166.12890625,44419.1875,45166.578125,43560.934
2020-10-15 13:30,42270.87109375,42975.1953125,43092.89453125,43557.0390625,43557.0390625,43859.046875,43892.76171875,44217.6953125,44217.6953125,44450.66796875,45190.54296875,43533.664
2020-10-15 13:45,41599.2265625,42440.90234375,42629.73046875,43226.9296875,43226.9296875,43549.26171875,43583.05078125,43981.125,43981.125,44258.38671875,44975.55078125,43477.6
2020-10-15 14:00,42125.0234375,42797.49609375,43042.359375,43464.43359375,43511.421875,43826.70703125,43826.70703125,44115.8984375,44115.8984375,44387.484375,45126.05078125,43166.13
2020-10-15 14:15,40575.8671875,41432.78515625,41752.8359375,42390.8671875,42390.8671875,42810.9140625,42885.953125,43267.828125,43309.0,43668.5,44473.6953125,42549.4
2020-10-15 14:30,40401.14453125,41156.97265625,41444.83203125,41904.21484375,41904.21484375,42182.3671875,42195.3515625,42507.58984375,42507.58984375,42809.23046875,43553.36328125,41767.465
2020-10-15 14:45,39423.7578125,40198.8359375,40548.96875,40995.32421875,40995.32421875,41277.171875,41277.171875,41557.8203125,41588.87890625,41891.39453125,42581.86328125,40895.066
2020-10-15 15:00,38423.09375,39166.59375,39606.96484375,39959.375,39959.375,40244.69140625,40248.3515625,40478.01953125,40562.54296875,40833.015625,41461.6953125,39867.93
2020-10-15 15:15,36992.46875,37766.9453125,38327.8203125,38574.43359375,38600.57421875,38870.9140625,38922.65625,39111.3359375,39254.6484375,39521.515625,40106.546875,38624.27
2020-10-15 15:30,35671.01171875,36427.32421875,37016.51171875,37153.25,37240.0703125,37421.421875,37494.74609375,37642.44921875,37791.7109375,38064.7265625,38614.29296875,37038.598
2020-10-15 15:45,34105.4765625,34818.05859375,35411.63671875,35479.16015625,35646.796875,35756.46875,35846.1953125,35970.6796875,36135.3984375,36401.2109375,36939.37109375,35296.4
2020-10-15 16:00,32338.26171875,32940.40625,33538.59375,33538.59375,33728.05078125,33812.421875,33910.578125,34047.78125,34230.58984375,34466.96484375,34970.7890625,33364.465
2020-10-15 16:15,30110.59375,30572.09375,31229.578125,31229.578125,31376.0,31498.5390625,31621.7578125,31852.08203125,32040.734375,32314.72265625,32751.8515625,31243.465
2020-10-15 16:30,27978.734375,28225.83984375,28830.36328125,28830.36328125,28921.5859375,29101.328125,29181.56640625,29511.3515625,29628.59375,29989.66796875,30382.0546875,29018.664
2020-10-15 16:45,25913.09375,26019.0,26446.34765625,26460.09375,26470.09765625,26658.51953125,26669.64453125,27036.22265625,27047.8671875,27431.27734375,27816.1328125,26430.598
2020-10-15 17:00,23106.357421875,23220.392578125,23564.6015625,23642.638671875,23642.638671875,23769.490234375,23847.5625,24161.5234375,24168.869140625,24516.923828125,24919.1875,23568.066
2020-10-15 17:15,19928.046875,20101.431640625,20402.8515625,20541.2578125,20541.2578125,20680.6328125,20846.919921875,21048.56640625,21087.07421875,21391.515625,21844.5078125,20477.932
2020-10-15 17:30,16263.115234375,16461.27734375,16757.279296875,16942.138671875,16942.138671875,17152.078125,17353.212890625,17492.03125,17597.443359375,17933.328125,18405.0,17230.266
2020-10-15 17:45,12688.876953125,12907.83203125,13127.125,13211.283203125,13211.283203125,13401.689453125,13541.9384765625,13683.734375,13784.408203125,14130.6953125,14511.548828125,13742.0
2020-10-15 18:00,9051.55859375,9310.8251953125,9494.7431640625,9514.9755859375,9539.25390625,9710.48046875,9795.1328125,9975.3408203125,10080.92578125,10391.658203125,10620.59765625,10131.2
2020-10-15 18:15,5375.83203125,5587.3564453125,5728.33203125,5826.013671875,5894.9990234375,6016.76171875,6126.4150390625,6272.3232421875,6441.35986328125,6727.3701171875,6848.361328125,6426.3325
2020-10-15 18:30,2510.04052734375,2620.89306640625,2719.72314453125,2896.75,2946.8310546875,3044.58984375,3161.4755859375,3250.92138671875,3454.18408203125,3692.66455078125,3723.67822265625,2534.1992
2020-10-15 18:45,259.91796875,351.5947265625,481.73828125,681.126953125,718.4453125,824.2802734375,900.513671875,957.189453125,1200.5087890625,1335.7529296875,1335.7529296875,320.1328
2020-10-16 08:15,75.2734375,152.9521484375,256.0556640625,407.27734375,451.3193359375,592.01171875,607.4541015625,729.8154296875,950.6025390625,1097.3447265625,1097.3447265625,1908.5996
2020-10-16 08:30,3178.1005859375,3564.708984375,3770.30859375,3981.92529296875,4212.17626953125,4384.95458984375,4590.28125,4631.07861328125,5013.8046875,5251.4345703125,5251.4345703125,5429.6665
2020-10-16 08:45,7419.927734375,8045.337890625,8452.783203125,8890.8046875,8996.0634765625,9366.041015625,9403.7392578125,9511.8115234375,9737.7607421875,10047.8505859375,10161.0966796875,9494.933
2020-10-16 09:00,11870.876953125,12478.6328125,13094.0263671875,13244.275390625,13317.36328125,13536.6767578125,13536.6767578125,13551.478515625,13607.8720703125,13888.94921875,13888.94921875,13129.666
2020-10-16 09:15,15229.5703125,15688.955078125,16375.59765625,16419.07421875,16605.771484375,16769.42578125,16769.42578125,16860.455078125,16874.994140625,17217.560546875,17217.560546875,16514.934
2020-10-16 09:30,18103.4140625,18510.98828125,19066.23046875,19308.8671875,19545.0,19890.2734375,19971.61328125,20143.40625,20252.05078125,20568.34375,20659.53125,19667.0
2020-10-16 09:45,22036.140625,22334.47265625,22618.4765625,22770.224609375,22922.89453125,23147.091796875,23174.59375,23308.75,23368.970703125,23615.87109375,23754.240234375,22931.531
2020-10-16 10:00,25697.75,25961.3984375,26155.42578125,26259.08203125,26324.62109375,26474.8203125,26474.8203125,26540.140625,26567.8515625,26746.65625,26866.4609375,26074.2
2020-10-16 10:15,28294.421875,28685.4453125,28916.125,29016.484375,29062.38671875,29216.38671875,29239.015625,29344.34375,29377.7109375,29583.87890625,29736.05078125,28794.465
2020-10-16 10:30,29768.640625,30337.0234375,30691.37890625,30877.859375,30976.66796875,31161.5703125,31291.3828125,31461.33984375,31554.4375,31833.73046875,32086.5859375,31213.531
2020-10-16 10:45,32064.671875,32617.07421875,32938.1640625,33063.69140625,33141.2734375,33283.47265625,33349.4296875,33532.87890625,33597.94921875,33845.4609375,34121.33203125,33296.664
2020-10-16 11:00,34013.58203125,34571.57421875,34877.7109375,34984.55859375,35069.79296875,35229.94921875,35268.12109375,35463.69140625,35517.43359375,35747.06640625,36068.796875,34950.6
2020-10-16 11:15,35055.2109375,35709.78125,36071.16015625,36261.2109375,36387.86328125,36578.4453125,36656.421875,36888.39453125,36980.546875,37249.35546875,37663.8125,36404.2
2020-10-16 11:30,36275.73046875,36943.32421875,37283.42578125,37503.8828125,37626.3671875,37795.40234375,37847.4140625,38090.7890625,38183.7109375,38460.59765625,38921.4765625,37762.266
2020-10-16 11:45,37784.70703125,38411.3984375,38683.21484375,38908.5859375,39013.0078125,39174.88671875,39174.88671875,39393.71484375,39447.078125,39697.69921875,40173.3515625,39386.125
2020-10-16 12:00,39348.84765625,39937.87890625,40178.078125,40433.515625,40537.17578125,40741.640625,40741.640625,40899.3125,40913.203125,41141.21875,41648.3984375,40905.062
2020-10-16 12:15,40529.89453125,41129.1484375,41324.2890625,41638.84375,41723.671875,41964.03515625,41964.03515625,42121.6640625,42121.6640625,42337.359375,42899.16015625,41827.465
2020-10-16 12:30,41245.62109375,41878.78125,42042.67578125,42433.828125,42498.16796875,42753.44140625,42753.44140625,42977.2734375,42977.2734375,43207.90625,43803.28125,42547.0
2020-10-16 12:45,41972.78515625,42596.234375,42736.59375,43128.09765625,43184.58203125,43432.97265625,43432.97265625,43673.04296875,43673.04296875,43886.4140625,44496.7734375,43141.73
2020-10-16 13:00,42320.46484375,42959.046875,43091.33203125,43506.37109375,43576.52734375,43845.20703125,43845.20703125,44121.6484375,44121.6484375,44337.4609375,44999.28515625,43452.0
2020-10-16 13:15,42198.4609375,42890.6015625,43036.76171875,43507.55859375,43580.73046875,43886.6171875,43926.67578125,44242.81640625,44242.81640625,44497.75390625,45231.3671875,43420.8
2020-10-16 13:30,42010.57421875,42739.3515625,42891.58203125,43382.65625,43417.9609375,43734.234375,43797.19921875,44146.33984375,44146.33984375,44420.62890625,45180.51953125,43397.664
2020-10-16 13:45,41530.51171875,42357.44140625,42563.66796875,43121.37890625,43121.37890625,43455.234375,43506.49609375,43902.546875,43902.546875,44184.31640625,44910.49609375,43294.4
2020-10-16 14:00,42082.828125,42743.3828125,42978.5859375,43377.6796875,43429.6640625,43737.46484375,43746.8203125,44036.15625,44036.15625,44299.921875,45046.140625,43167.26
2020-10-16 14:15,40715.71484375,41534.15625,41836.44140625,42426.1015625,42426.1015625,42836.5234375,42904.20703125,43278.44921875,43308.8359375,43651.87109375,44453.40625,42554.266
2020-10-16 14:30,40425.93359375,41163.18359375,41454.16796875,41901.296875,41901.296875,42192.7890625,42210.52734375,42529.1953125,42529.1953125,42835.2421875,43582.76953125,41713.734
2020-10-16 14:45,39417.53125,40182.21875,40544.09375,40979.09765625,40979.09765625,41272.3203125,41277.859375,41576.33984375,41614.77734375,41919.69921875,42617.9140625,40755.33
2020-10-16 15:00,38274.0234375,39026.7109375,39504.65625,39842.8203125,39842.8203125,40140.5703125,40171.046875,40422.18359375,40516.85546875,40795.140625,41431.07421875,39624.2
2020-10-16 15:15,36711.25390625,37497.23828125,38134.66015625,38345.24609375,38387.15625,38659.84375,38757.8046875,38975.1953125,39134.53125,39415.65625,40003.70703125,38517.062
2020-10-16 15:30,35549.3984375,36305.828125,36942.57421875,37045.83203125,37144.33203125,37314.6171875,37411.96875,37559.4140625,37720.78125,38004.7890625,38554.1796875,36959.6
2020-10-16 15:45,34038.5234375,34764.140625,35393.5,35446.8203125,35621.0390625,35724.84375,35831.703125,35954.51171875,36130.2734375,36420.1484375,36955.421875,35348.664
2020-10-16 16:00,32429.16015625,33046.578125,33647.1640625,33647.1640625,33840.80078125,33920.98828125,34010.8515625,34145.01953125,34321.8984375,34577.41015625,35089.66796875,33573.934
2020-10-16 16:15,30456.20703125,30925.87109375,31534.31640625,31534.31640625,31679.3359375,31791.29296875,31881.23828125,32101.546875,32259.94140625,32537.265625,32990.0234375,31359.066
2020-10-16 16:30,28131.93359375,28403.10546875,29017.8359375,29017.8359375,29131.4375,29297.10546875,29398.3125,29738.1875,29862.94140625,30238.6015625,30638.53515625,28978.062
2020-10-16 16:45,25898.033203125,26020.2109375,26495.48828125,26495.48828125,26532.5078125,26696.75,26768.92578125,27146.5703125,27191.9609375,27614.2421875,28001.3125,26407.797
2020-10-16 17:00,23205.39453125,23315.96484375,23668.546875,23722.3125,23722.3125,23844.330078125,23950.076171875,24273.505859375,24295.33984375,24682.4140625,25094.8046875,23559.266
2020-10-16 17:15,19994.615234375,20168.181640625,20480.296875,20642.8359375,20642.8359375,20784.919921875,20965.765625,21191.98828125,21254.71484375,21603.16796875,22089.34765625,20419.133
2020-10-16 17:30,16255.529296875,16470.140625,16781.677734375,17030.00390625,17030.00390625,17251.498046875,17463.47265625,17629.9453125,17770.65234375,18160.119140625,18696.6171875,16803.533
2020-10-16 17:45,11895.8203125,12169.3828125,12464.841796875,12703.970703125,12725.119140625,12978.6455078125,13167.60546875,13365.21484375,13566.701171875,14020.69140625,14515.05078125,13129.333
2020-10-16 18:00,8203.705078125,8514.8583984375,8730.5029296875,8840.25,8902.0263671875,9072.580078125,9182.2763671875,9386.693359375,9545.1806640625,9969.7646484375,10296.5791015625,9514.466
2020-10-16 18:15,4833.65087890625,5042.61181640625,5194.19580078125,5321.9248046875,5423.46044921875,5529.68798828125,5650.2275390625,5782.56005859375,5966.35400390625,6321.693359375,6502.64453125,5529.6665
2020-10-16 18:30,1899.451171875,1989.0322265625,2106.65771484375,2324.1728515625,2384.7158203125,2493.7314453125,2606.28662109375,2692.6748046875,2916.3662109375,3183.01171875,3258.4892578125,1539.0659
2020-10-16 18:45,0.0,0.53515625,124.7822265625,336.5498046875,368.0244140625,475.0966796875,522.6787109375,571.7265625,822.30078125,938.341796875,938.341796875,65.13281
2020-10-17 08:15,0.0,21.23828125,126.1318359375,273.8974609375,319.783203125,450.4951171875,453.6953125,575.5859375,791.3798828125,939.5126953125,939.5126953125,1179.333
2020-10-17 08:30,1666.9208984375,1934.83251953125,2079.640625,2248.2802734375,2416.42626953125,2553.70751953125,2691.18798828125,2755.74658203125,3078.5166015625,3312.328125,3312.328125,3887.7324
2020-10-17 08:45,5334.5146484375,5979.32421875,6276.615234375,6679.8203125,6876.28955078125,7150.0068359375,7312.5498046875,7403.4736328125,7719.73583984375,8077.255859375,8237.9931640625,7324.0664
2020-10-17 09:00,9107.837890625,9873.7529296875,10401.3798828125,10703.0869140625,10794.30078125,11121.9521484375,11136.6123046875,11294.53125,11452.9189453125,11834.958984375,12012.560546875,11353.933
2020-10-17 09:15,13554.603515625,14142.30859375,14787.4345703125,14792.5234375,14942.720703125,15007.7890625,15007.7890625,15046.8486328125,15099.23046875,15429.5048828125,15429.5048828125,15098.133
2020-10-17 09:30,17030.271484375,17437.60546875,18005.68359375,18056.61328125,18229.02734375,18384.03125,18384.03125,18464.40234375,18477.0234375,18777.6875,18777.6875,18653.334
2020-10-17 09:45,21117.390625,21387.818359375,21639.5390625,21747.44140625,21828.630859375,22010.462890625,22010.462890625,22046.328125,22046.328125,22211.0078125,22266.466796875,21798.064
2020-10-17 10:00,24523.392578125,24776.462890625,24942.095703125,25063.140625,25085.27734375,25248.029296875,25248.029296875,25289.162109375,25289.162109375,25428.47265625,25505.60546875,24670.531
2020-10-17 10:15,26659.50390625,27070.6640625,27347.70703125,27513.765625,27573.81640625,27758.17578125,27800.22265625,27943.484375,28000.5234375,28225.37890625,28375.62109375,27226.465
2020-10-17 10:30,28132.1484375,28696.5234375,29124.109375,29335.2265625,29453.95703125,29645.98828125,29784.71484375,29974.44921875,30106.75390625,30411.01953125,30650.73828125,28643.266
2020-10-17 10:45,28520.76953125,29232.1640625,29906.03515625,30162.34765625,30367.3359375,30594.59375,30835.1171875,31126.86328125,31372.7109375,31772.3359375,32111.18359375,30784.2
2020-10-17 11:00,31500.94921875,32107.8046875,32594.8984375,32715.46875,32831.12890625,32964.33984375,33031.41796875,33216.9921875,33370.96484375,33681.4765625,34019.47265625,32818.93
2020-10-17 11:15,33437.9765625,34072.1796875,34470.9765625,34597.32421875,34676.5,34811.03515625,34839.80078125,35007.32421875,35131.09375,35418.50390625,35779.77734375,34416.0
2020-10-17 11:30,34674.91796875,35345.1796875,35694.3828125,35880.20703125,35958.08984375,36093.0,36112.0703125,36316.96484375,36450.296875,36727.55078125,37144.94921875,35404.0
2020-10-17 11:45,35366.671875,36077.2109375,36436.90625,36678.52734375,36780.3515625,36924.16796875,36966.65625,37200.2734375,37353.79296875,37637.51171875,38105.54296875,36471.93
2020-10-17 12:00,36487.421875,37159.40625,37482.13671875,37688.8203125,37805.1796875,37940.0546875,37969.47265625,38160.78125,38295.78125,38550.03515625,39037.4140625,37558.53
2020-10-17 12:15,37245.43359375,37928.0,38247.515625,38484.14453125,38616.41015625,38767.359375,38811.765625,38996.43359375,39128.90234375,39385.58984375,39911.3046875,38433.2
2020-10-17 12:30,37947.08984375,38627.7578125,38916.90625,39177.1171875,39302.91015625,39444.0390625,39481.44921875,39673.6953125,39793.80078125,40049.5234375,40586.890625,39136.867
2020-10-17 12:45,38614.328125,39290.09765625,39557.5390625,39834.91015625,39960.59765625,40102.56640625,40120.2421875,40313.65625,40414.09375,40657.1171875,41187.81640625,39741.2
2020-10-17 13:00,39030.6015625,39721.34375,40006.71484375,40305.26953125,40439.55859375,40610.46875,40637.48046875,40824.0859375,40920.6875,41159.79296875,41705.37109375,40219.13
2020-10-17 13:15,39277.39453125,39983.83984375,40276.32421875,40590.5546875,40713.70703125,40906.515625,40958.0234375,41144.15625,41240.9375,41490.91015625,42060.08984375,40573.26
2020-10-17 13:30,39316.64453125,40049.76953125,40339.3203125,40666.50390625,40772.83203125,40962.52734375,41015.16796875,41215.4296875,41307.0390625,41566.29296875,42143.234375,40880.53
2020-10-17 13:45,39108.64453125,39901.6484375,40239.2109375,40613.22265625,40716.69140625,40910.92578125,40950.703125,41173.63671875,41276.08203125,41533.53515625,42062.828125,40607.33
2020-10-17 14:00,39824.890625,40467.58984375,40834.83984375,41128.05078125,41223.51171875,41421.91796875,41437.67578125,41629.328125,41674.9765625,41937.2890625,42463.0,40772.53
2020-10-17 14:15,38874.48046875,39637.46875,40010.97265625,40466.09375,40495.12109375,40778.33984375,40827.98046875,41070.765625,41148.8046875,41443.39453125,42022.7109375,40195.062
2020-10-17 14:30,38540.62890625,39256.30078125,39600.046875,39975.7890625,39975.7890625,40204.578125,40205.52734375,40415.83984375,40465.51171875,40727.15234375,41288.171875,39649.2
2020-10-17 14:45,37884.65234375,38575.34765625,38916.8046875,39286.4296875,39286.4296875,39468.93359375,39468.93359375,39667.69921875,39709.81640625,39967.20703125,40512.953125,38693.734
2020-10-17 15:00,36763.5390625,37438.34765625,37837.5390625,38161.01953125,38161.01953125,38344.50390625,38349.80078125,38550.41796875,38632.9609375,38863.83203125,39418.74609375,37505.53
2020-10-17 15:15,34774.8203125,35514.48046875,36131.06640625,36399.06640625,36435.3671875,36652.4921875,36765.88671875,36999.13671875,37176.9765625,37435.0703125,38007.64453125,36237.133
2020-10-17 15:30,33488.77734375,34145.55859375,34785.03125,34891.578125,34948.1171875,35076.6328125,35193.6640625,35389.04296875,35574.30078125,35841.14453125,36383.91015625,34643.53
2020-10-17 15:45,32077.72265625,32588.5703125,33172.0,33205.2265625,33258.578125,33346.8671875,33444.6328125,33611.83984375,33805.3359375,34088.19140625,34594.765625,33104.4
2020-10-17 16:00,30777.13671875,31111.83984375,31606.79296875,31607.99609375,31624.59765625,31724.515625,31765.00390625,31936.59375,32101.15625,32360.3671875,32815.8671875,30872.863
2020-10-17 16:15,27931.8828125,28222.40625,28947.2890625,28947.2890625,29051.53515625,29233.9609375,29407.5625,29720.15625,29944.41015625,30313.65234375,30735.85546875,28668.934
2020-10-17 16:30,26036.2890625,26201.1640625,26756.23046875,26756.23046875,26756.23046875,26917.0390625,27014.265625,27383.4140625,27466.546875,27864.57421875,28305.2578125,26622.398
2020-10-17 16:45,23969.43359375,24101.779296875,24431.6171875,24431.6171875,24431.6171875,24537.48046875,24563.68359375,24905.05078125,24905.05078125,25219.34375,25691.13671875,23991.0
2020-10-17 17:00,21042.33203125,21219.662109375,21456.421875,21529.181640625,21529.181640625,21637.48828125,21743.33984375,21997.59765625,22004.08984375,22295.875,22838.44140625,21218.066
2020-10-17 17:15,18226.55078125,18472.37109375,18608.87109375,18705.296875,18711.9453125,18829.177734375,18941.390625,19115.259765625,19158.517578125,19422.1171875,19997.30859375,18352.533
2020-10-17 17:30,15367.751953125,15649.716796875,15770.9560546875,15830.8115234375,15864.2646484375,16004.017578125,16097.8408203125,16221.431640625,16315.8388671875,16610.1015625,17100.533203125,14958.732
2020-10-17 17:45,11086.380859375,11413.7314453125,11652.3212890625,11779.744140625,11856.21484375,12081.7529296875,12212.0517578125,12371.3115234375,12578.48046875,12956.005859375,13341.5146484375,11518.866
2020-10-17 18:00,7015.26513671875,7373.6923828125,7616.47119140625,7776.79345703125,7893.916015625,8092.90087890625,8205.36328125,8394.798828125,8599.90234375,8983.498046875,9278.1572265625,7882.866
2020-10-17 18:15,3605.8544921875,3849.45458984375,4021.775390625,4244.31640625,4367.353515625,4503.91162109375,4632.30078125,4767.98291015625,4991.86962890625,5320.3544921875,5538.1640625,4391.8667
2020-10-17 18:30,1396.1552734375,1519.77880859375,1622.7861328125,1863.63037109375,1913.83642578125,2042.56103515625,2112.36376953125,2206.1611328125,2446.787109375,2653.57763671875,2728.10791015625,1333.0664
2020-10-17 18:45,0.0,0.0,120.689453125,319.3076171875,353.119140625,452.7734375,469.7392578125,522.1845703125,810.02734375,879.8388671875,879.8388671875,93.399414
2020-10-18 08:15,0.0,53.55859375,158.5888671875,302.5166015625,352.84765625,479.7841796875,484.671875,601.6318359375,817.9501953125,966.3681640625,966.3681640625,1212.8662
2020-10-18 08:30,1901.224609375,2176.19677734375,2333.0830078125,2493.6806640625,2678.501953125,2809.72265625,2967.33154296875,3015.27099609375,3353.66455078125,3586.75830078125,3586.75830078125,4359.4663
2020-10-18 08:45,6273.93115234375,6914.453125,7329.826171875,7833.33642578125,8060.2734375,8425.23046875,8588.1748046875,8694.0419921875,9023.943359375,9377.0537109375,9530.404296875,8290.333
2020-10-18 09:00,10367.404296875,11084.728515625,11780.86328125,12065.3916015625,12192.5498046875,12522.5234375,12522.5234375,12659.572265625,12787.5966796875,13169.0224609375,13245.78125,12048.799
2020-10-18 09:15,14098.3671875,14687.88671875,15485.349609375,15500.5546875,15723.2685546875,15866.26171875,15889.171875,15988.9404296875,16032.26953125,16438.13671875,16438.13671875,15638.6
2020-10-18 09:30,17506.37109375,17976.00390625,18582.390625,18742.521484375,18976.8125,19247.552734375,19320.15234375,19437.458984375,19521.2265625,19843.546875,19923.361328125,18947.732
2020-10-18 09:45,21436.69921875,21762.849609375,22091.01171875,22215.7265625,22369.87890625,22565.30078125,22606.9453125,22692.705078125,22753.1796875,22979.9375,23101.1796875,22038.6
2020-10-18 10:00,24755.41015625,25041.8515625,25309.0625,25398.755859375,25500.740234375,25624.08203125,25649.74609375,25729.708984375,25786.4921875,25974.771484375,26096.234375,24777.398
2020-10-18 10:15,26459.94140625,26924.9765625,27349.67578125,27531.8203125,27688.52734375,27858.9765625,28009.0546875,28137.71875,28270.6640625,28554.703125,28771.76171875,27481.332
2020-10-18 10:30,28887.13671875,29387.98828125,29784.9296875,29922.921875,30038.54296875,30172.29296875,30278.19140625,30422.796875,30540.125,30821.7265625,31077.13671875,30103.996
2020-10-18 10:45,31548.59765625,32002.64453125,32309.2109375,32404.96875,32461.06640625,32584.5,32590.3984375,32759.4765625,32823.1171875,33061.9140625,33324.76171875,32348.8
2020-10-18 11:00,33460.8515625,33935.30859375,34229.9609375,34344.0625,34383.06640625,34548.3203125,34548.3203125,34763.859375,34804.31640625,35036.40625,35343.62890625,33926.53
2020-10-18 11:15,34049.74609375,34678.0625,35093.4453125,35359.7421875,35458.15234375,35690.95703125,35763.5703125,36065.65625,36173.4921875,36467.26171875,36894.06640625,35599.33
2020-10-18 11:30,35867.1953125,36450.25390625,36768.41015625,36982.0078125,37035.06640625,37216.5234375,37216.5234375,37481.48046875,37548.93359375,37802.875,38241.1640625,37252.527
2020-10-18 11:45,37634.1796875,38158.5234375,38400.78515625,38619.4375,38640.87109375,38832.66796875,38832.66796875,39042.328125,39055.7265625,39275.98046875,39719.046875,38375.4
2020-10-18 12:00,38359.8984375,38938.52734375,39178.27734375,39504.83984375,39536.92578125,39785.09375,39785.09375,40064.9921875,40070.78125,40302.92578125,40813.9765625,39346.664
2020-10-18 12:15,38964.01171875,39585.49609375,39833.66015625,40214.9296875,40274.328125,40541.015625,40541.015625,40843.66796875,40860.66015625,41101.94140625,41671.9453125,40101.066
2020-10-18 12:30,39589.33203125,40226.71875,40459.4765625,40864.76171875,40907.7109375,41168.3515625,41168.3515625,41478.02734375,41486.44140625,41742.2578125,42324.21875,40747.266
2020-10-18 12:45,40458.18359375,41047.1953125,41231.03125,41610.86328125,41624.12890625,41871.80859375,41871.80859375,42138.87890625,42138.87890625,42343.29296875,42907.39453125,41288.2
2020-10-18 13:00,40761.54296875,41361.55078125,41534.0,41967.5,41983.38671875,42264.2265625,42264.2265625,42553.3203125,42553.3203125,42753.140625,43353.91015625,41787.863
2020-10-18 13:15,40871.265625,41502.82421875,41684.4375,42153.5625,42175.875,42477.44140625,42478.37109375,42782.59765625,42782.59765625,43010.50390625,43653.70703125,42086.066
2020-10-18 13:30,40989.42578125,41644.2265625,41828.2421875,42308.203125,42308.203125,42601.05859375,42601.05859375,42915.859375,42915.859375,43158.95703125,43798.546875,42273.73
2020-10-18 13:45,40784.13671875,41534.05859375,41744.44140625,42323.3671875,42323.3671875,42605.46875,42605.46875,42956.734375,42956.734375,43195.25,43797.62890625,42275.13
2020-10-18 14:00,41495.17578125,42067.453125,42297.2265625,42683.08984375,42700.12109375,42988.05859375,42988.05859375,43223.96875,43223.96875,43443.2421875,44065.75,42025.395
2020-10-18 14:15,39629.84375,40429.27734375,40788.63671875,41468.99609375,41469.296875,41896.953125,41970.89453125,42356.13671875,42420.4453125,42760.86328125,43490.44921875,41633.2
2020-10-18 14:30,39920.9296875,40597.57421875,40884.30078125,41334.12890625,41334.12890625,41583.58203125,41583.58203125,41849.9296875,41849.9296875,42110.88671875,42768.03125,40419.73
2020-10-18 14:45,37952.92578125,38783.76953125,39238.4921875,39791.48046875,39791.48046875,40099.484375,40139.9765625,40498.58984375,40571.67578125,40889.578125,41564.12109375,39474.062
2020-10-18 15:00,37444.6484375,38133.0546875,38569.1640625,38906.23828125,38906.23828125,39111.6015625,39128.6796875,39370.6640625,39434.7578125,39669.1171875,40275.9765625,38440.664
2020-10-18 15:15,35554.91796875,36306.046875,36932.53515625,37212.42578125,37247.265625,37494.17578125,37593.8203125,37827.7734375,37989.92578125,38255.70703125,38851.578125,37059.13
2020-10-18 15:30,34268.21875,34940.73828125,35583.671875,35702.69140625,35763.3125,35906.4921875,36026.109375,36205.31640625,36380.875,36663.2109375,37212.64453125,35415.53
2020-10-18 15:45,32697.734375,33259.22265625,33884.7109375,33932.00390625,34023.2265625,34103.921875,34235.97265625,34379.11328125,34586.4453125,34883.95703125,35392.09765625,30638.465
2020-10-18 16:00,22855.94140625,23912.24609375,26188.765625,26886.6875,27982.00390625,28544.6015625,29677.7578125,30426.62890625,31608.890625,32737.46875,33513.8046875,26856.133
2020-10-18 16:15,22653.4296875,23092.150390625,24372.65234375,24662.271484375,25313.71484375,25661.6875,26489.2890625,27112.6484375,27818.65625,29316.1953125,30299.578125,26925.062
2020-10-18 16:30,21698.0,22552.931640625,23833.3828125,24514.0703125,24925.392578125,25466.93359375,25722.484375,26496.296875,26811.3671875,27914.796875,28947.01953125,25174.8
2020-10-18 16:45,21358.12890625,21702.693359375,22378.92578125,22711.7890625,22899.6328125,23172.203125,23290.89453125,23775.494140625,23937.328125,24819.57421875,25673.779296875,22408.066
2020-10-18 17:00,19140.916015625,19508.31640625,19865.517578125,20142.794921875,20222.1015625,20368.3359375,20467.84765625,20814.380859375,20976.8125,21537.48046875,22307.640625,21532.467
2020-10-18 17:15,17857.64453125,18528.4140625,18983.36328125,19255.56640625,19460.44921875,19622.9921875,19699.275390625,20055.904296875,20175.53125,20595.619140625,21296.40625,18223.0
2020-10-18 17:30,14287.556640625,14781.638671875,15293.865234375,15616.3583984375,15771.103515625,16053.638671875,16293.91796875,16546.861328125,16872.7265625,17386.142578125,18008.48046875,11753.0
2020-10-18 17:45,6351.12109375,6961.8330078125,7561.45703125,8420.34375,8561.9296875,9200.53515625,9563.2431640625,10168.23046875,10812.3583984375,11695.126953125,12513.986328125,5672.1997
2020-10-18 18:00,2378.2333984375,2729.796875,2893.09716796875,3478.82470703125,3538.26318359375,3838.27587890625,4008.24755859375,4432.8818359375,4845.44873046875,5586.171875,6246.3623046875,4451.1323
2020-10-18 18:15,2058.8564453125,2230.5478515625,2446.66455078125,2727.43505859375,2912.34765625,3087.763671875,3201.15185546875,3367.2978515625,3626.56396484375,4037.99267578125,4226.77880859375,1759.1997
2020-10-18 18:30,286.9521484375,362.5517578125,488.4873046875,759.38671875,794.7431640625,911.640625,943.0185546875,1063.5166015625,1385.53125,1619.36474609375,1719.8037109375,412.0664
2020-10-18 18:45,0.0,0.0,0.0,0.0,29.3203125,71.3779296875,89.9873046875,119.2841796875,417.5224609375,496.0849609375,496.0849609375,1.3330078
2020-10-19 08:30,405.4306640625,550.0107421875,675.69921875,823.2529296875,919.470703125,1035.5244140625,1091.3251953125,1181.375,1435.40234375,1645.50244140625,1645.50244140625,2553.6665
2020-10-19 08:45,3651.30908203125,4212.9814453125,4465.60498046875,4827.04345703125,5101.306640625,5331.11572265625,5552.8828125,5643.6484375,6027.95068359375,6377.0537109375,6507.341796875,6050.466
2020-10-19 09:00,7399.8125,8251.466796875,8801.1357421875,9384.1015625,9564.6103515625,10026.0625,10161.0009765625,10371.8115234375,10659.57421875,11147.787109375,11487.865234375,9735.266
2020-10-19 09:15,11229.25,12054.33203125,12858.5458984375,13047.09375,13266.0078125,13489.6337890625,13562.96875,13746.173828125,13936.53515625,14448.6494140625,14611.2080078125,13300.533
2020-10-19 09:30,14822.958984375,15457.486328125,16264.83984375,16308.71484375,16587.779296875,16734.75,16818.068359375,16944.26171875,17054.0078125,17532.41796875,17633.021484375,16727.598
2020-10-19 09:45,19015.375,19449.248046875,19900.71484375,19959.484375,20134.5703125,20301.04296875,20302.38671875,20410.14453125,20454.71484375,20761.30859375,20889.15625,19705.2
2020-10-19 10:00,22289.17578125,22658.2421875,22985.345703125,23093.40625,23209.56640625,23361.115234375,23361.115234375,23478.07421875,23537.44921875,23785.765625,23944.33203125,22741.266
2020-10-19 10:15,25052.94140625,25469.88671875,25808.1328125,25940.58203125,26047.16015625,26168.984375,26182.94921875,26320.1484375,26406.890625,26666.23046875,26872.3359375,25372.332
2020-10-19 10:30,26863.08984375,27393.72265625,27809.07421875,27992.6015625,28120.8828125,28269.21875,28344.51171875,28513.1875,28652.30078125,28968.453125,29242.47265625,27918.598
2020-10-19 10:45,29416.65625,29909.95703125,30241.17578125,30359.85546875,30432.54296875,30544.57421875,30554.93359375,30709.37109375,30806.3828125,31075.5078125,31350.68359375,30302.133
2020-10-19 11:00,31447.87109375,31954.8203125,32280.2265625,32392.828125,32447.16796875,32585.8203125,32585.8203125,32759.80078125,32841.515625,33086.4609375,33382.6484375,32361.668
2020-10-19 11:15,33103.08984375,33660.22265625,33997.12109375,34141.45703125,34197.71875,34361.01171875,34362.58203125,34572.43359375,34658.4453125,34902.45703125,35256.4765625,33932.8
2020-10-19 11:30,34223.89453125,34836.17578125,35183.0078125,35389.93359375,35455.38671875,35626.19140625,35635.6171875,35887.49609375,35995.87109375,36251.78125,36664.90625,35920.195
2020-10-19 11:45,36297.734375,36828.21875,37109.9375,37286.6953125,37339.22265625,37501.07421875,37501.07421875,37664.125,37718.91015625,37916.0390625,38325.1484375,37536.266
2020-10-19 12:00,37610.89453125,38172.890625,38430.6328125,38672.76953125,38701.67578125,38916.62109375,38916.62109375,39112.05078125,39125.9921875,39320.24609375,39772.94140625,38724.195
2020-10-19 12:15,38452.3515625,39072.0859375,39320.05078125,39629.453125,39671.78125,39917.8359375,39917.8359375,40153.11328125,40171.60546875,40372.23828125,40888.85546875,39082.4
2020-10-19 12:30,38087.5390625,38852.77734375,39209.578125,39679.3671875,39765.9921875,40060.76171875,40101.98828125,40465.015625,40555.9375,40823.703125,41420.71875,36031.53
2020-10-19 12:45,27826.69921875,29429.22265625,31927.9296875,33480.48046875,34353.96875,35354.98046875,36301.69921875,37582.796875,38621.25390625,39583.47265625,40691.08203125,33070.066
2020-10-19 13:00,26831.19140625,27964.203125,30018.08984375,30926.8203125,31322.51953125,32028.3984375,32821.140625,34013.34375,34871.12109375,36372.7890625,37797.66015625,32237.328
2020-10-19 13:15,28629.34375,29454.7109375,30422.19140625,30908.62890625,30963.515625,31193.53515625,31583.390625,32079.86328125,32717.60546875,34188.27734375,35636.33984375,30251.93
2020-10-19 13:30,26413.32421875,26755.66796875,27500.64453125,28037.9296875,28387.8046875,28397.09375,28804.1328125,29062.2890625,29726.37109375,31305.265625,32795.5234375,28776.996
2020-10-19 13:45,26399.81640625,26486.4453125,26985.13671875,27474.00390625,27584.37109375,27584.37109375,27626.55859375,27876.05078125,28320.1953125,29766.92578125,31131.79296875,27520.332
2020-10-19 14:00,26625.80859375,26625.80859375,26977.0859375,27328.05859375,27380.40625,27380.40625,27445.43359375,27560.26953125,27774.11328125,28956.9453125,30056.4609375,25302.8
2020-10-19 14:15,23147.38671875,23147.38671875,23845.380859375,24526.173828125,24698.05859375,24857.828125,25015.12109375,25403.333984375,25736.71875,26665.1015625,27682.69140625,24655.133
2020-10-19 14:30,23665.34765625,23665.34765625,24215.169921875,24591.41015625,24591.41015625,24674.6015625,24674.6015625,24911.275390625,25087.625,25607.125,26282.3125,24466.398
2020-10-19 14:45,23787.587890625,23787.587890625,24170.1484375,24457.11328125,24457.11328125,24526.8125,24526.8125,24662.76953125,24758.7578125,25136.28515625,25813.78515625,23876.664
2020-10-19 15:00,22946.603515625,22946.603515625,23541.02734375,23937.73046875,23937.73046875,24182.71875,24182.71875,24489.47265625,24594.693359375,24959.578125,25783.69921875,23818.4
2020-10-19 15:15,23112.69921875,23129.728515625,23604.74609375,23850.63671875,23850.63671875,24002.3203125,24002.3203125,24181.248046875,24356.25390625,24734.13671875,25449.158203125,19926.998
2020-10-19 15:30,15514.1953125,16019.111328125,17244.75,18590.970703125,19132.30078125,19841.375,20206.19140625,20932.630859375,21697.51171875,22313.548828125,23572.73828125,18070.066
2020-10-19 15:45,14893.712890625,15532.0771484375,16315.2197265625,17356.9921875,17604.4375,18113.9140625,18174.75,18723.8125,19306.59765625,20097.671875,21173.203125,18015.467
2020-10-19 16:00,15971.2509765625,16588.26953125,17233.1015625,17857.453125,17969.4296875,18343.2109375,18343.2109375,18638.91796875,19119.654296875,19820.296875,20899.5859375,17925.066
2020-10-19 16:15,17034.05859375,17585.080078125,18084.384765625,18346.1015625,18475.583984375,18698.5546875,18746.998046875,18993.353515625,19311.6015625,19934.6640625,21021.40234375,18288.135
2020-10-19 16:30,18007.921875,18684.66015625,19225.65625,19475.140625,19713.53125,19916.94140625,20048.658203125,20496.505859375,20807.234375,21536.712890625,22648.0546875,17952.865
2020-10-19 16:45,16854.0390625,17363.103515625,17830.4296875,18080.96875,18323.41015625,18507.21875,18717.1015625,19105.87890625,19454.51171875,20158.83203125,21309.1640625,12308.199
2020-10-19 17:00,7168.37451171875,7843.54296875,8706.8359375,9663.701171875,10133.27734375,10776.2314453125,11431.99609375,12215.2041015625,13208.5078125,14230.5859375,15472.9033203125,17762.934
2020-10-19 17:15,10717.0927734375,12090.076171875,13906.11328125,15629.228515625,16824.021484375,17747.513671875,18331.9296875,19436.8046875,20508.63671875,21439.416015625,22814.9140625,15183.732
2020-10-19 17:30,9226.2275390625,9907.2236328125,10919.6318359375,11690.6025390625,12103.900390625,12565.7763671875,13095.703125,13526.43359375,14189.7060546875,15451.095703125,16528.4609375,13794.199
2020-10-19 17:45,8710.744140625,9245.8974609375,9845.5517578125,10338.775390625,10486.052734375,10776.0703125,10993.3505859375,11184.244140625,11485.4951171875,12175.4189453125,12983.9794921875,10621.4
2020-10-19 18:00,5918.03564453125,6208.3193359375,6647.15234375,6950.6865234375,7031.443359375,7246.859375,7435.61279296875,7587.15234375,7874.724609375,8386.4384765625,8941.423828125,6021.999
2020-10-19 18:15,2529.84814453125,2676.7177734375,2957.3193359375,3252.98486328125,3304.708984375,3502.1923828125,3640.255859375,3830.88916015625,4139.3154296875,4557.24365234375,4917.48193359375,2555.5327
2020-10-19 18:30,767.7744140625,805.1767578125,941.4267578125,1166.7255859375,1166.7255859375,1308.3056640625,1335.3779296875,1449.6220703125,1696.17431640625,1905.56396484375,2022.65087890625,536.1992
2020-10-19 18:45,0.0,0.0,0.0,100.078125,123.3505859375,190.0888671875,190.0888671875,204.734375,465.1025390625,515.728515625,515.728515625,2.6669922
2020-10-20 08:15,0.0,0.0,26.880859375,179.009765625,212.267578125,345.9140625,346.322265625,472.220703125,684.7822265625,831.5078125,831.5078125,739.5996
2020-10-20 08:30,951.2900390625,1148.9921875,1285.6767578125,1454.97265625,1577.06884765625,1717.7021484375,1819.24951171875,1904.318359375,2198.69970703125,2420.7265625,2420.7265625,2910.8667
2020-10-20 08:45,4110.74560546875,4684.966796875,4949.32177734375,5319.220703125,5557.078125,5787.0400390625,5996.84423828125,6095.720703125,6467.44921875,6827.703125,6962.80517578125,6218.5327
2020-10-20 09:00,7976.94140625,8765.7490234375,9281.9697265625,9773.712890625,9922.685546875,10340.1416015625,10425.04296875,10630.7138671875,10879.013671875,11311.2998046875,11587.1962890625,9800.6
2020-10-20 09:15,11841.66015625,12557.306640625,13267.16015625,13381.552734375,13581.078125,13785.35546875,13830.03515625,13994.669921875,14153.9853515625,14604.201171875,14695.6826171875,13006.266
2020-10-20 09:30,14340.017578125,14947.60546875,15757.427734375,15888.55859375,16220.849609375,16492.4296875,16644.96875,16827.4140625,17024.505859375,17549.935546875,17685.6015625,16218.4
2020-10-20 09:45,18731.513671875,19130.26953125,19514.6484375,19559.673828125,19793.666015625,19992.43359375,20058.40625,20171.046875,20278.716796875,20651.453125,20841.32421875,19426.064
2020-10-20 10:00,22332.3046875,22646.0546875,22898.076171875,22977.41015625,23109.5546875,23247.01953125,23247.01953125,23337.296875,23411.95703125,23667.6328125,23860.072265625,22303.533
2020-10-20 10:15,24646.04296875,25049.1015625,25379.189453125,25512.091796875,25635.73046875,25761.390625,25784.912109375,25924.1796875,26041.39453125,26315.49609375,26546.6875,25044.062
2020-10-20 10:30,26825.34375,27299.640625,27651.18359375,27782.93359375,27907.6875,28017.6171875,28072.1796875,28210.11328125,28343.84765625,28633.8359375,28915.23046875,27474.066
2020-10-20 10:45,28922.19921875,29405.4765625,29733.58203125,29838.25,29935.15234375,30040.91796875,30074.359375,30219.69921875,30336.01953125,30610.08984375,30907.828125,29826.73
2020-10-20 11:00,31100.34765625,31559.8046875,31866.4140625,31940.83984375,32006.33203125,32125.703125,32125.99609375,32281.51171875,32373.828125,32604.81640625,32907.59375,31865.598
2020-10-20 11:15,32612.1484375,33140.97265625,33482.859375,33600.96484375,33668.296875,33820.90625,33839.9765625,34034.1328125,34135.08203125,34375.28125,34732.1171875,33553.13
2020-10-20 11:30,34045.8671875,34594.62890625,34907.91796875,35050.7578125,35111.75390625,35255.85546875,35255.85546875,35468.8203125,35569.4375,35795.1328125,36189.12109375,35067.4
2020-10-20 11:45,35513.98046875,36036.00390625,36298.25390625,36455.7109375,36498.35546875,36641.82421875,36641.82421875,36834.03515625,36905.171875,37106.56640625,37518.6875,36063.0
2020-10-20 12:00,36019.66796875,36613.43359375,36918.67578125,37159.6640625,37221.78515625,37413.16796875,37413.7734375,37689.68359375,37778.9453125,37996.40234375,38478.84375,36461.266
2020-10-20 12:15,35670.09765625,36384.5625,36839.44140625,37192.0625,37314.375,37553.8828125,37653.375,37976.8203125,38150.94921875,38425.5703125,38998.984375,33164.664
2020-10-20 12:30,23285.70703125,24913.765625,27946.0390625,29477.67578125,30638.859375,31711.07421875,32871.2578125,34357.16015625,35626.359375,36839.66015625,38081.76171875,34552.664
2020-10-20 12:45,29449.87109375,31015.54296875,33136.14453125,34290.30859375,34763.4140625,35384.8125,35885.3125,36856.22265625,37668.4609375,39108.37890625,40355.60546875,40316.797
2020-10-20 13:00,34334.84375,35851.70703125,38483.87890625,39734.76171875,40742.09375,41509.6484375,42119.9921875,42708.72265625,43166.55078125,44090.625,45055.3515625,39922.8
2020-10-20 13:15,34465.8671875,36122.9296875,38246.71875,39564.89453125,39889.4609375,40560.75390625,40971.21484375,41668.6328125,42042.15625,43098.125,43743.671875,39179.13
2020-10-20 13:30,36744.59765625,38142.07421875,39363.81640625,39996.9375,40009.4296875,40456.83984375,40616.4453125,41123.9453125,41251.5,41844.08203125,42570.5625,39700.734
2020-10-20 13:45,37059.01953125,38394.35546875,39287.11328125,39872.36328125,39876.8046875,40263.9765625,40353.40234375,40773.203125,40869.83203125,41305.42578125,41986.10546875,39748.93
2020-10-20 14:00,38030.578125,39091.37109375,39787.6328125,40221.4765625,40251.171875,40566.6796875,40586.76171875,40884.1875,40922.61328125,41292.4609375,41944.14453125,39176.33
2020-10-20 14:15,35547.2734375,36816.7265625,37766.87109375,38466.08984375,38534.75,39003.13671875,39172.421875,39645.703125,39866.6640625,40352.09765625,41080.9453125,38685.332
2020-10-20 14:30,36216.68359375,37247.5625,37961.5703125,38348.87109375,38348.87109375,38630.1484375,38683.99609375,38985.42578125,39068.48046875,39429.265625,40083.7890625,38668.2
2020-10-20 14:45,36152.22265625,37048.12109375,37630.37890625,37991.671875,37992.75,38234.9921875,38234.9921875,38440.44921875,38497.8828125,38818.359375,39416.0625,37742.93
2020-10-20 15:00,35263.3359375,36091.49609375,36654.9921875,36971.359375,36971.359375,37187.0859375,37187.0859375,37404.640625,37496.1328125,37793.55078125,38357.22265625,36938.066
2020-10-20 15:15,34418.66796875,35164.390625,35703.98046875,35931.7109375,35940.34765625,36133.2265625,36133.2265625,36325.8671875,36442.9765625,36690.890625,37249.0703125,35958.93
2020-10-20 15:30,33269.00390625,33929.484375,34454.62890625,34624.85546875,34656.296875,34830.96875,34830.96875,35021.83984375,35146.8828125,35404.2890625,35948.90234375,34297.664
2020-10-20 15:45,31663.64453125,32204.20703125,32734.4921875,32830.65234375,32883.06640625,33047.97265625,33055.13671875,33289.7109375,33437.17578125,33708.19140625,34218.29296875,32218.0
2020-10-20 16:00,29400.94140625,29831.1875,30477.71875,30477.71875,30561.4765625,30736.890625,30820.203125,31120.6171875,31309.59765625,31614.29296875,32077.46484375,30255.73
2020-10-20 16:15,27413.8046875,27704.73828125,28327.39453125,28327.39453125,28328.3046875,28511.8515625,28592.30078125,28945.55078125,29068.48828125,29403.203125,29853.5625,27958.398
2020-10-20 16:30,24815.810546875,25010.62109375,25609.5546875,25609.5546875,25685.91015625,25899.150390625,26010.01953125,26413.62109375,26512.08203125,26937.5234375,27424.19140625,25564.0
2020-10-20 16:45,22695.34375,22852.96875,23182.50390625,23182.87890625,23209.2109375,23349.8046875,23400.97265625,23725.5078125,23726.56640625,24105.6875,24646.16015625,22927.6
2020-10-20 17:00,19747.51953125,19945.029296875,20167.642578125,20259.232421875,20278.62890625,20402.7890625,20511.986328125,20724.388671875,20768.013671875,21087.537109375,21684.994140625,20107.332
2020-10-20 17:15,16922.734375,17182.015625,17319.875,17410.15234375,17429.27734375,17560.7890625,17658.685546875,17798.61328125,17874.33203125,18165.744140625,18732.41796875,17119.734
2020-10-20 17:30,13856.5322265625,14154.185546875,14299.921875,14338.0283203125,14376.416015625,14546.560546875,14625.427734375,14738.427734375,14859.318359375,15176.46875,15617.466796875,13514.266
2020-10-20 17:45,9311.7099609375,9658.412109375,9913.02734375,10046.7470703125,10130.458984375,10366.9140625,10491.931640625,10667.30078125,10891.3134765625,11276.5703125,11631.841796875,10048.266
2020-10-20 18:00,5630.18115234375,5929.41259765625,6139.8955078125,6299.6318359375,6413.53125,6574.634765625,6694.3173828125,6864.5263671875,7073.12109375,7438.0849609375,7701.68359375,6451.6665
2020-10-20 18:15,2616.11669921875,2782.71630859375,2918.44775390625,3149.50537109375,3230.25244140625,3361.10595703125,3467.30029296875,3590.134765625,3832.2822265625,4122.55419921875,4277.1328125,2890.0664
2020-10-20 18:30,656.3408203125,741.0732421875,836.2890625,1071.1962890625,1083.6142578125,1213.1220703125,1246.2060546875,1330.9453125,1589.8486328125,1742.39697265625,1765.0576171875,584.0
2020-10-20 18:45,0.0,0.0,0.0,0.0,12.21484375,73.2919921875,73.2919921875,100.7451171875,387.451171875,423.2353515625,423.2353515625,0.0
2020-10-21 08:15,0.0,0.0,70.62109375,210.662109375,259.8740234375,370.6162109375,370.6162109375,475.5205078125,686.1591796875,838.47265625,838.47265625,649.0664
2020-10-21 08:30,881.869140625,1046.541015625,1178.4775390625,1327.28125,1458.3095703125,1569.91796875,1661.37255859375,1728.32666015625,2012.40185546875,2236.4287109375,2236.4287109375,2397.1997
2020-10-21 08:45,3488.88525390625,3991.30078125,4211.0185546875,4475.96240234375,4713.86865234375,4866.6513671875,5066.1142578125,5118.556640625,5468.9951171875,5824.892578125,5952.974609375,5298.6665
2020-10-21 09:00,7016.3740234375,7781.66552734375,8185.009765625,8599.908203125,8761.78515625,9095.77734375,9216.0517578125,9363.8310546875,9620.94140625,10070.326171875,10391.7333984375,9036.666
2020-10-21 09:15,10886.2109375,11661.8671875,12322.638671875,12520.5458984375,12719.2177734375,12947.765625,13007.392578125,13189.861328125,13381.80859375,13864.86328125,14068.19921875,12440.998
2020-10-21 09:30,14055.0478515625,14647.955078125,15404.1611328125,15423.4697265625,15711.7587890625,15862.02734375,15957.8125,16109.0400390625,16237.8095703125,16769.841796875,16895.802734375,15784.932
2020-10-21 09:45,18237.84375,18632.01953125,19059.375,19059.375,19257.609375,19405.94921875,19408.1171875,19523.4453125,19575.5703125,19937.052734375,20079.50390625,19076.666
2020-10-21 10:00,21975.29296875,22269.32421875,22544.15234375,22599.5859375,22703.1640625,22817.1171875,22817.1171875,22870.587890625,22900.875,23142.94140625,23287.1875,21990.133
2020-10-21 10:15,24249.166015625,24636.361328125,25003.30859375,25143.689453125,25260.94140625,25385.80859375,25403.833984375,25561.28515625,25654.51953125,25938.953125,26139.37109375,24699.0
2020-10-21 10:30,26245.984375,26724.0,27144.4375,27305.29296875,27439.8046875,27562.8203125,27641.17578125,27808.11328125,27945.85546875,28269.2734375,28531.125,27072.73
2020-10-21 10:45,28468.328125,28946.77734375,29317.3359375,29428.5234375,29521.73046875,29622.609375,29670.66796875,29824.27734375,29946.640625,30246.40234375,30515.65234375,29442.133
2020-10-21 11:00,30717.21484375,31180.85546875,31512.8203125,31594.51953125,31657.78125,31764.7890625,31773.10546875,31926.23046875,32024.86328125,32287.1875,32563.80859375,31320.73
2020-10-21 11:15,31900.41015625,32464.0234375,32872.46875,33030.71484375,33117.39453125,33273.03125,33329.26171875,33537.1640625,33673.234375,33970.09375,34318.15625,33112.133
2020-10-21 11:30,33611.02734375,34158.50390625,34498.02734375,34641.08203125,34708.31640625,34831.59765625,34832.2421875,35039.33203125,35161.7109375,35427.234375,35802.2265625,34707.797
2020-10-21 11:45,35174.39453125,35701.8671875,35980.76953125,36140.96484375,36194.56640625,36319.6796875,36319.6796875,36496.640625,36591.89453125,36825.9296875,37218.48046875,36078.0
2020-10-21 12:00,36306.74609375,36849.9453125,37123.5546875,37324.50390625,37378.375,37541.56640625,37541.56640625,37746.58203125,37826.0,38048.03515625,38477.86328125,37289.598
2020-10-21 12:15,37053.265625,37650.4921875,37948.77734375,38208.17578125,38283.69140625,38478.171875,38478.171875,38722.91015625,38810.453125,39039.08203125,39526.7578125,38008.133
2020-10-21 12:30,37410.32421875,38067.76953125,38394.77734375,38711.5078125,38796.703125,39000.62890625,39014.47265625,39298.0546875,39403.80859375,39650.4453125,40174.1796875,38598.664
2020-10-21 12:45,38171.5,38800.75390625,39082.2578125,39374.08984375,39439.5234375,39620.86328125,39620.86328125,39873.4921875,39949.47265625,40170.8828125,40682.87109375,39125.527
2020-10-21 13:00,38541.546875,39177.71875,39459.6328125,39787.5078125,39853.97265625,40064.5703125,40064.5703125,40328.59375,40398.94140625,40615.5234375,41149.67578125,39583.93
2020-10-21 13:15,38624.54296875,39297.24609375,39611.6328125,39973.171875,40048.8984375,40281.9140625,40309.046875,40572.08203125,40656.3203125,40892.38671875,41460.73828125,39611.13
2020-10-21 13:30,38242.1484375,38987.1171875,39361.5,39768.01171875,39830.578125,40077.2265625,40135.30859375,40429.296875,40538.18359375,40807.328125,41393.06640625,39611.2
2020-10-21 13:45,37922.03125,38718.90625,39124.13671875,39553.84765625,39581.734375,39817.94921875,39849.265625,40163.12890625,40277.01953125,40526.953125,41068.859375,39223.2
2020-10-21 14:00,38281.5625,38972.78515625,39351.45703125,39660.140625,39702.5625,39906.38671875,39927.91015625,40147.6640625,40233.05078125,40475.71875,41041.0078125,38969.863
2020-10-21 14:15,36835.3046875,37651.3203125,38179.390625,38605.6015625,38639.93359375,38928.015625,39026.91796875,39310.84765625,39474.7734375,39767.2421875,40380.45703125,38374.066
2020-10-21 14:30,36388.48046875,37162.42578125,37679.74609375,37984.7578125,37984.7578125,38202.50390625,38255.76953125,38493.5625,38635.09375,38903.6640625,39485.95703125,37634.4
2020-10-21 14:45,35530.46484375,36291.6171875,36800.07421875,37077.19140625,37077.19140625,37257.69921875,37279.96484375,37497.6328125,37644.09765625,37911.48046875,38481.2109375,36427.996
2020-10-21 15:00,34199.76171875,34933.171875,35509.859375,35726.44921875,35726.44921875,35894.92578125,35946.14453125,36170.7890625,36354.1796875,36626.84375,37176.50390625,35198.266
2020-10-21 15:15,32680.4375,33367.67578125,34041.19140625,34152.5390625,34200.06640625,34342.01171875,34438.0703125,34669.328125,34891.87890625,35185.97265625,35730.33203125,33846.2
2020-10-21 15:30,31340.53125,31896.5,32541.48046875,32555.4921875,32623.9140625,32728.625,32821.55078125,33057.0859375,33261.921875,33596.0546875,34130.1640625,32169.332
2020-10-21 15:45,29722.0234375,30127.1875,30720.3515625,30720.3515625,30763.53125,30863.45703125,30938.37109375,31211.18359375,31383.53125,31753.984375,32279.8671875,30511.863
2020-10-21 16:00,28206.02734375,28475.90234375,28974.796875,28974.796875,28974.796875,29072.56640625,29090.0859375,29418.88671875,29504.921875,29873.171875,30388.6875,28337.332
2020-10-21 16:15,25683.3203125,25881.76953125,26456.50390625,26456.50390625,26529.46484375,26690.25390625,26782.73828125,27202.73828125,27297.0078125,27729.8515625,28262.8828125,26228.8
2020-10-21 16:30,23631.068359375,23769.765625,24150.6328125,24150.6328125,24219.876953125,24356.580078125,24391.33984375,24796.08984375,24818.24609375,25247.03125,25839.41015625,23979.73
2020-10-21 16:45,21226.14453125,21375.5625,21578.57421875,21659.265625,21680.67578125,21782.291015625,21808.01953125,22101.16015625,22127.29296875,22499.84375,23140.453125,21201.934
2020-10-21 17:00,18229.83203125,18438.123046875,18558.67578125,18709.609375,18717.8984375,18830.17578125,18898.556640625,19087.30078125,19176.265625,19501.59375,20171.3359375,18266.266
2020-10-21 17:15,15108.486328125,15407.9892578125,15511.515625,15627.484375,15654.5029296875,15807.54296875,15876.9853515625,16010.041015625,16150.052734375,16464.58203125,17061.845703125,14981.533
2020-10-21 17:30,11398.9384765625,11768.69921875,11938.1982421875,12016.544921875,12097.583984375,12290.7099609375,12378.404296875,12497.1328125,12697.20703125,13053.916015625,13532.44921875,11717.332
2020-10-21 17:45,7848.01220703125,8173.318359375,8365.3427734375,8428.8828125,8554.416015625,8695.2666015625,8802.435546875,8915.6025390625,9105.134765625,9478.26953125,9853.3974609375,8369.733
2020-10-21 18:00,4607.1533203125,4799.6083984375,4954.28955078125,5105.8896484375,5209.314453125,5332.35546875,5441.51416015625,5551.95947265625,5762.0810546875,6107.3955078125,6376.4521484375,5125.7993
2020-10-21 18:15,2017.68994140625,2114.53515625,2218.50146484375,2452.51123046875,2491.87109375,2626.3505859375,2687.60009765625,2793.4443359375,3041.2568359375,3309.24267578125,3446.134765625,2156.3325
2020-10-21 18:30,398.3916015625,452.59765625,540.4091796875,766.1826171875,766.1826171875,874.998046875,875.775390625,952.755859375,1209.5615234375,1352.12890625,1358.048828125,452.8662
2020-10-22 08:15,0.0,0.0,41.51171875,180.568359375,233.2958984375,337.8525390625,337.8525390625,435.302734375,642.763671875,795.5234375,795.5234375,667.9326
2020-10-22 08:30,960.5263671875,1124.8310546875,1256.490234375,1401.1640625,1540.95361328125,1647.28173828125,1738.0390625,1798.34716796875,2082.57177734375,2306.65185546875,2306.65185546875,2680.8667
2020-10-22 08:45,4167.15234375,4704.763671875,4956.29248046875,5247.80224609375,5506.4052734375,5681.34375,5891.27734375,5931.21923828125,6292.72021484375,6646.837890625,6772.103515625,6251.5327
2020-10-22 09:00,8252.365234375,9023.548828125,9558.1513671875,10019.091796875,10190.0009765625,10583.9521484375,10662.38671875,10830.453125,11069.5185546875,11507.7900390625,11784.732421875,10180.533
2020-10-22 09:15,12233.1943359375,12924.826171875,13653.6279296875,13748.181640625,13957.1953125,14113.08984375,14131.02734375,14281.123046875,14394.091796875,14879.787109375,14978.9609375,13884.465
2020-10-22 09:30,15825.458984375,16339.3203125,17025.037109375,17043.76953125,17291.1015625,17433.115234375,17463.37109375,17583.7890625,17630.1875,18066.900390625,18136.02734375,17278.0
2020-10-22 09:45,19768.947265625,20110.046875,20494.5,20539.5078125,20698.984375,20860.66015625,20860.66015625,20951.416015625,20969.568359375,21251.373046875,21348.84765625,20463.8
2020-10-22 10:00,23264.1953125,23530.55859375,23804.30078125,23857.7421875,23962.06640625,24059.859375,24059.859375,24133.8671875,24151.8046875,24377.7265625,24481.2109375,23224.668
2020-10-22 10:15,25127.28515625,25537.65625,25961.5859375,26107.421875,26266.85546875,26398.80078125,26509.94921875,26650.0,26754.63671875,27068.12890625,27250.44140625,23456.91
2020-10-22 10:30,18852.046875,19959.84375,22007.546875,23018.171875,23892.58984375,24683.84765625,25599.81640625,26371.16015625,27307.7109375,28256.98828125,28893.96875,28269.93
2020-10-22 10:45,25728.076171875,26843.69140625,28742.875,29727.74609375,30485.72265625,31044.05078125,31473.4140625,32070.859375,32688.11328125,33448.21484375,34179.6171875,30403.398
2020-10-22 11:00,29791.890625,30813.6015625,32189.56640625,32530.265625,32869.71875,33046.69921875,33283.1171875,33546.4921875,33739.4453125,34438.03125,34751.5390625,32396.598
2020-10-22 11:15,32636.0234375,33540.7109375,34373.6875,34543.32421875,34697.46484375,34874.78125,34941.3828125,35214.328125,35287.421875,35743.72265625,36147.8984375,34172.2
2020-10-22 11:30,33589.6953125,34542.76953125,35266.16015625,35582.44921875,35704.7265625,35948.703125,36038.0703125,36390.73046875,36528.015625,36984.13671875,37439.51953125,35706.13
2020-10-22 11:45,35723.8984375,36508.87890625,37004.89453125,37226.640625,37281.4453125,37478.609375,37478.609375,37755.41796875,37809.5625,38148.31640625,38576.6640625,37011.996
2020-10-22 12:00,36620.01171875,37407.60546875,37858.26953125,38160.7265625,38218.0625,38463.234375,38463.234375,38786.203125,38830.8515625,39150.40234375,39632.125,38200.734
2020-10-22 12:15,37548.36328125,38318.59765625,38730.91015625,39064.8359375,39134.68359375,39390.625,39390.625,39695.828125,39738.109375,40033.28125,40555.6875,39151.266
2020-10-22 12:30,38262.56640625,39036.29296875,39419.4921875,39799.2421875,39864.51171875,40122.09375,40122.09375,40426.08984375,40467.83203125,40762.38671875,41302.328125,39849.33
2020-10-22 12:45,39197.36328125,39916.7421875,40235.890625,40601.609375,40643.8359375,40887.47265625,40887.47265625,41144.0546875,41152.2890625,41415.73828125,41943.41015625,40343.797
2020-10-22 13:00,39470.2734375,40199.93359375,40510.484375,40931.6796875,40983.02734375,41260.91015625,41260.91015625,41555.73046875,41565.828125,41827.36328125,42398.80859375,40455.332
2020-10-22 13:15,38978.92578125,39789.484375,40186.14453125,40703.34375,40785.22265625,41114.359375,41175.84375,41517.6484375,41585.77734375,41889.14453125,42529.51953125,40381.066
2020-10-22 13:30,38735.75,39570.25,39999.9921875,40496.5390625,40541.1484375,40856.33984375,40932.43359375,41278.01953125,41353.7109375,41675.05859375,42316.25390625,40221.797
2020-10-22 13:45,38172.83203125,39079.87890625,39553.94140625,40091.38671875,40091.38671875,40405.28515625,40456.78515625,40840.7421875,40932.08203125,41235.75,41839.85546875,39870.668
2020-10-22 14:00,38871.19921875,39594.8203125,40007.91015625,40356.94921875,40396.59765625,40640.6171875,40678.4609375,40914.38671875,40965.04296875,41249.95703125,41855.02734375,39279.863
2020-10-22 14:15,36014.6484375,36998.9296875,37809.37890625,38440.6171875,38550.48828125,38975.94921875,39203.47265625,39616.453125,39857.9296875,40286.546875,40993.171875,38691.336
2020-10-22 14:30,36495.8515625,37320.96484375,37971.0234375,38286.96875,38287.3671875,38531.4453125,38643.54296875,38908.40234375,39040.8046875,39395.0703125,40009.33984375,38063.395
2020-10-22 14:45,35804.8359375,36606.99609375,37192.9765625,37475.3828125,37476.0078125,37673.875,37748.05078125,37960.890625,38099.6171875,38436.55859375,39016.13671875,37166.734
2020-10-22 15:00,35030.65234375,35747.49609375,36320.640625,36527.34375,36534.7578125,36685.67578125,36759.97265625,36935.265625,37088.22265625,37399.15625,37939.40234375,36290.53
2020-10-22 15:15,33761.46875,34461.0234375,35120.5859375,35257.88671875,35313.328125,35439.1796875,35550.4296875,35727.33203125,35921.11328125,36240.79296875,36770.5859375,35225.8
2020-10-22 15:30,32738.3203125,33347.8984375,33964.6328125,34034.23828125,34087.21875,34173.35546875,34265.484375,34434.01953125,34621.890625,34956.17578125,35471.16796875,33749.797
2020-10-22 15:45,31304.625,31806.41015625,32393.15625,32408.74609375,32471.984375,32550.2734375,32637.19140625,32826.76171875,33013.3125,33366.67578125,33866.7109375,31999.863
2020-10-22 16:00,29623.78125,29997.36328125,30569.45703125,30569.45703125,30569.45703125,30654.0234375,30735.62109375,30982.69921875,31142.16796875,31497.69921875,31971.73046875,30212.465
2020-10-22 16:15,27697.703125,27957.07421875,28526.5,28526.5,28526.5,28602.7265625,28692.30859375,29025.515625,29132.23828125,29522.35546875,29992.49609375,28157.734
2020-10-22 16:30,25398.88671875,25562.43359375,26082.01171875,26082.01171875,26097.93359375,26239.3125,26333.87890625,26731.46875,26802.17578125,27253.4375,27762.09765625,25660.398
2020-10-22 16:45,22943.9921875,23065.1015625,23406.0625,23420.6015625,23473.75390625,23583.66796875,23669.275390625,24033.705078125,24080.697265625,24544.61328125,25121.33203125,23057.934
2020-10-22 17:00,20259.78515625,20407.51953125,20588.6875,20705.17578125,20724.455078125,20808.69921875,20893.068359375,21159.80859375,21219.90234375,21633.779296875,22294.935546875,20144.668
2020-10-22 17:15,16968.33984375,17190.62109375,17334.33203125,17571.01953125,17605.8203125,17754.4140625,17853.34765625,18060.02734375,18214.4375,18616.59375,19316.54296875,16897.799
2020-10-22 17:30,13520.69140625,13815.884765625,13943.849609375,14137.46484375,14181.982421875,14371.595703125,14448.21875,14596.6943359375,14802.9052734375,15225.9033203125,15827.693359375,13397.533
2020-10-22 17:45,9503.0478515625,9852.9140625,10049.5224609375,10188.5126953125,10283.6435546875,10482.04296875,10570.2841796875,10712.763671875,10932.3115234375,11359.033203125,11824.67578125,9892.867
2020-10-22 18:00,5810.3994140625,6084.54296875,6275.78857421875,6429.0185546875,6550.37890625,6708.6865234375,6807.77197265625,6942.220703125,7149.1826171875,7537.51953125,7877.9814453125,6054.2666
2020-10-22 18:15,2488.5869140625,2622.1044921875,2758.11669921875,3022.515625,3096.45458984375,3251.82763671875,3338.74072265625,3459.84912109375,3712.72021484375,4027.0087890625,4242.1044921875,2336.7324
2020-10-22 18:30,502.7861328125,546.2255859375,631.3193359375,894.0927734375,894.0927734375,1037.7431640625,1045.138671875,1130.4462890625,1389.4482421875,1543.5556640625,1603.595703125,428.1328
2020-10-23 08:15,168.72265625,199.1923828125,308.330078125,442.03515625,512.6328125,613.9619140625,623.8251953125,706.138671875,930.0625,1089.060546875,1089.060546875,454.667
2020-10-23 08:30,460.6767578125,597.79296875,738.3857421875,875.1962890625,989.2470703125,1079.9658203125,1148.5810546875,1216.5380859375,1484.01904296875,1728.55126953125,1728.55126953125,1242.667
2020-10-23 08:45,1673.8095703125,2016.798828125,2197.9521484375,2373.60986328125,2575.83837890625,2668.32421875,2810.08935546875,2861.71875,3170.65283203125,3529.50927734375,3666.1240234375,1989.0659
2020-10-23 09:00,2003.7314453125,2531.13818359375,2719.61328125,3007.99072265625,3209.21533203125,3359.17822265625,3506.53125,3675.31005859375,3961.83349609375,4520.06005859375,4949.75048828125,3200.1997
2020-10-23 09:15,3349.421875,4012.32666015625,4189.76806640625,4588.23388671875,4795.87841796875,5048.22021484375,5215.16455078125,5471.50341796875,5787.74755859375,6493.00439453125,7174.09375,3631.0664
2020-10-23 09:30,2871.869140625,3435.56494140625,3679.6123046875,4124.3486328125,4338.38330078125,4668.18896484375,4889.060546875,5264.02392578125,5651.1826171875,6604.890625,7565.9462890625,4022.8667
2020-10-23 09:45,3499.880859375,4056.8955078125,4323.6328125,4731.71826171875,4980.1484375,5251.04736328125,5518.27001953125,5829.03125,6229.8310546875,7207.4609375,8336.953125,5960.132
2020-10-23 10:00,6131.21923828125,7042.64013671875,7612.73486328125,8224.224609375,8699.3447265625,9086.541015625,9546.0478515625,9942.1025390625,10518.5302734375,11572.376953125,12872.3984375,12594.666
2020-10-23 10:15,10036.1806640625,11553.9736328125,13295.59765625,14669.091796875,15677.3935546875,16420.1796875,17277.6796875,18085.0390625,19171.13671875,20533.109375,21901.18359375,23296.998
2020-10-23 10:30,14057.796875,16366.482421875,19249.13671875,20837.2734375,22315.7265625,23185.60546875,23841.40234375,24622.908203125,25790.0703125,26860.63671875,27787.08203125,13499.6
2020-10-23 10:45,7772.876953125,9499.994140625,13240.673828125,14339.724609375,16026.4892578125,17777.095703125,19554.33984375,21339.544921875,23076.0234375,25202.41015625,26723.375,16375.197
2020-10-23 11:00,10853.955078125,12405.66015625,14683.0400390625,16119.7724609375,17720.390625,19475.09765625,20996.15234375,22565.873046875,24584.2890625,27587.51171875,29991.67578125,32052.73
2020-10-23 11:15,20598.8046875,22829.68359375,26190.44921875,28480.7578125,30723.453125,32367.56640625,33178.609375,34456.375,35481.8671875,36866.75390625,37804.28125,27947.934
2020-10-23 11:30,16715.53125,19429.615234375,23304.599609375,25801.1796875,27055.57421875,29082.6484375,29746.8125,31236.6171875,32697.625,35286.4296875,37046.86328125,25808.064
2020-10-23 11:45,16726.888671875,18856.0234375,21955.7265625,23592.68359375,24784.015625,26518.578125,27621.15234375,29377.83203125,31317.73046875,34665.55859375,37028.8671875,26088.266
2020-10-23 12:00,18206.2109375,20461.8359375,22588.58203125,23869.23046875,24856.236328125,26374.0390625,27291.20703125,28870.33203125,30701.95703125,34317.4140625,36789.86328125,26570.133
2020-10-23 12:15,20747.52734375,23265.16015625,24902.73046875,26136.9453125,26867.83984375,28262.66796875,28874.01171875,30179.9921875,31932.97265625,35361.07421875,37817.4921875,14166.998
2020-10-23 12:30,10482.0947265625,12127.79296875,13987.9892578125,15164.5166015625,16542.140625,18250.62109375,19813.908203125,22379.61328125,25007.30078125,29376.6953125,32196.484375,14697.932
2020-10-23 12:45,14789.46484375,16196.4248046875,17850.79296875,19087.05859375,20010.69140625,21525.67578125,22557.09375,24553.50390625,26648.53515625,30536.94140625,32973.203125,7117.865
2020-10-23 13:00,5912.4794921875,7080.9326171875,8013.36962890625,8665.322265625,9240.5234375,10617.470703125,11420.6484375,13134.6865234375,15080.001953125,18300.138671875,20447.5625,7311.5996
2020-10-23 13:15,6511.84423828125,7571.5634765625,8699.365234375,9026.3486328125,9816.26171875,10887.7646484375,11889.494140625,13176.6435546875,14397.41015625,16797.185546875,18113.111328125,8288.266
2020-10-23 13:30,7048.1455078125,7735.57763671875,8550.115234375,8993.8408203125,9460.767578125,10281.888671875,10968.3232421875,11823.609375,12738.91796875,14668.638671875,16262.181640625,14550.6
2020-10-23 13:45,12306.8505859375,14011.4765625,16156.51953125,18147.6875,19409.015625,20675.69921875,21799.140625,23639.421875,25216.57421875,27201.06640625,29209.8671875,22365.6
2020-10-23 14:00,15297.546875,17221.1015625,19530.9140625,21482.294921875,22397.26953125,23711.61328125,24874.16015625,26143.1875,27856.76953125,30213.16015625,32393.26953125,24606.93
2020-10-23 14:15,15855.125,18390.224609375,20937.087890625,22274.298828125,22936.28125,24014.0546875,24810.77734375,25834.875,27381.6328125,29655.62890625,31831.8046875,27273.73
2020-10-23 14:30,17466.490234375,20384.18359375,22960.884765625,24179.38671875,24918.009765625,25794.9296875,26606.265625,27334.36328125,28566.6953125,30445.18359375,32493.6640625,33441.266
2020-10-23 14:45,20232.98046875,23610.7109375,27157.30859375,28644.875,29966.921875,30969.16015625,31965.89453125,32588.203125,33713.83203125,34892.91796875,36359.76953125,38376.266
2020-10-23 15:00,24196.66015625,28238.87109375,32348.82421875,33868.70703125,35197.48046875,35936.36328125,36821.6171875,37381.875,38071.65234375,38962.3125,39973.18359375,32811.867
2020-10-23 15:15,17685.8203125,21526.55078125,26572.75,28502.01953125,29884.55078125,31063.828125,32340.8671875,33912.3828125,35206.53125,36796.41796875,38169.98828125,21370.732
2020-10-23 15:30,12413.392578125,14572.134765625,18210.69921875,19615.43359375,21712.06640625,23527.19140625,25805.7265625,28053.47265625,30730.796875,34157.68359375,36792.8515625,18147.533
2020-10-23 15:45,12971.32421875,14240.853515625,16401.76171875,17899.9921875,18972.05859375,20719.443359375,21763.134765625,23501.693359375,25707.3515625,29299.13671875,31840.57421875,18953.533
2020-10-23 16:00,14327.9990234375,15728.201171875,17603.615234375,19099.0,19909.44921875,21465.953125,21992.52734375,23420.39453125,25308.47265625,28450.484375,30951.35546875,15841.865
2020-10-23 16:15,9578.345703125,10475.859375,11808.3076171875,12730.923828125,13693.974609375,14785.552734375,15644.337890625,16835.23828125,18814.1484375,21827.318359375,24250.576171875,22095.934
2020-10-23 16:30,14778.244140625,16301.66796875,18671.9453125,21008.419921875,22342.26953125,23749.90234375,24885.24609375,26443.03125,28022.41796875,29996.62890625,31898.234375,25256.266
2020-10-23 16:45,14621.685546875,16699.927734375,18827.517578125,20256.681640625,21594.5078125,22621.58984375,23711.671875,24423.310546875,25593.23828125,27637.56640625,29508.34765625,21119.268
2020-10-23 17:00,12448.275390625,13938.0927734375,16090.826171875,17199.787109375,18224.744140625,18950.71875,19646.376953125,20329.87109375,21540.486328125,23603.234375,25473.8046875,16630.2
2020-10-23 17:15,10124.109375,11000.7998046875,12327.56640625,13365.01171875,13961.078125,14571.0322265625,15180.61328125,15935.462890625,17227.298828125,19355.361328125,21020.27734375,14430.066
2020-10-23 17:30,9731.5419921875,10590.6513671875,11475.9638671875,12168.0810546875,12554.4462890625,12854.220703125,13306.380859375,13850.9794921875,14701.67578125,16363.439453125,17690.59375,11806.465
2020-10-23 17:45,8117.18701171875,8665.5078125,9275.08203125,9709.271484375,10002.615234375,10197.62109375,10597.85546875,10932.0146484375,11537.8671875,12837.48046875,14008.806640625,3879.0664
2020-10-23 18:00,2437.8984375,2728.34130859375,3011.71875,3615.1630859375,3750.29248046875,4085.9130859375,4409.35546875,4950.4814453125,5599.5439453125,6767.86767578125,7856.71533203125,2502.7324
2020-10-23 18:15,1747.2001953125,1773.57470703125,1881.8642578125,2241.53857421875,2288.68310546875,2424.79248046875,2592.58154296875,2788.6220703125,3107.52001953125,3778.08251953125,4275.12255859375,1358.1992
2020-10-23 18:30,696.7998046875,696.7998046875,700.181640625,985.2822265625,985.2822265625,1074.82421875,1081.841796875,1173.83203125,1457.5,1770.3740234375,1990.8271484375,483.0
2020-10-24 08:15,0.0,0.0,50.4091796875,193.7919921875,239.5400390625,345.859375,346.7529296875,444.8056640625,665.837890625,817.5390625,817.5390625,439.667
2020-10-24 08:30,615.1474609375,751.1865234375,886.5732421875,1028.6669921875,1140.8427734375,1240.0498046875,1326.1259765625,1380.8232421875,1665.7080078125,1880.845703125,1880.845703125,1929.5996
2020-10-24 08:45,3015.3330078125,3430.61376953125,3638.6318359375,3824.86376953125,4065.65673828125,4165.4130859375,4374.57568359375,4378.54150390625,4735.38671875,5063.22314453125,5144.57177734375,5022.1323
2020-10-24 09:00,6995.9501953125,7695.248046875,8101.6640625,8509.5244140625,8701.162109375,9018.94921875,9143.857421875,9241.5361328125,9486.041015625,9895.8681640625,10166.369140625,7416.4663
2020-10-24 09:15,9245.42578125,9930.9892578125,10581.2568359375,10702.3037109375,10880.205078125,11187.2744140625,11289.9453125,11479.1845703125,11660.8720703125,12202.13671875,12430.765625,6834.3325
2020-10-24 09:30,4492.6982421875,5248.39208984375,6999.126953125,7545.3671875,8373.1640625,9379.818359375,10106.7412109375,10856.400390625,11657.681640625,12878.1044921875,13438.244140625,6570.5327
2020-10-24 09:45,5121.140625,5317.8525390625,6263.5263671875,6316.26171875,7119.220703125,7782.98046875,8494.271484375,8934.5654296875,9665.486328125,11029.97265625,11815.162109375,6661.2656
2020-10-24 10:00,6062.2080078125,6148.76171875,6639.4189453125,6639.4189453125,7146.6083984375,7476.1328125,8017.359375,8239.1806640625,8723.408203125,9863.521484375,10743.46875,6635.1323
2020-10-24 10:15,5761.36669921875,5824.8994140625,6218.1376953125,6240.57275390625,6687.7470703125,6900.859375,7308.95947265625,7528.9677734375,7930.646484375,8833.7919921875,9784.71484375,6570.4653
2020-10-24 10:30,5405.673828125,5523.84716796875,5915.720703125,6012.6884765625,6359.96435546875,6532.1669921875,6777.67138671875,7056.5908203125,7419.18359375,8074.91796875,8929.951171875,6842.5327
2020-10-24 10:45,5454.68115234375,5648.69384765625,6058.47216796875,6277.0546875,6528.8310546875,6737.0859375,6870.3955078125,7209.8359375,7601.12109375,8100.4306640625,8832.07421875,7170.9995
2020-10-24 11:00,5593.5,5793.4296875,6206.412109375,6497.2216796875,6737.19677734375,6981.5185546875,7084.5146484375,7467.96142578125,7912.40087890625,8377.04296875,9078.85546875,7430.5996
2020-10-24 11:15,5724.0068359375,5902.6064453125,6329.125,6623.2744140625,6903.02880859375,7143.8369140625,7254.9404296875,7648.36865234375,8093.4951171875,8577.5185546875,9274.591796875,7586.5996
2020-10-24 11:30,5771.365234375,5960.72705078125,6419.08203125,6726.17529296875,6996.8857421875,7223.4599609375,7316.162109375,7694.6953125,8113.54248046875,8574.8955078125,9256.1240234375,7577.4653
2020-10-24 11:45,5714.09765625,5933.46533203125,6393.126953125,6723.205078125,6942.7041015625,7164.2490234375,7223.79296875,7582.916015625,7998.3955078125,8417.4033203125,9074.1826171875,7106.8657
2020-10-24 12:00,5286.7158203125,5546.7119140625,5978.07421875,6285.3095703125,6487.34765625,6686.4091796875,6752.3759765625,7104.224609375,7508.64697265625,7924.982421875,8550.4970703125,7108.7993
2020-10-24 12:15,5404.32080078125,5666.48046875,6064.7119140625,6324.5791015625,6560.921875,6741.4765625,6831.916015625,7177.9248046875,7597.6298828125,8073.568359375,8648.609375,7152.5327
2020-10-24 12:30,5258.05908203125,5560.9287109375,5988.9111328125,6269.236328125,6487.8544921875,6643.5849609375,6736.0234375,7071.4501953125,7464.3447265625,7929.5791015625,8521.87890625,6892.1323
2020-10-24 12:45,5086.6630859375,5415.94580078125,5843.7451171875,6126.4189453125,6298.8193359375,6447.548828125,6528.2060546875,6843.1357421875,7236.951171875,7677.44921875,8261.13671875,6531.9326
2020-10-24 13:00,4869.56494140625,5198.12548828125,5598.67822265625,5856.453125,6019.2861328125,6155.080078125,6253.24267578125,6563.85205078125,6966.7841796875,7437.0576171875,8011.298828125,6574.1323
2020-10-24 13:15,4939.03466796875,5245.32763671875,5624.357421875,5841.38330078125,6047.8310546875,6165.7177734375,6294.1708984375,6608.6943359375,7018.94482421875,7553.5078125,8121.5322265625,6599.6665
2020-10-24 13:30,4979.2412109375,5290.5400390625,5691.34228515625,5923.810546875,6121.56591796875,6222.4140625,6350.349609375,6649.6953125,7043.0,7572.5185546875,8164.83203125,6558.7324
2020-10-24 13:45,5090.88134765625,5427.36865234375,5832.0263671875,6134.970703125,6245.67529296875,6358.97119140625,6433.982421875,6712.6279296875,7100.869140625,7589.58984375,8174.451171875,6581.6665
2020-10-24 14:00,5029.439453125,5318.2890625,5699.546875,5957.83203125,6109.91015625,6213.4658203125,6345.8232421875,6614.97265625,7030.515625,7555.8505859375,8185.6689453125,6555.3994
2020-10-24 14:15,5128.146484375,5380.8984375,5739.9462890625,5966.01953125,6169.388671875,6260.28271484375,6418.5673828125,6690.7392578125,7124.3583984375,7698.880859375,8359.6279296875,6543.8657
2020-10-24 14:30,5169.94580078125,5424.1591796875,5795.5439453125,6026.27587890625,6223.736328125,6283.7177734375,6451.962890625,6691.63916015625,7103.1591796875,7662.2998046875,8369.6640625,6506.1997
2020-10-24 14:45,5168.3740234375,5409.32373046875,5770.2216796875,6019.85888671875,6167.86865234375,6223.51953125,6378.1376953125,6591.2041015625,7003.90185546875,7537.3642578125,8274.59375,6435.7993
2020-10-24 15:00,5173.130859375,5385.61669921875,5708.2421875,5976.21484375,6106.78564453125,6166.2783203125,6327.51171875,6540.8505859375,6975.70263671875,7548.41015625,8316.16796875,5951.6665
2020-10-24 15:15,4907.45654296875,5125.55029296875,5415.7705078125,5644.16943359375,5796.9404296875,5809.56396484375,6016.3291015625,6204.25,6613.650390625,7222.2666015625,8006.92626953125,5908.3994
2020-10-24 15:30,5135.86865234375,5331.89013671875,5596.0703125,5809.025390625,5982.4326171875,5982.4326171875,6212.86767578125,6360.11083984375,6801.9716796875,7439.3134765625,8236.6240234375,5862.3325
2020-10-24 15:45,5026.9013671875,5186.1484375,5433.212890625,5685.8798828125,5817.828125,5817.828125,6038.4619140625,6166.56787109375,6586.353515625,7217.5986328125,8092.576171875,5785.3994
2020-10-24 16:00,4990.7822265625,5135.7998046875,5351.9580078125,5635.970703125,5764.53515625,5764.53515625,6018.0322265625,6164.494140625,6608.3544921875,7299.53515625,8191.29052734375,5796.9326
2020-10-24 16:15,5039.9423828125,5211.9462890625,5424.20703125,5724.58251953125,5942.95849609375,5942.95849609375,6273.2353515625,6459.255859375,6942.6220703125,7765.81591796875,8693.3193359375,6374.8667
2020-10-24 16:30,5492.1630859375,5739.732421875,6028.25927734375,6377.2001953125,6724.47900390625,6754.9013671875,7194.8408203125,7486.00732421875,8034.93359375,9063.951171875,10056.3193359375,6315.9995
2020-10-24 16:45,5223.3408203125,5402.39111328125,5681.0517578125,6061.4775390625,6373.751953125,6417.5625,6890.416015625,7205.57080078125,7717.3515625,8788.75390625,9896.119140625,6234.4653
2020-10-24 17:00,5015.298828125,5239.732421875,5569.03515625,5932.111328125,6253.791015625,6340.97607421875,6835.744140625,7199.55078125,7711.86572265625,8824.9560546875,9867.9951171875,6168.9326
2020-10-24 17:15,4835.01806640625,5110.8203125,5447.83837890625,5801.494140625,6157.46826171875,6283.65380859375,6800.11181640625,7222.1943359375,7766.40380859375,8939.5224609375,9932.021484375,6058.1997
2020-10-24 17:30,4758.392578125,5048.1328125,5349.76953125,5705.6064453125,5988.4814453125,6171.58056640625,6614.56005859375,7078.6767578125,7610.24609375,8757.5947265625,9669.28125,5848.8667
2020-10-24 17:45,4079.84716796875,4334.83935546875,4581.82861328125,4945.2705078125,5085.3310546875,5318.5439453125,5644.9462890625,6096.470703125,6554.41015625,7531.25927734375,8312.7216796875,5323.9326
2020-10-24 18:00,2934.89404296875,3181.5244140625,3384.1875,3696.48779296875,3764.35205078125,3990.353515625,4234.85400390625,4604.8876953125,4999.60986328125,5752.68603515625,6313.20263671875,3920.7998
2020-10-24 18:15,1293.25,1458.4814453125,1618.544921875,1845.60888671875,1889.3857421875,2052.38623046875,2265.60595703125,2494.52685546875,2846.01220703125,3398.10595703125,3743.5556640625,1262.5996
2020-10-24 18:30,0.0,0.0,36.0048828125,195.7060546875,195.7060546875,294.5009765625,421.8115234375,521.7626953125,804.46484375,1117.0419921875,1273.14453125,155.33301
2020-10-25 08:30,49.6005859375,152.216796875,282.314453125,437.388671875,494.4267578125,615.0419921875,654.26171875,751.1044921875,994.9150390625,1192.3994140625,1192.3994140625,835.5322
2020-10-25 08:45,1004.5654296875,1275.50390625,1456.8212890625,1666.931640625,1814.70166015625,1956.92138671875,2081.57080078125,2167.00390625,2467.8486328125,2767.75537109375,2830.9287109375,2774.7324
2020-10-25 09:00,3423.67529296875,4042.79345703125,4266.51611328125,4690.89892578125,4912.44775390625,5160.56396484375,5362.0087890625,5526.53125,5866.517578125,6305.55908203125,6587.720703125,7094.8657
2020-10-25 09:15,8157.0703125,9127.880859375,9966.7470703125,10884.4130859375,11220.52734375,11884.908203125,12101.2041015625,12493.615234375,12899.9462890625,13450.658203125,13900.5859375,9761.666
2020-10-25 09:30,9855.435546875,10713.041015625,11903.8857421875,12243.044921875,12628.81640625,13075.7890625,13353.65234375,13706.33203125,14103.189453125,14895.5068359375,15178.15234375,9826.266
2020-10-25 09:45,7037.5048828125,7875.974609375,9810.6220703125,10424.20703125,11280.9140625,12317.8798828125,13077.091796875,13778.1640625,14682.5234375,15859.7421875,16380.04296875,8110.7324
2020-10-25 10:00,5649.7001953125,5937.1318359375,7245.7314453125,7406.0302734375,8436.552734375,9348.12109375,10264.330078125,10950.076171875,11900.7470703125,13383.4169921875,14297.771484375,7390.5996
2020-10-25 10:15,6075.90966796875,6094.80859375,6614.5068359375,6614.5068359375,7215.3466796875,7609.326171875,8194.24609375,8542.4296875,9175.5615234375,10443.390625,11474.51171875,6423.1323
2020-10-25 10:30,5146.97265625,5256.65087890625,5610.9482421875,5621.85888671875,5973.1328125,6138.44140625,6488.01953125,6744.35595703125,7163.5791015625,8004.853515625,8991.87109375,5695.2666
2020-10-25 10:45,4575.30712890625,4835.6064453125,5161.87451171875,5264.97802734375,5461.458984375,5586.181640625,5769.86328125,6020.66455078125,6394.65625,6931.92041015625,7682.9677734375,5701.799
2020-10-25 11:00,4522.97607421875,4835.3251953125,5149.91650390625,5355.7470703125,5557.0322265625,5719.6279296875,5877.37109375,6176.2666015625,6622.4580078125,7124.5966796875,7781.96142578125,5966.5996
2020-10-25 11:15,4654.6923828125,4915.64306640625,5243.98779296875,5481.84814453125,5743.25830078125,5897.810546875,6075.76611328125,6405.2421875,6875.8505859375,7439.40576171875,8102.84228515625,5723.5327
2020-10-25 11:30,4364.54443359375,4617.98095703125,5000.0185546875,5217.89453125,5459.7412109375,5554.8154296875,5721.62158203125,6033.5791015625,6431.775390625,6962.1201171875,7613.1162109375,5329.3325
2020-10-25 11:45,4128.8876953125,4410.06640625,4786.05859375,4976.74755859375,5150.33642578125,5218.98046875,5358.9150390625,5641.3046875,6015.6923828125,6505.05908203125,7076.53564453125,4751.0664
2020-10-25 12:00,3753.3994140625,4059.27001953125,4391.89111328125,4542.9267578125,4681.1328125,4726.00048828125,4877.3134765625,5156.17431640625,5529.76171875,6042.572265625,6551.5087890625,4781.2666
2020-10-25 12:15,3882.17529296875,4167.7294921875,4471.65087890625,4586.9091796875,4768.5478515625,4797.8603515625,4981.04541015625,5266.70849609375,5671.2138671875,6261.8955078125,6734.744140625,4828.0664
2020-10-25 12:30,3792.810546875,4086.18505859375,4433.845703125,4579.013671875,4752.7783203125,4762.1376953125,4957.92919921875,5245.89404296875,5632.7919921875,6225.486328125,6727.4482421875,5783.7993
2020-10-25 12:45,4498.4931640625,4736.57763671875,5102.79248046875,5358.23681640625,5532.02197265625,5627.5908203125,5807.74609375,6129.6083984375,6616.81298828125,7243.77197265625,7813.001953125,5580.0664
2020-10-25 13:00,4002.43212890625,4258.5205078125,4645.30029296875,4899.38330078125,5048.5517578125,5099.44873046875,5283.00146484375,5599.13916015625,6007.1025390625,6618.9130859375,7269.033203125,5604.9995
2020-10-25 13:15,4381.65234375,4618.74951171875,4954.275390625,5130.044921875,5321.38720703125,5367.6376953125,5559.05078125,5864.8408203125,6280.60400390625,6955.7578125,7550.29296875,5710.9326
2020-10-25 13:30,4431.927734375,4697.15478515625,5059.3125,5279.72607421875,5450.96826171875,5479.70361328125,5667.63720703125,5962.11083984375,6351.453125,7011.36865234375,7655.11181640625,5750.1323
2020-10-25 13:45,4585.8125,4869.79345703125,5232.990234375,5527.40966796875,5609.02490234375,5663.5126953125,5789.048828125,6066.9677734375,6440.345703125,7059.6103515625,7701.46044921875,5730.132
2020-10-25 14:00,4537.4248046875,4791.849609375,5127.9775390625,5381.54296875,5497.75732421875,5542.3798828125,5712.734375,5972.265625,6368.486328125,7014.515625,7703.92724609375,5207.1997
2020-10-25 14:15,4218.6591796875,4489.82958984375,4803.99267578125,4989.2939453125,5130.50634765625,5130.50634765625,5330.443359375,5567.63671875,5932.3984375,6602.2763671875,7299.341796875,5135.5996
2020-10-25 14:30,4401.82275390625,4666.7958984375,4957.443359375,5110.724609375,5257.6220703125,5257.6220703125,5455.453125,5653.63623046875,6031.92041015625,6708.626953125,7407.78125,5086.7993
2020-10-25 14:45,4261.33056640625,4515.3193359375,4802.08056640625,4986.44580078125,5086.5634765625,5086.5634765625,5276.72021484375,5460.755859375,5824.39453125,6476.328125,7235.73779296875,5115.0664
2020-10-25 15:00,4372.6083984375,4583.19091796875,4827.23779296875,5027.48974609375,5125.17236328125,5125.17236328125,5339.45849609375,5531.828125,5937.9296875,6647.501953125,7433.57958984375,5162.5327
2020-10-25 15:15,4442.77783203125,4639.80322265625,4863.71728515625,5072.3076171875,5226.18310546875,5226.18310546875,5472.52197265625,5670.388671875,6095.76025390625,6880.51708984375,7719.7724609375,5189.6655
2020-10-25 15:30,4553.13720703125,4742.87744140625,4978.67138671875,5190.322265625,5373.3486328125,5373.3486328125,5639.2587890625,5820.9404296875,6232.185546875,7037.8271484375,7941.01953125,5196.4663
2020-10-25 15:45,4494.59765625,4666.638671875,4908.5234375,5140.77490234375,5304.22998046875,5304.22998046875,5579.6904296875,5756.69921875,6138.3212890625,6939.138671875,7904.09228515625,5250.7993
2020-10-25 16:00,4512.9794921875,4699.4912109375,4954.6669921875,5223.16455078125,5427.78125,5438.8017578125,5770.2705078125,5992.423828125,6411.310546875,7301.61083984375,8284.9580078125,5350.3994
2020-10-25 16:15,4551.56689453125,4785.59716796875,5084.55029296875,5377.65185546875,5704.52587890625,5740.47802734375,6168.5517578125,6457.23095703125,6930.70263671875,7983.87646484375,9004.94140625,5389.8667
2020-10-25 16:30,4544.65771484375,4790.302734375,5133.9365234375,5441.61669921875,5838.162109375,5896.52197265625,6402.5126953125,6724.955078125,7211.0166015625,8368.8291015625,9459.314453125,5406.3325
2020-10-25 16:45,4350.431640625,4579.86376953125,4956.6005859375,5291.8193359375,5670.4384765625,5767.25537109375,6295.33203125,6640.32177734375,7108.0185546875,8282.16796875,9396.5625,5416.5327
2020-10-25 17:00,4067.13671875,4328.91650390625,4744.27294921875,5094.681640625,5471.83935546875,5618.220703125,6158.158203125,6543.08251953125,7015.89306640625,8200.150390625,9244.3994140625,5457.8657
2020-10-25 17:15,4022.24072265625,4346.77587890625,4784.05029296875,5132.9638671875,5543.921875,5745.5390625,6295.9052734375,6733.92578125,7247.46875,8468.1328125,9423.859375,5375.466
2020-10-25 17:30,3972.44384765625,4296.99365234375,4674.95849609375,5061.09423828125,5371.42529296875,5639.3603515625,6090.865234375,6576.73291015625,7080.494140625,8247.439453125,9153.234375,6766.666
2020-10-25 17:45,5334.474609375,5822.822265625,6133.47607421875,6694.2451171875,6833.763671875,7207.74609375,7433.71142578125,8062.83203125,8528.220703125,9556.9091796875,10383.703125,7202.7993
2020-10-25 18:00,4396.86669921875,4786.107421875,4922.01025390625,5503.060546875,5503.060546875,5809.568359375,5910.6396484375,6488.40234375,6891.60107421875,7675.8271484375,8394.4697265625,5435.2666
2020-10-25 18:15,1852.17138671875,2128.59326171875,2267.28759765625,2639.18408203125,2639.18408203125,2841.73583984375,3019.2763671875,3367.47509765625,3718.474609375,4295.583984375,4711.97216796875,1832.1323
2020-10-25 18:30,0.0,42.0341796875,159.9404296875,359.23828125,359.23828125,465.9921875,597.7158203125,746.8076171875,1019.248046875,1338.69921875,1509.6640625,235.66699
2020-10-26 08:15,0.0,0.0,0.0,68.71875,90.015625,227.58984375,227.58984375,354.6259765625,559.9208984375,698.6396484375,698.6396484375,160.0
2020-10-26 08:30,172.8349609375,312.5751953125,440.8759765625,588.689453125,655.2783203125,790.560546875,835.2431640625,935.64453125,1183.8603515625,1373.2353515625,1373.2353515625,768.7324
2020-10-26 08:45,875.4609375,1201.3212890625,1381.25390625,1567.72705078125,1713.8828125,1852.95458984375,1967.416015625,2059.23388671875,2347.0380859375,2657.14013671875,2747.87548828125,1654.2661
2020-10-26 09:00,1669.55859375,2221.68994140625,2390.46728515625,2698.7255859375,2869.13134765625,3054.26318359375,3188.2080078125,3364.07470703125,3638.16748046875,4105.91748046875,4427.86474609375,3083.0664
2020-10-26 09:15,3246.1513671875,4000.73974609375,4172.64013671875,4631.15283203125,4808.04541015625,5092.970703125,5247.93115234375,5542.5859375,5833.1025390625,6454.5224609375,7030.1708984375,3953.3325
2020-10-26 09:30,3135.26953125,3869.90185546875,4144.15869140625,4720.51513671875,4911.28857421875,5307.5869140625,5525.927734375,5997.1298828125,6374.03759765625,7266.16748046875,8144.0615234375,5551.4663
2020-10-26 09:45,5918.185546875,6782.5888671875,7157.83935546875,7790.50439453125,8106.9560546875,8553.4619140625,8899.50390625,9342.734375,9855.1123046875,10783.392578125,11855.3994140625,8783.533
2020-10-26 10:00,8597.3427734375,9792.404296875,10609.501953125,11461.5634765625,11994.33984375,12548.078125,13133.1572265625,13672.7109375,14413.9296875,15590.611328125,16842.853515625,9584.133
2020-10-26 10:15,8133.03955078125,8896.2958984375,9800.6484375,10449.7578125,11030.869140625,11605.216796875,12256.5107421875,12860.1396484375,13676.923828125,15288.3828125,16747.4296875,9714.667
2020-10-26 10:30,8962.3681640625,9503.4169921875,10142.8388671875,10688.5087890625,11231.810546875,11671.662109375,12252.2578125,12778.615234375,13517.0595703125,15133.421875,16801.814453125,13797.732
2020-10-26 10:45,12124.42578125,13380.494140625,14746.052734375,15987.927734375,16869.310546875,17549.37890625,18320.13671875,19211.46875,20198.6484375,21689.87890625,23321.30859375,15739.598
2020-10-26 11:00,13999.2109375,15319.46484375,16651.208984375,17386.130859375,18106.181640625,18642.6875,19277.099609375,20038.98828125,20975.9921875,22734.01171875,24363.130859375,26405.066
2020-10-26 11:15,19002.328125,21103.8828125,24080.208984375,25540.787109375,26930.48828125,28002.3359375,28787.85546875,29728.08984375,30835.03515625,31725.7109375,32863.36328125,33644.53
2020-10-26 11:30,25232.087890625,28479.34765625,32029.4375,33331.3984375,34519.046875,35253.08203125,35847.703125,36305.80859375,37049.18359375,37819.75390625,38753.5546875,33240.8
2020-10-26 11:45,23646.330078125,26953.69140625,30732.43359375,32815.109375,33906.4765625,34827.03515625,35648.36328125,36705.0625,37630.45703125,39002.0859375,40380.9765625,37300.0
2020-10-26 12:00,31474.546875,34200.73828125,36810.49609375,37873.2578125,38469.046875,39045.9765625,39339.734375,39917.171875,40230.78125,40899.14453125,42046.57421875,26606.867
2020-10-26 12:15,12080.1005859375,15587.1904296875,20149.26171875,22242.90625,24498.220703125,26569.328125,28827.03125,31665.9921875,34102.140625,36621.640625,38733.53125,33240.6
2020-10-26 12:30,26613.015625,28226.03125,32105.796875,33657.83984375,35432.03125,36785.5625,38184.22265625,39048.44140625,40510.171875,42421.18359375,43876.125,42178.2
2020-10-26 12:45,33544.5234375,36018.09765625,39938.859375,41287.2578125,42796.31640625,43768.90625,44494.83984375,44622.9296875,44884.1015625,45817.3203125,46340.71484375,42035.668
2020-10-26 13:00,34580.5390625,37228.7890625,40070.1640625,41662.00390625,42126.42578125,42857.8828125,43025.42578125,43378.578125,43625.48046875,44557.88671875,44914.02734375,42843.664
2020-10-26 13:15,37942.50390625,40265.328125,42311.96484375,43297.90625,43718.6171875,44166.30078125,44242.19140625,44341.85546875,44499.25,45058.35546875,45586.4765625,42978.332
2020-10-26 13:30,37920.3828125,40232.7734375,41990.0546875,43039.8984375,43434.71484375,43808.4453125,44011.640625,44219.47265625,44466.734375,45074.0859375,45573.078125,42619.797
2020-10-26 13:45,37943.1875,40197.87890625,41764.90234375,42656.15234375,42952.078125,43264.5625,43434.94921875,43720.921875,43965.88671875,44453.41015625,44973.7734375,42072.062
2020-10-26 14:00,38216.7109375,40371.98828125,41741.41796875,42453.91796875,42754.55078125,43003.296875,43144.2265625,43348.98046875,43518.16796875,43954.0,44534.484375,40984.332
2020-10-26 14:15,33797.6484375,36264.51171875,38218.3125,39413.04296875,39810.59765625,40386.33984375,40753.12109375,41351.62890625,41850.421875,42517.8125,43323.703125,40430.266
2020-10-26 14:30,34600.6796875,36915.41015625,38586.27734375,39368.26953125,39604.92578125,39955.65625,40159.2421875,40497.37109375,40804.14453125,41391.0703125,42111.8046875,39455.266
2020-10-26 14:45,34329.1484375,36567.0078125,38038.1796875,38763.41015625,38973.6484375,39236.01953125,39412.66015625,39620.48828125,39888.14453125,40478.7265625,41047.4140625,38075.535
2020-10-26 15:00,32891.625,35015.93359375,36483.98046875,37102.109375,37351.78125,37554.75390625,37763.91015625,37971.3828125,38301.97265625,38882.2265625,39399.32421875,36534.266
2020-10-26 15:15,31174.22265625,33118.609375,34591.56640625,35027.95703125,35365.57421875,35493.98046875,35786.17578125,36039.71875,36416.984375,36997.3125,37529.1796875,35947.8
2020-10-26 15:30,30941.171875,32633.421875,33858.52734375,34329.09375,34643.55078125,34738.84765625,34914.046875,35086.64453125,35351.44140625,35867.74609375,36452.5234375,34195.465
2020-10-26 15:45,29193.6484375,30618.1953125,31832.37109375,32171.37109375,32581.8828125,32627.67578125,32869.5625,33091.1328125,33370.03515625,33949.53125,34446.359375,31765.133
2020-10-26 16:00,26969.98828125,28107.140625,29285.27734375,29442.72265625,29900.06640625,29949.078125,30223.1875,30555.22265625,30855.28125,31456.04296875,31954.46484375,27002.465
2020-10-26 16:15,18924.921875,20022.8984375,22106.56640625,23023.8203125,24115.96875,24711.53515625,25614.41015625,26503.69921875,27566.375,28987.94921875,29915.87109375,24492.0
2020-10-26 16:30,19018.33203125,19748.8515625,20909.4296875,21677.810546875,22130.484375,22534.044921875,22906.39453125,23598.857421875,24081.97265625,25525.794921875,26637.6796875,21442.932
2020-10-26 16:45,16672.25,17066.1328125,17726.513671875,18373.08203125,18623.451171875,18949.7734375,19138.98828125,19502.814453125,20024.97265625,21161.625,22262.408203125,18660.732
2020-10-26 17:00,13959.7939453125,14528.47265625,15005.9482421875,15309.072265625,15467.451171875,15645.791015625,15785.640625,15955.2158203125,16352.1591796875,17098.05078125,17943.234375,16774.8
2020-10-26 17:15,13091.7265625,13712.1982421875,14128.1962890625,14128.1962890625,14254.8388671875,14377.34765625,14470.4765625,14578.83203125,14768.3134765625,15309.529296875,15955.90625,14524.133
2020-10-26 17:30,10966.1943359375,11413.9765625,11770.4296875,11770.4296875,11830.4482421875,11964.93359375,12107.546875,12204.771484375,12374.166015625,12810.5712890625,13335.21875,11058.2
2020-10-26 17:45,6790.26953125,7119.2333984375,7430.224609375,7537.98388671875,7645.5615234375,7801.30126953125,7991.712890625,8148.40625,8392.501953125,8859.3271484375,9293.4072265625,5809.1997
2020-10-26 18:00,2366.0400390625,2572.07958984375,2794.58544921875,3140.8876953125,3177.42041015625,3389.0908203125,3533.17041015625,3734.0087890625,4038.33203125,4474.16455078125,4811.109375,2309.5996
2020-10-26 18:15,490.998046875,576.7412109375,678.9326171875,940.19140625,946.00390625,1063.0625,1090.5634765625,1173.390625,1442.861328125,1640.83349609375,1738.76513671875,864.8662
2020-10-26 18:30,0.0,26.6025390625,114.9287109375,287.1494140625,314.6962890625,367.302734375,367.302734375,367.302734375,611.26953125,659.6015625,659.6015625,56.132812
2020-10-27 08:30,53.322265625,196.4462890625,329.5322265625,484.345703125,542.7421875,679.740234375,730.6689453125,832.974609375,1091.2412109375,1279.88671875,1279.88671875,1191.1992
2020-10-27 08:45,1541.71044921875,1903.15966796875,2089.1259765625,2296.9794921875,2474.27099609375,2624.26611328125,2780.74462890625,2855.76953125,3187.80810546875,3490.6259765625,3554.0703125,3443.1997
2020-10-27 09:00,4786.12109375,5488.4296875,5750.9912109375,6168.005859375,6374.8046875,6650.044921875,6826.3076171875,6979.126953125,7299.078125,7723.447265625,8011.50927734375,4875.6665
2020-10-27 09:15,4996.966796875,5791.7880859375,6291.642578125,6761.0283203125,6946.1962890625,7363.34033203125,7567.1181640625,7927.6357421875,8273.9228515625,8990.84375,9534.5244140625,7200.7324
2020-10-27 09:30,8953.33203125,9704.5732421875,10108.6318359375,10390.5048828125,10649.6923828125,11014.23828125,11270.6923828125,11524.3583984375,11908.033203125,12641.62109375,13219.5078125,13531.998
2020-10-27 09:45,13214.1064453125,14275.796875,15578.818359375,16455.34375,17102.53125,17563.5546875,17828.34765625,18315.875,18810.306640625,19516.9765625,20101.93359375,16931.533
2020-10-27 10:00,17760.08984375,18598.78515625,19729.24609375,20105.59765625,20400.73046875,20661.326171875,20754.421875,21072.578125,21255.56640625,21780.98828125,21984.431640625,20967.467
2020-10-27 10:15,22749.732421875,23415.09765625,24057.109375,24274.02734375,24389.830078125,24509.36328125,24509.36328125,24662.880859375,24677.625,24970.732421875,25210.60546875,26844.598
2020-10-27 10:30,27070.56640625,27740.6796875,28385.87890625,28760.84765625,28861.171875,29106.95703125,29106.95703125,29154.98046875,29159.98046875,29341.328125,29618.66015625,28651.531
2020-10-27 10:45,27800.296875,28854.44140625,29731.0859375,30386.375,30599.76171875,31001.70703125,31152.94140625,31588.39453125,31773.734375,32252.91015625,32660.625,24787.666
2020-10-27 11:00,15118.291015625,17244.255859375,20778.6015625,22172.353515625,23738.349609375,25187.611328125,26773.57421875,28608.80859375,30188.6640625,31751.1484375,32950.51953125,28191.133
2020-10-27 11:15,23016.05078125,24692.087890625,27349.35546875,28588.375,29588.97265625,30589.140625,31459.2734375,32487.00390625,33588.4140625,35195.3203125,36548.51953125,25430.934
2020-10-27 11:30,17239.53515625,19084.54296875,22060.640625,23418.546875,24885.56640625,26415.84765625,27649.171875,29381.19921875,31217.21875,33929.109375,35577.66015625,28685.2
2020-10-27 11:45,23287.43359375,24946.87109375,27387.765625,28867.60546875,29814.69921875,31108.56640625,31957.109375,33054.62109375,34292.7890625,36252.23046875,37827.35546875,25940.4
2020-10-27 12:00,17904.7109375,19631.20703125,22603.322265625,23915.84375,25406.83203125,27037.7890625,28288.21875,30180.3125,31966.59375,34969.20703125,36784.28125,23908.266
2020-10-27 12:15,20686.921875,21929.2890625,23524.93359375,24172.765625,24983.22265625,26063.12109375,26867.51953125,28565.98046875,29854.515625,33207.25390625,35382.47265625,29680.863
2020-10-27 12:30,23926.16796875,25700.921875,28044.29296875,29366.53515625,30383.69140625,31642.6953125,32555.46875,33663.0,34729.0,36840.0078125,38535.40625,31561.598
2020-10-27 12:45,25502.86328125,27618.3046875,29680.078125,30592.53515625,31338.1015625,32249.16015625,33074.29296875,33821.5234375,34657.90234375,36612.4375,38098.6015625,21087.398
2020-10-27 13:00,13854.8203125,15817.2265625,18750.7109375,20151.462890625,22004.53125,23845.021484375,25626.130859375,28133.046875,30390.45703125,33905.8828125,36368.859375,20683.266
2020-10-27 13:15,17621.869140625,19046.52734375,20639.72265625,21754.201171875,22553.986328125,23751.171875,24502.42578125,26252.76171875,27960.76171875,31838.31640625,34443.2109375,12078.0
2020-10-27 13:30,8676.8271484375,9758.2197265625,10637.48828125,11793.9609375,12535.0673828125,13741.568359375,14668.99609375,16562.564453125,18543.75,22516.177734375,25129.00390625,7530.4663
2020-10-27 13:45,6297.474609375,6670.5087890625,7025.7705078125,7482.34619140625,7494.1201171875,8186.228515625,8709.87890625,9520.685546875,10675.3896484375,13039.20703125,14462.8232421875,7506.0664
2020-10-27 14:00,6263.64697265625,6949.859375,7625.71044921875,7938.2705078125,8151.0361328125,8689.2490234375,9144.333984375,9625.7802734375,10156.6259765625,11514.060546875,12444.154296875,7692.7324
2020-10-27 14:15,6226.3125,6655.13720703125,7085.548828125,7400.634765625,7536.5986328125,7910.56005859375,8157.8037109375,8433.26171875,8815.6015625,9728.3291015625,10765.44140625,8392.067
2020-10-27 14:30,7068.3642578125,7460.3369140625,7958.03564453125,8406.7294921875,8693.1611328125,9054.0625,9262.1953125,9594.3681640625,10018.5498046875,10868.6728515625,11891.705078125,8960.0
2020-10-27 14:45,7378.6611328125,7587.5732421875,8011.54296875,8547.16015625,8827.0322265625,9111.7802734375,9303.4814453125,9577.7099609375,10027.53125,10855.5966796875,12004.025390625,7239.0664
2020-10-27 15:00,5931.625,6018.06103515625,6291.98046875,6713.5888671875,6891.53759765625,7026.24755859375,7221.791015625,7325.5947265625,7697.2255859375,8359.5400390625,9395.890625,7110.1997
2020-10-27 15:15,5965.8193359375,6205.416015625,6489.3251953125,6884.4853515625,7166.947265625,7278.2958984375,7534.48583984375,7616.99609375,8056.126953125,8826.4111328125,9683.8251953125,7269.6655
2020-10-27 15:30,6117.6279296875,6332.88330078125,6576.966796875,7059.63818359375,7378.0400390625,7506.345703125,7789.7890625,7935.87060546875,8406.9443359375,9289.7294921875,10299.189453125,8663.066
2020-10-27 15:45,7181.98388671875,7626.80908203125,8063.73193359375,8743.1201171875,9154.2451171875,9478.6220703125,9803.1142578125,10267.7236328125,10854.0126953125,11975.158203125,13114.625,7654.7324
2020-10-27 16:00,6394.4140625,6494.486328125,6690.439453125,7216.90625,7433.68603515625,7656.8603515625,7942.61865234375,8308.107421875,8824.603515625,9850.1220703125,11126.552734375,6773.3994
2020-10-27 16:15,5681.53759765625,5909.6533203125,6134.5146484375,6590.70458984375,6764.91064453125,6963.98779296875,7193.267578125,7526.86669921875,7984.9833984375,8866.994140625,9921.9013671875,6804.0664
2020-10-27 16:30,5586.4091796875,5936.15185546875,6229.701171875,6718.01220703125,6950.3740234375,7217.7236328125,7439.841796875,7852.642578125,8342.4931640625,9211.5849609375,10200.298828125,6867.9326
2020-10-27 16:45,5708.96875,6021.5654296875,6287.755859375,6771.33740234375,6934.73291015625,7269.94287109375,7441.3369140625,7889.6171875,8362.8642578125,9184.3310546875,10142.0849609375,6896.6665
2020-10-27 17:00,5443.05126953125,5726.76953125,5956.859375,6410.8759765625,6499.1435546875,6838.58203125,6960.845703125,7402.81396484375,7829.7568359375,8542.3642578125,9416.8271484375,8656.466
2020-10-27 17:15,6581.11865234375,7154.78369140625,7615.0751953125,8382.044921875,8661.931640625,9191.0302734375,9400.302734375,10050.60546875,10614.689453125,11339.2060546875,12253.0419921875,8640.2
2020-10-27 17:30,5993.0,6351.0498046875,6610.78369140625,7219.2265625,7322.73974609375,7817.81396484375,8017.892578125,8551.7392578125,9047.587890625,9786.443359375,10674.2353515625,8181.2656
2020-10-27 17:45,4755.18115234375,5061.1201171875,5277.0146484375,5734.8388671875,5748.9111328125,6097.8876953125,6242.8828125,6630.3623046875,6991.70703125,7526.34619140625,8176.96435546875,5839.3325
2020-10-27 18:00,2616.16357421875,2798.39794921875,2978.70751953125,3254.75439453125,3254.75439453125,3447.7158203125,3544.33154296875,3810.95068359375,4107.0185546875,4504.193359375,4887.54541015625,2588.8667
2020-10-27 18:15,778.3017578125,857.3544921875,987.7958984375,1170.6220703125,1170.6220703125,1292.3095703125,1329.37890625,1489.876953125,1743.75341796875,1994.5595703125,2175.26123046875,863.2666
2020-10-27 18:30,17.8037109375,59.4912109375,154.2333984375,282.19921875,288.1455078125,348.0439453125,348.0439453125,395.150390625,616.01171875,716.4296875,716.4296875,15.732422
2020-10-28 08:30,247.3681640625,382.3896484375,514.341796875,660.9697265625,747.666015625,863.0771484375,921.642578125,1006.373046875,1269.87890625,1471.4990234375,1471.4990234375,1411.333
2020-10-28 08:45,2337.2197265625,2733.81689453125,2937.19189453125,3121.19482421875,3353.2587890625,3471.78125,3659.41015625,3695.35302734375,4051.28955078125,4361.02978515625,4428.427734375,3949.7324
2020-10-28 09:00,5901.73388671875,6587.9541015625,6880.85009765625,7240.44873046875,7437.3984375,7695.408203125,7841.8369140625,7959.5439453125,8242.5078125,8654.8955078125,8942.1083984375,7411.9326
2020-10-28 09:15,9825.0107421875,10550.943359375,11028.9912109375,11241.5888671875,11380.51171875,11681.8486328125,11726.298828125,11907.189453125,12100.228515625,12548.798828125,12804.365234375,11401.0
2020-10-28 09:30,13926.228515625,14469.3828125,15006.0859375,15006.0859375,15178.7353515625,15273.845703125,15297.41015625,15400.515625,15505.2177734375,15986.16796875,16093.75,15123.066
2020-10-28 09:45,17919.369140625,18260.275390625,18607.533203125,18607.533203125,18698.7109375,18801.16796875,18801.16796875,18831.1171875,18835.23828125,19183.9140625,19258.453125,18456.133
2020-10-28 10:00,21562.771484375,21801.48046875,21974.984375,21999.328125,22076.748046875,22211.04296875,22211.04296875,22236.751953125,22236.751953125,22456.984375,22564.85546875,21463.799
2020-10-28 10:15,24005.82421875,24311.361328125,24560.146484375,24679.517578125,24781.763671875,24922.9453125,24927.33984375,25081.970703125,25147.732421875,25420.55859375,25602.9296875,24269.6
2020-10-28 10:30,26143.86328125,26534.25,26851.62109375,26980.26953125,27102.77734375,27218.8671875,27291.62109375,27441.77734375,27550.34375,27868.33984375,28102.35546875,26866.8
2020-10-28 10:45,28585.703125,28983.46875,29262.05859375,29335.8203125,29418.72265625,29501.14453125,29541.09765625,29671.73046875,29758.859375,30047.1328125,30287.0859375,29109.2
2020-10-28 11:00,30434.29296875,30876.0703125,31183.0234375,31248.3984375,31323.26953125,31430.70703125,31487.37890625,31634.578125,31730.7734375,32010.30859375,32280.63671875,30956.328
2020-10-28 11:15,31507.37109375,32050.1953125,32467.484375,32591.05078125,32704.69921875,32847.78125,32957.41015625,33156.5703125,33308.3125,33622.54296875,33973.3203125,32656.129
2020-10-28 11:30,33097.890625,33630.125,33989.2265625,34093.99609375,34185.58203125,34287.80859375,34337.5703125,34533.90234375,34678.796875,34969.05078125,35354.41796875,34215.6
2020-10-28 11:45,34796.5859375,35289.0,35553.18359375,35664.5546875,35733.89453125,35824.88671875,35824.88671875,35995.6484375,36110.45703125,36361.46875,36761.08203125,35421.8
2020-10-28 12:00,35666.35546875,36202.90625,36486.421875,36658.640625,36737.7734375,36873.9921875,36880.80859375,37100.12890625,37216.19140625,37470.33203125,37919.6796875,35784.13
2020-10-28 12:15,34457.06640625,35223.62109375,35853.1875,36243.9765625,36457.29296875,36714.34765625,36878.08984375,37241.39453125,37528.46875,37880.6796875,38463.84375,37082.13
2020-10-28 12:30,36909.79296875,37500.69921875,37870.63671875,38055.5546875,38173.35546875,38290.13671875,38298.37890625,38510.5703125,38657.9140625,38949.1953125,39471.0390625,37746.395
2020-10-28 12:45,37316.38671875,37960.7734375,38289.07421875,38572.26953125,38660.66796875,38821.05078125,38847.59765625,39100.74609375,39223.3203125,39515.19921875,40052.92578125,38309.13
2020-10-28 13:00,37725.07421875,38352.05078125,38675.09375,38942.99609375,39044.70703125,39210.453125,39240.3125,39476.38671875,39597.5546875,39854.16796875,40395.32421875,38878.47
2020-10-28 13:15,37956.39453125,38605.2265625,38952.41796875,39238.46875,39355.85546875,39537.4921875,39588.68359375,39814.62890625,39943.359375,40206.05078125,40771.40234375,39229.934
2020-10-28 13:30,38142.63671875,38806.46875,39147.56640625,39435.0546875,39540.92578125,39711.02734375,39757.12109375,39985.703125,40109.25390625,40379.64453125,40938.96875,39364.266
2020-10-28 13:45,37760.90625,38503.35546875,38902.09765625,39250.08984375,39348.90625,39529.99609375,39572.66796875,39840.296875,39985.2578125,40255.40625,40786.49609375,39284.797
2020-10-28 14:00,38418.7421875,39055.28515625,39426.02734375,39657.875,39778.75390625,39937.12890625,39964.85546875,40146.765625,40260.38671875,40513.62890625,41063.90234375,38804.73
2020-10-28 14:15,36291.7890625,37157.1015625,37812.32421875,38257.6171875,38387.5859375,38697.265625,38874.59765625,39204.31640625,39444.98046875,39798.05859375,40435.67578125,38094.664
2020-10-28 14:30,35940.890625,36746.1796875,37368.1953125,37598.1328125,37650.65234375,37852.05859375,37969.7578125,38228.171875,38413.13671875,38721.84375,39321.0,37881.062
2020-10-28 14:45,35757.625,36506.0546875,37022.91796875,37272.25,37320.34375,37494.77734375,37520.01953125,37703.9296875,37865.296875,38154.8359375,38747.1953125,36993.53
2020-10-28 15:00,34785.53515625,35520.625,36061.11328125,36286.078125,36302.20703125,36477.7421875,36511.87890625,36709.140625,36874.52734375,37181.55078125,37733.05859375,35033.465
2020-10-28 15:15,31479.546875,32360.515625,33363.03515625,33572.46484375,33773.8359375,34028.28515625,34276.82421875,34666.13671875,35026.66015625,35455.98046875,36059.9453125,33530.8
2020-10-28 15:30,30560.29296875,31225.97265625,32046.953125,32046.953125,32183.8984375,32312.27734375,32488.7890625,32807.64453125,33044.828125,33471.80859375,34077.2265625,31470.328
2020-10-28 15:45,28560.80078125,29018.890625,29770.26953125,29770.26953125,29905.421875,30041.44140625,30207.99609375,30574.60546875,30786.22265625,31291.84765625,31897.859375,29321.332
2020-10-28 16:00,26596.95703125,26862.1953125,27470.0546875,27470.0546875,27548.16015625,27699.33984375,27799.26171875,28233.90625,28349.12109375,28894.74609375,29518.3359375,26171.863
2020-10-28 16:15,22657.95703125,22850.84765625,23587.80859375,23799.6015625,24110.46484375,24399.3046875,24660.453125,25232.7578125,25516.73828125,26288.46484375,27026.6328125,23895.2
2020-10-28 16:30,20898.4453125,21063.75390625,21397.31640625,21679.0,21746.03125,21917.48828125,22005.5703125,22420.46875,22524.31640625,23222.76171875,24005.94140625,22001.732
2020-10-28 16:45,18835.953125,19072.3359375,19226.98046875,19421.744140625,19421.744140625,19508.51171875,19518.650390625,19709.56640625,19779.52734375,20242.314453125,20979.73046875,18451.398
2020-10-28 17:00,14372.5849609375,14714.09765625,14976.5654296875,15296.578125,15327.5283203125,15572.8720703125,15727.79296875,15905.3984375,16186.45703125,16643.91796875,17360.775390625,14939.066
2020-10-28 17:15,10496.1005859375,10969.5458984375,11178.7470703125,11397.2548828125,11467.923828125,11669.361328125,11795.6005859375,11964.19921875,12235.765625,12716.576171875,13335.3564453125,12065.398
2020-10-28 17:30,8102.92333984375,8479.8916015625,8655.5048828125,8673.4716796875,8819.62109375,8890.529296875,8992.2158203125,9079.43359375,9245.1201171875,9682.84765625,10143.556640625,9994.8
2020-10-28 17:45,6418.7890625,6601.998046875,6759.900390625,6759.900390625,6875.8662109375,6920.0048828125,7032.6240234375,7091.70166015625,7230.6533203125,7621.18212890625,7915.50634765625,6863.6655
2020-10-28 18:00,3355.251953125,3455.80419921875,3587.44482421875,3731.31591796875,3762.28564453125,3870.27783203125,3972.7685546875,4065.47265625,4275.01025390625,4624.03173828125,4820.1875,3034.5327
2020-10-28 18:15,791.2392578125,858.1875,971.4609375,1210.1728515625,1210.1728515625,1336.6728515625,1370.3388671875,1479.072265625,1722.201171875,1948.3447265625,2048.5576171875,689.7324
2020-10-28 18:30,0.0,0.0,0.0,94.6455078125,94.6455078125,148.658203125,148.658203125,180.3955078125,410.5234375,486.7939453125,486.7939453125,23.799805
2020-10-29 08:30,262.2490234375,396.7822265625,530.1376953125,681.009765625,770.298828125,886.6162109375,950.1884765625,1031.4150390625,1302.0888671875,1504.31396484375,1504.31396484375,1120.3994
2020-10-29 08:45,1546.8671875,1887.0908203125,2078.42529296875,2255.63916015625,2454.3583984375,2567.10498046875,2721.2275390625,2774.40380859375,3103.615234375,3423.2099609375,3508.3427734375,3012.1328
2020-10-29 09:00,4500.7255859375,5146.42236328125,5379.22314453125,5681.88671875,5907.6826171875,6096.2744140625,6268.17578125,6369.666015625,6679.326171875,7100.673828125,7389.40966796875,6729.5327
2020-10-29 09:15,8834.6015625,9646.4560546875,10148.9111328125,10555.810546875,10744.9677734375,11130.58984375,11219.6259765625,11440.5400390625,11706.9794921875,12169.439453125,12529.771484375,10655.666
2020-10-29 09:30,12563.62109375,13231.609375,13907.4658203125,13966.919921875,14216.3525390625,14376.03125,14449.54296875,14608.19140625,14791.03515625,15332.828125,15505.8046875,14165.465
2020-10-29 09:45,16422.66796875,16887.884765625,17443.9296875,17443.9296875,17609.744140625,17720.509765625,17733.84375,17843.173828125,17908.08984375,18341.16015625,18443.53515625,17953.2
2020-10-29 10:00,20791.12109375,21097.806640625,21373.37109375,21394.56640625,21489.31640625,21596.75,21596.75,21605.06640625,21605.06640625,21838.841796875,21950.919921875,20982.666
2020-10-29 10:15,23340.65625,23694.51953125,24014.75390625,24158.02734375,24239.927734375,24391.5703125,24391.5703125,24535.396484375,24595.828125,24858.5859375,25024.3359375,20924.732
2020-10-29 10:30,16394.203125,17511.93359375,19632.73046875,20748.5859375,21656.08203125,22609.984375,23527.24609375,24419.658203125,25443.369140625,26436.8984375,27121.2890625,17623.865
2020-10-29 10:45,11551.4189453125,12454.064453125,14493.298828125,15305.6875,16616.65625,17798.55859375,19133.859375,20217.66015625,21698.970703125,23513.94921875,24712.98828125,16135.6
2020-10-29 11:00,12514.2607421875,12858.302734375,13580.171875,13808.525390625,14402.9521484375,14998.46875,15623.158203125,15936.58984375,16913.81640625,18600.8828125,19676.44921875,18798.266
2020-10-29 11:15,15738.69140625,17119.171875,18697.916015625,19574.6796875,20278.689453125,21018.82421875,21662.58203125,22437.890625,23320.072265625,24709.6015625,25807.673828125,16335.0
2020-10-29 11:30,12321.7578125,13018.1494140625,14376.232421875,15150.5,15949.2861328125,16757.974609375,17512.205078125,18129.931640625,19099.0546875,20644.375,22058.796875,16737.0
2020-10-29 11:45,14124.654296875,14907.1953125,15881.501953125,16292.771484375,16680.62890625,17136.017578125,17504.345703125,17885.728515625,18463.974609375,19519.130859375,20508.50390625,15343.932
2020-10-29 12:00,12782.474609375,13272.248046875,13988.431640625,14521.310546875,14713.36328125,15151.453125,15364.7421875,15582.3037109375,16004.572265625,16570.275390625,17649.5390625,12888.932
2020-10-29 12:15,10071.509765625,10777.7099609375,11497.64453125,12249.466796875,12423.810546875,12940.912109375,13053.115234375,13418.2041015625,13846.8154296875,14150.8876953125,15098.1044921875,11153.2
2020-10-29 12:30,9056.08984375,9676.140625,10212.037109375,10751.2880859375,10820.8681640625,11233.056640625,11248.80078125,11487.6923828125,11871.7607421875,12082.068359375,12756.90625,10622.533
2020-10-29 12:45,8717.3984375,9307.9794921875,9746.4560546875,10221.9482421875,10221.9482421875,10582.326171875,10582.326171875,10772.1494140625,11096.9580078125,11302.2900390625,11915.1171875,9608.333
2020-10-29 13:00,7593.373046875,8176.33740234375,8567.671875,9069.2421875,9069.2421875,9402.3203125,9402.3203125,9620.609375,9913.1826171875,10172.990234375,10832.4326171875,10749.2
2020-10-29 13:15,9262.4609375,9682.7392578125,10043.3935546875,10450.4423828125,10549.8583984375,10947.1044921875,10971.40625,11244.8466796875,11639.0205078125,12041.65234375,12738.4658203125,11083.4
2020-10-29 13:30,9499.5556640625,9772.2158203125,10127.9775390625,10515.021484375,10598.1982421875,10925.3076171875,10938.4892578125,11116.025390625,11424.9111328125,11772.3359375,12640.984375,13855.666
2020-10-29 13:45,12202.931640625,12629.8720703125,13074.9580078125,13735.6259765625,13847.041015625,14375.970703125,14406.76171875,14791.75,15333.884765625,15803.150390625,16765.216796875,13197.133
2020-10-29 14:00,10882.6171875,11131.341796875,11699.1240234375,12267.34375,12506.798828125,12904.37109375,13013.017578125,13187.046875,13608.9501953125,13965.146484375,15193.9150390625,12839.799
2020-10-29 14:15,11146.474609375,11430.2412109375,11949.931640625,12391.640625,12656.259765625,13018.4267578125,13049.5927734375,13262.3203125,13703.80859375,14063.162109375,15003.4931640625,11550.333
2020-10-29 14:30,9973.685546875,10247.2099609375,10750.4248046875,11209.8173828125,11444.38671875,11769.8916015625,11832.0712890625,11943.80859375,12406.787109375,12700.6357421875,13577.5771484375,11186.733
2020-10-29 14:45,9616.2041015625,9891.7763671875,10335.5146484375,10773.1953125,10976.9140625,11214.056640625,11317.177734375,11384.26953125,11877.771484375,12246.978515625,13028.015625,11331.933
2020-10-29 15:00,9739.51171875,9975.2412109375,10355.1669921875,10871.310546875,11107.4521484375,11304.669921875,11498.462890625,11605.494140625,12126.89453125,12662.6396484375,13581.072265625,12367.533
2020-10-29 15:15,10863.2646484375,11128.154296875,11481.5283203125,12054.08984375,12331.3173828125,12544.68359375,12782.98046875,12995.388671875,13524.41796875,14282.224609375,15359.7861328125,12805.865
2020-10-29 15:30,11415.30078125,11577.1962890625,11916.361328125,12430.1376953125,12677.2177734375,12862.05859375,13102.3994140625,13336.4140625,13827.974609375,14668.4140625,15866.2001953125,9883.266
2020-10-29 15:45,7916.46142578125,7971.13525390625,8297.6103515625,8836.0869140625,9033.83984375,9182.9248046875,9516.6064453125,9686.5927734375,10273.7158203125,11034.0986328125,12116.61328125,8519.4
2020-10-29 16:00,6744.1513671875,6999.619140625,7281.32958984375,7724.57666015625,7857.7685546875,7938.7822265625,8180.9775390625,8276.9404296875,8759.126953125,9456.408203125,10278.876953125,7159.3994
2020-10-29 16:15,5647.3203125,5829.86279296875,6009.8701171875,6358.5478515625,6487.72412109375,6540.775390625,6754.935546875,6797.3271484375,7236.06103515625,7851.6611328125,8659.564453125,5949.3994
2020-10-29 16:30,4912.779296875,5100.283203125,5276.482421875,5571.4228515625,5723.49658203125,5849.1220703125,6008.28173828125,6086.3779296875,6499.6748046875,7059.6728515625,7756.18994140625,4987.6665
2020-10-29 16:45,4001.669921875,4122.0791015625,4251.15234375,4483.3359375,4600.34814453125,4754.16748046875,4847.4052734375,4934.90771484375,5320.3662109375,5784.7763671875,6392.87109375,3946.7324
2020-10-29 17:00,3111.3115234375,3213.12646484375,3306.8134765625,3510.04052734375,3607.9921875,3768.18603515625,3805.06689453125,3893.23486328125,4239.810546875,4602.82861328125,5104.26123046875,3357.8667
2020-10-29 17:15,2434.30615234375,2548.72705078125,2632.21240234375,2814.15966796875,2944.2275390625,3104.3671875,3138.8525390625,3245.77978515625,3576.490234375,3896.29150390625,4300.81591796875,2741.8667
2020-10-29 17:30,1868.47314453125,1981.9814453125,2082.6259765625,2244.59521484375,2391.70703125,2556.3935546875,2604.03173828125,2722.40283203125,3040.583984375,3355.29345703125,3687.09033203125,1767.6665
2020-10-29 17:45,1079.3369140625,1153.9423828125,1275.4921875,1405.9716796875,1521.173828125,1651.7822265625,1679.9541015625,1767.130859375,2037.78173828125,2295.5126953125,2559.9501953125,1219.0
2020-10-29 18:00,671.859375,734.0810546875,862.7314453125,989.470703125,1096.861328125,1200.1669921875,1226.4990234375,1275.646484375,1514.8662109375,1709.9228515625,1862.91015625,657.7998
2020-10-29 18:15,223.4033203125,260.9716796875,368.4228515625,497.63671875,570.5244140625,657.33203125,677.2802734375,722.4287109375,944.478515625,1102.787109375,1185.9775390625,156.73242
2020-10-30 08:30,0.0,0.0,104.3388671875,274.09765625,293.2724609375,434.681640625,467.5693359375,584.7509765625,820.490234375,997.69921875,997.69921875,841.0664
2020-10-30 08:45,841.6083984375,1102.1650390625,1273.26171875,1495.44921875,1610.77685546875,1781.6171875,1891.97900390625,1995.37939453125,2287.62060546875,2563.12548828125,2594.1640625,2315.5996
2020-10-30 09:00,3117.73779296875,3694.39404296875,3917.02392578125,4311.85009765625,4509.26806640625,4770.52978515625,4944.55810546875,5122.5927734375,5468.333984375,5882.0986328125,6104.25146484375,2717.5996
2020-10-30 09:15,1104.396484375,1782.65966796875,2154.275390625,2701.02685546875,2863.1611328125,3234.189453125,3424.0595703125,3906.09423828125,4243.18017578125,5035.12158203125,5653.79248046875,4627.5996
2020-10-30 09:30,5204.98193359375,6142.515625,6573.21435546875,7270.49462890625,7548.07958984375,8048.14208984375,8323.4404296875,8769.4150390625,9215.5322265625,9959.234375,10737.6298828125,9676.933
2020-10-30 09:45,8279.58203125,9639.3486328125,10781.7177734375,11944.8603515625,12522.4599609375,13253.767578125,13829.060546875,14434.6630859375,15134.666015625,16187.72265625,17143.234375,10369.666
2020-10-30 10:00,8192.2802734375,9197.4892578125,10615.1044921875,11345.3916015625,11997.779296875,12691.845703125,13383.390625,14031.0830078125,14820.794921875,16317.125,17303.3046875,12159.0
2020-10-30 10:15,13005.93359375,13897.87890625,14900.37890625,15176.142578125,15646.8203125,16063.98046875,16543.396484375,16927.703125,17541.70703125,18596.796875,19436.986328125,14458.865
2020-10-30 10:30,12598.06640625,13359.060546875,14381.6953125,15013.9296875,15688.806640625,16321.333984375,16859.880859375,17521.822265625,18285.1328125,19680.98046875,20823.5234375,15610.332
2020-10-30 10:45,14351.8896484375,15294.37109375,16175.5498046875,17034.72265625,17694.17578125,18326.166015625,18867.943359375,19624.39453125,20381.373046875,21928.724609375,23428.5703125,21806.6
2020-10-30 11:00,17008.142578125,18604.357421875,20818.0078125,22369.166015625,23385.73828125,24344.14453125,24900.12109375,26011.7734375,27171.140625,28357.3203125,29617.68359375,25367.73
2020-10-30 11:15,21867.9140625,23955.890625,26124.265625,26963.046875,27614.3125,27974.45703125,28499.46875,28931.22265625,29666.296875,30853.46484375,31831.71484375,24766.396
2020-10-30 11:30,18074.73828125,20305.42578125,23352.1328125,24632.404296875,25614.00390625,26378.79296875,27366.94921875,28446.44921875,29600.18359375,31267.87109375,32615.10546875,24870.668
2020-10-30 11:45,18608.06640625,20180.07421875,22379.13671875,23288.33984375,24003.201171875,24715.515625,25608.90234375,26822.7109375,27957.71875,30218.2578125,31785.81640625,24207.8
2020-10-30 12:00,20543.8984375,21753.306640625,22942.5703125,23394.5546875,23655.189453125,24103.1640625,24540.81640625,25285.236328125,26021.66015625,28048.4453125,29507.92578125,21077.332
2020-10-30 12:15,15632.0634765625,16517.17578125,17708.451171875,18512.30859375,19138.23828125,19742.4453125,20271.978515625,20835.40234375,21824.2265625,23627.6953125,25175.822265625,18009.2
2020-10-30 12:30,14002.24609375,14571.57421875,15504.9736328125,16069.0234375,16331.77734375,16771.73046875,17058.248046875,17225.2109375,17860.0,18866.08203125,19918.451171875,16198.666
2020-10-30 12:45,11615.1044921875,12547.2421875,13627.228515625,14924.962890625,15271.025390625,15859.22265625,15954.1083984375,16561.021484375,17206.171875,18077.517578125,19350.513671875,13228.865
2020-10-30 13:00,9787.9521484375,10514.46484375,11369.9306640625,12478.02734375,12850.14453125,13335.0126953125,13543.9267578125,13953.92578125,14736.705078125,15666.203125,16750.34375,9508.933
2020-10-30 13:15,7915.9326171875,8420.44921875,8791.67578125,9134.12109375,9168.2685546875,9474.0224609375,9594.873046875,9594.873046875,9934.1865234375,10371.6796875,10966.5966796875,9175.133
2020-10-30 13:30,7631.7099609375,8244.8134765625,8496.685546875,8541.3720703125,8611.0458984375,8816.91015625,8945.4990234375,8945.4990234375,8981.8837890625,9243.08203125,9554.388671875,11748.799
2020-10-30 13:45,10556.1513671875,11162.12109375,11543.5537109375,12241.0966796875,12424.8037109375,13046.3232421875,13254.04296875,13569.92578125,14129.6689453125,14685.48828125,15509.263671875,8886.933
2020-10-30 14:00,6352.935546875,6876.15234375,7378.28564453125,7959.2314453125,8105.8896484375,8493.3212890625,8776.1025390625,8958.908203125,9267.1171875,9624.0126953125,10759.81640625,9132.6
2020-10-30 14:15,8108.56396484375,8416.900390625,8722.212890625,8950.76953125,9036.923828125,9317.37109375,9381.6044921875,9535.8740234375,9832.86328125,10362.611328125,11081.83984375,9245.199
2020-10-30 14:30,8087.47412109375,8343.9228515625,8687.95703125,9119.9111328125,9252.87109375,9502.4375,9574.6416015625,9782.3037109375,10126.87109375,10656.5693359375,11640.22265625,9185.866
2020-10-30 14:45,7862.74658203125,8025.330078125,8286.705078125,8684.125,8785.451171875,8991.1572265625,9080.3388671875,9234.9287109375,9626.4658203125,10183.583984375,11154.8779296875,9129.866
2020-10-30 15:00,7950.26806640625,8100.88525390625,8310.8525390625,8708.310546875,8796.3916015625,8995.494140625,9091.9638671875,9276.322265625,9671.783203125,10327.572265625,11325.06640625,9095.6
2020-10-30 15:15,7944.12255859375,8080.61083984375,8301.263671875,8680.4150390625,8842.3349609375,9030.4912109375,9189.287109375,9389.9345703125,9798.876953125,10544.42578125,11607.7275390625,9029.866
2020-10-30 15:30,7972.99658203125,8089.693359375,8327.0869140625,8716.0078125,8910.68359375,9079.578125,9287.025390625,9479.8203125,9907.880859375,10705.439453125,11829.89453125,8785.266
2020-10-30 15:45,7576.439453125,7674.0859375,7928.07177734375,8382.3447265625,8573.740234375,8721.2109375,8955.3740234375,9169.9580078125,9619.5595703125,10464.6572265625,11647.291015625,8706.666
2020-10-30 16:00,7410.1591796875,7535.86328125,7811.85107421875,8263.7197265625,8496.537109375,8620.103515625,8925.0537109375,9172.138671875,9667.318359375,10635.84375,11786.736328125,8618.133
2020-10-30 16:15,7508.423828125,7688.66162109375,7988.3037109375,8414.8798828125,8747.017578125,8840.8759765625,9281.4384765625,9563.2900390625,10104.810546875,11261.2509765625,12411.4208984375,8465.133
2020-10-30 16:30,7610.400390625,7780.72265625,8068.14990234375,8485.265625,8846.81640625,8924.9951171875,9454.828125,9750.2138671875,10312.2568359375,11585.12109375,12766.14453125,8364.732
2020-10-30 16:45,7408.796875,7551.576171875,7828.72705078125,8274.0224609375,8579.345703125,8669.72265625,9205.8515625,9536.1103515625,10080.671875,11364.951171875,12533.3955078125,8163.5996
2020-10-30 17:00,6766.4921875,6930.8837890625,7221.76904296875,7677.3369140625,7943.3017578125,8061.09765625,8578.876953125,8956.310546875,9490.18359375,10729.740234375,11802.125,8095.5996
2020-10-30 17:15,6770.15234375,7024.7353515625,7308.4814453125,7719.74609375,7972.5126953125,8131.6064453125,8580.4990234375,9018.060546875,9540.9091796875,10726.42578125,11649.76953125,11484.332
2020-10-30 17:30,10737.05859375,11428.4326171875,11992.021484375,13216.8759765625,13617.1416015625,14187.548828125,14404.6875,15267.958984375,16113.212890625,17184.36328125,18415.70703125,10381.933
2020-10-30 17:45,5804.0009765625,6143.8134765625,6632.02001953125,7616.56201171875,7684.06396484375,8301.861328125,8630.8173828125,9363.486328125,10118.2626953125,11246.6201171875,12286.5126953125,6102.532
2020-10-30 18:00,2014.17333984375,2239.92822265625,2530.8857421875,3039.8251953125,3065.18701171875,3371.44140625,3682.4501953125,4143.8056640625,4679.05908203125,5510.9423828125,6152.5263671875,2502.5996
2020-10-30 18:15,593.033203125,634.6650390625,750.5263671875,946.896484375,955.8583984375,1051.7744140625,1209.6142578125,1329.2578125,1622.70849609375,1999.80224609375,2234.765625,435.3994
2020-10-30 18:30,0.0,0.0,18.1767578125,145.9931640625,163.64453125,187.1171875,229.416015625,229.416015625,470.9345703125,562.59765625,562.59765625,0.0
2020-10-31 08:30,0.0,0.0,13.90234375,181.3623046875,197.0439453125,344.70703125,376.5234375,495.2587890625,737.8974609375,907.029296875,907.029296875,613.4668
2020-10-31 08:45,802.1142578125,1055.98046875,1235.0615234375,1425.162109375,1544.61962890625,1704.64208984375,1830.0546875,1908.58251953125,2219.3408203125,2474.39013671875,2480.5009765625,2818.5996
2020-10-31 09:00,4342.87451171875,4960.32568359375,5235.02783203125,5642.2998046875,5891.95703125,6164.310546875,6376.423828125,6511.845703125,6888.1474609375,7257.8486328125,7426.56494140625,7509.6655
2020-10-31 09:15,9576.2919921875,10361.2802734375,11060.271484375,11729.9560546875,11929.4501953125,12476.3583984375,12523.1875,12812.962890625,13068.884765625,13463.421875,13715.466796875,12275.199
2020-10-31 09:30,14076.876953125,14753.0537109375,15588.9560546875,15780.0830078125,16003.634765625,16142.6318359375,16142.6318359375,16231.916015625,16355.1796875,16764.765625,16764.765625,15760.066
2020-10-31 09:45,16947.6015625,17571.134765625,18375.19921875,18648.994140625,18900.03125,19217.705078125,19290.314453125,19481.859375,19608.29296875,19987.30078125,20069.9296875,19666.6
2020-10-31 10:00,21957.94921875,22380.74609375,22710.80859375,22889.052734375,22975.7265625,23188.84375,23188.84375,23294.359375,23306.86328125,23487.08203125,23608.03515625,22700.2
2020-10-31 10:15,24218.076171875,24750.6328125,25124.765625,25386.974609375,25520.78125,25771.4765625,25826.39453125,26015.748046875,26122.1171875,26395.7109375,26610.31640625,25401.0
2020-10-31 10:30,27217.16015625,27728.6796875,28018.578125,28167.49609375,28244.046875,28398.6328125,28435.375,28577.234375,28658.0859375,28915.10546875,29137.30078125,28371.332
2020-10-31 10:45,29812.22265625,30334.28125,30592.04296875,30713.875,30754.07421875,30901.78125,30901.78125,31047.671875,31099.05078125,31325.0078125,31559.8671875,25442.865
2020-10-31 11:00,16162.234375,17904.955078125,21100.0625,22403.9609375,23822.470703125,25071.173828125,26542.671875,27990.70703125,29388.56640625,30612.00390625,31570.828125,17047.2
2020-10-31 11:15,9248.4326171875,10494.1005859375,12359.57421875,13264.689453125,15016.533203125,16231.78515625,18010.685546875,19541.64453125,21471.16796875,23738.314453125,25449.34375,12824.865
2020-10-31 11:30,7976.43310546875,8240.62109375,8803.9423828125,9239.455078125,9812.736328125,10346.8876953125,10998.359375,11563.146484375,12644.642578125,14498.7890625,16091.193359375,12606.666
2020-10-31 11:45,9132.701171875,10206.7021484375,11544.2177734375,12255.033203125,12686.80859375,13461.9794921875,13963.45703125,14613.291015625,15170.07421875,16503.12890625,17706.84375,12433.4
2020-10-31 12:00,10637.2197265625,11011.162109375,11700.0439453125,12204.4560546875,12418.4931640625,12974.1884765625,13243.126953125,13549.185546875,13946.4150390625,14986.5439453125,16373.2890625,11190.199
2020-10-31 12:15,9582.7470703125,9899.7607421875,10441.37109375,10881.8193359375,11065.1884765625,11552.208984375,11709.4638671875,11960.7900390625,12269.1025390625,12913.634765625,14070.208984375,10965.067
2020-10-31 12:30,9379.494140625,9742.2177734375,10211.185546875,10641.1904296875,10778.646484375,11214.96484375,11292.103515625,11542.60546875,11843.2021484375,12331.3505859375,13300.8974609375,10524.333
2020-10-31 12:45,8539.4345703125,8923.458984375,9364.298828125,9884.2998046875,9978.1337890625,10407.193359375,10437.466796875,10717.3447265625,11035.8955078125,11466.8466796875,12433.9287109375,9049.733
2020-10-31 13:00,6907.74560546875,7340.95458984375,7739.3896484375,8243.2451171875,8330.9541015625,8715.095703125,8742.34765625,9049.7216796875,9368.689453125,9818.048828125,10725.939453125,8675.667
2020-10-31 13:15,7368.8740234375,7684.94580078125,8062.9921875,8495.56640625,8622.298828125,8956.7470703125,9002.7568359375,9298.6513671875,9731.5849609375,10226.748046875,10988.357421875,8641.133
2020-10-31 13:30,6285.02490234375,6698.2646484375,7098.548828125,7634.943359375,7731.18505859375,7999.64013671875,8079.798828125,8402.8388671875,8797.2314453125,9284.1142578125,10124.146484375,8709.8
2020-10-31 13:45,6930.140625,7277.640625,7628.24267578125,8136.14697265625,8188.0439453125,8448.5087890625,8470.6357421875,8774.171875,9253.6064453125,9782.669921875,10505.5302734375,8522.2
2020-10-31 14:00,6376.6689453125,6689.4306640625,7027.626953125,7511.74609375,7605.134765625,7809.39013671875,7923.58349609375,8211.93359375,8682.671875,9245.751953125,10089.79296875,8351.667
2020-10-31 14:15,6506.0537109375,6766.42578125,7061.2666015625,7491.0,7613.6298828125,7800.76025390625,7933.9482421875,8238.6943359375,8733.3525390625,9364.4990234375,10203.5703125,8407.733
2020-10-31 14:30,6467.6240234375,6739.9912109375,7039.0791015625,7511.94921875,7620.6875,7774.0546875,7924.3115234375,8226.0771484375,8711.8642578125,9356.048828125,10270.744140625,8990.466
2020-10-31 14:45,7110.201171875,7326.96826171875,7591.59814453125,8114.0634765625,8202.73828125,8377.482421875,8509.0966796875,8828.3984375,9381.6865234375,10072.0966796875,11052.802734375,9114.4
2020-10-31 15:00,7277.9755859375,7438.01171875,7664.71484375,8214.6669921875,8301.591796875,8460.568359375,8602.2021484375,8922.74609375,9474.30859375,10214.68359375,11308.0673828125,9149.4
2020-10-31 15:15,7608.109375,7760.947265625,7978.982421875,8491.6708984375,8622.3369140625,8767.5595703125,8945.7783203125,9273.5107421875,9812.7666015625,10638.052734375,11768.9716796875,9224.666
2020-10-31 15:30,8034.76416015625,8187.1650390625,8411.923828125,8942.197265625,9099.337890625,9211.759765625,9429.9609375,9758.5390625,10309.505859375,11197.14453125,12391.9072265625,9746.999
2020-10-31 15:45,8499.625,8663.4111328125,8889.5009765625,9463.7353515625,9640.7373046875,9724.939453125,9983.8564453125,10346.6796875,10927.6201171875,11925.2353515625,13208.423828125,10669.866
2020-10-31 16:00,9682.15625,9972.890625,10265.83984375,10843.486328125,11167.78125,11245.640625,11636.978515625,12154.759765625,12793.171875,14089.138671875,15443.076171875,9972.733
2020-10-31 16:15,8617.337890625,8772.0673828125,9066.0517578125,9686.900390625,10028.20703125,10110.7822265625,10605.7880859375,11035.736328125,11712.064453125,13075.318359375,14594.751953125,8012.6655
2020-10-31 16:30,6547.3427734375,6686.03662109375,6959.02685546875,7471.10888671875,7717.62451171875,7739.671875,8261.7158203125,8505.51171875,9173.8330078125,10395.18359375,11738.552734375,10404.6
2020-10-31 16:45,8746.75390625,9547.5107421875,10413.3095703125,11208.0517578125,11906.15625,12124.8056640625,12853.365234375,13611.0537109375,14522.3359375,16173.388671875,17381.388671875,16426.467
2020-10-31 17:00,14937.1640625,16139.8037109375,17251.8515625,18993.57421875,19894.380859375,20347.22265625,20872.099609375,22050.6796875,23280.025390625,24914.513671875,26820.2578125,17548.2
2020-10-31 17:15,14345.490234375,15151.93359375,15783.69921875,16637.41796875,16925.4765625,17189.482421875,17493.306640625,17871.3515625,18446.564453125,19670.66015625,20922.3359375,13794.799
2020-10-31 17:30,7591.99267578125,8093.51611328125,8975.974609375,9799.400390625,10078.7451171875,10708.453125,11239.2197265625,11734.80078125,12640.4794921875,13763.7412109375,14821.208984375,10107.466
2020-10-31 17:45,4691.375,4941.07568359375,5321.04296875,5789.0791015625,5919.3681640625,6151.8095703125,6485.9404296875,6835.947265625,7374.0146484375,8261.615234375,8993.3935546875,5561.5996
2020-10-31 18:00,1952.92333984375,2040.86083984375,2230.177734375,2506.32470703125,2588.56591796875,2708.884765625,2916.9892578125,3078.11376953125,3412.005859375,3902.28125,4271.44091796875,1940.2666
2020-10-31 18:15,501.970703125,517.6962890625,605.9228515625,795.94921875,827.904296875,914.23828125,971.5341796875,1017.85546875,1292.3818359375,1454.9677734375,1545.2236328125,454.5996
2020-10-31 18:30,0.0,0.0,0.0,118.8515625,160.7041015625,186.6962890625,197.662109375,199.0595703125,482.98828125,512.50390625,512.50390625,0.0
2020-11-01 08:30,0.0,43.48828125,167.55078125,332.033203125,363.9560546875,509.5126953125,545.841796875,659.2587890625,904.5810546875,1078.3603515625,1078.3603515625,879.1992
2020-11-01 08:45,1108.8271484375,1410.8515625,1589.65625,1796.6044921875,1936.5263671875,2100.4306640625,2236.8193359375,2323.5361328125,2642.25146484375,2920.712890625,2951.9482421875,2369.599
2020-11-01 09:00,3187.44970703125,3773.7685546875,3986.109375,4318.4365234375,4509.9345703125,4719.1494140625,4896.43896484375,5038.58935546875,5367.50048828125,5781.1806640625,6008.63671875,5388.2666
2020-11-01 09:15,7515.07080078125,8307.779296875,8688.974609375,9174.4931640625,9338.0166015625,9740.642578125,9853.8125,10099.4365234375,10375.517578125,10833.0224609375,11208.7958984375,9296.133
2020-11-01 09:30,11487.4296875,12233.1552734375,12827.35546875,13052.3251953125,13268.15234375,13563.8671875,13657.236328125,13876.20703125,14125.0625,14655.8046875,14914.40625,12689.932
2020-11-01 09:45,14764.9765625,15337.3017578125,15942.67578125,15958.841796875,16240.078125,16435.076171875,16546.609375,16692.552734375,16854.890625,17412.76953125,17591.771484375,15935.266
2020-11-01 10:00,18769.150390625,19178.26171875,19485.568359375,19507.9140625,19696.71875,19888.64453125,19903.9921875,20031.896484375,20125.453125,20489.29296875,20700.74609375,18619.799
2020-11-01 10:15,20779.7421875,21212.021484375,21573.23046875,21773.31640625,21989.609375,22252.875,22325.49609375,22546.484375,22750.677734375,23150.7109375,23479.5,21158.934
2020-11-01 10:30,23392.32421875,23800.63671875,24114.10546875,24260.693359375,24422.47265625,24585.6171875,24643.84375,24839.3203125,25034.65625,25430.16015625,25803.462890625,23955.6
2020-11-01 10:45,25888.30859375,26303.46875,26603.14453125,26731.8984375,26840.546875,26952.76953125,26952.76953125,27109.1015625,27265.20703125,27597.2421875,27965.0,26668.996
2020-11-01 11:00,28232.109375,28674.5234375,29001.90625,29118.296875,29201.8515625,29315.43359375,29315.43359375,29435.3671875,29578.5078125,29850.125,30203.12109375,29001.066
2020-11-01 11:15,30174.2734375,30666.828125,31016.5703125,31128.3515625,31207.390625,31333.80078125,31338.0859375,31479.484375,31629.375,31880.21484375,32249.91015625,30865.195
2020-11-01 11:30,31661.1484375,32179.28125,32519.35546875,32640.55078125,32726.2421875,32849.94921875,32854.2578125,33023.3125,33183.4140625,33421.5,33822.93359375,32508.266
2020-11-01 11:45,33260.640625,33741.78515625,34027.09375,34141.2265625,34209.47265625,34322.98046875,34322.98046875,34472.640625,34605.0546875,34807.3046875,35219.8515625,33930.6
2020-11-01 12:00,34361.875,34862.9453125,35150.01171875,35295.296875,35353.71484375,35494.63671875,35494.63671875,35675.6484375,35803.84375,35992.6015625,36433.08203125,35645.6
2020-11-01 12:15,35902.71875,36388.0625,36653.0234375,36795.96484375,36859.18359375,37008.2421875,37008.2421875,37160.0078125,37267.1484375,37429.66796875,37887.83984375,36516.664
2020-11-01 12:30,36258.44921875,36853.0234375,37153.89453125,37407.74609375,37479.4375,37651.58203125,37652.484375,37911.44921875,38039.3046875,38241.6484375,38744.9765625,37251.33
2020-11-01 12:45,37099.3671875,37666.82421875,37927.9765625,38152.99609375,38219.30078125,38364.6015625,38364.6015625,38591.4609375,38694.546875,38867.87890625,39364.84375,37639.797
2020-11-01 13:00,37013.78125,37656.54296875,37974.6171875,38283.10546875,38364.74609375,38553.296875,38579.08984375,38855.1640625,38984.62890625,39178.2734375,39723.87890625,37601.465
2020-11-01 13:15,36397.5078125,37131.23828125,37572.58203125,37926.75,38036.15234375,38249.9609375,38344.08984375,38637.7109375,38829.01953125,39061.484375,39665.16015625,37193.27
2020-11-01 13:30,35509.34765625,36306.875,36862.4453125,37202.8671875,37293.7890625,37496.77734375,37616.6015625,37941.62890625,38172.5859375,38446.4296875,39078.0625,37236.066
2020-11-01 13:45,35600.8671875,36351.484375,36838.78125,37154.78125,37203.2578125,37352.01171875,37383.53515625,37649.4140625,37843.5546875,38098.83203125,38687.359375,37355.93
2020-11-01 14:00,36094.76171875,36784.22265625,37261.08203125,37592.5859375,37644.51953125,37820.703125,37826.05859375,38030.23046875,38193.64453125,38454.55859375,39041.5703125,36419.133
2020-11-01 14:15,33898.38671875,34770.4375,35528.42578125,35994.08203125,36071.4453125,36353.578125,36511.7578125,36849.02734375,37147.9453125,37520.6171875,38152.328125,30932.062
2020-11-01 14:30,21114.0859375,22833.267578125,25931.177734375,27091.62109375,28510.1171875,29455.78515625,30834.72265625,32218.08203125,33656.703125,35109.62109375,36372.7109375,22888.865
2020-11-01 14:45,16806.78515625,17354.412109375,18802.546875,20198.671875,21552.91015625,22427.853515625,23916.07421875,25436.83203125,27152.89453125,30657.46484375,33222.546875,19338.799
2020-11-01 15:00,16396.6015625,16482.587890625,17342.578125,18467.47265625,18706.59375,19187.828125,19633.11328125,20453.31640625,21481.263671875,24536.984375,26789.29296875,19011.799
2020-11-01 15:15,17393.712890625,17748.27734375,18590.3828125,19388.60546875,19398.220703125,19766.45703125,19881.857421875,20356.01953125,20741.16796875,22882.40625,24696.68359375,19113.266
2020-11-01 15:30,18664.44140625,18987.37890625,19703.85546875,20051.21484375,20148.44921875,20422.265625,20445.31640625,20761.357421875,21013.625,22438.48828125,23883.1796875,28141.8
2020-11-01 15:45,23616.376953125,25239.12890625,28091.35546875,29859.1640625,31147.515625,32425.9921875,33087.53515625,34533.1328125,35674.78515625,36870.62890625,38395.6328125,27822.465
2020-11-01 16:00,19692.4296875,21361.65234375,23922.29296875,24893.44140625,25590.181640625,26383.0625,26907.140625,27724.6484375,28419.8515625,30065.2265625,31436.65234375,25411.467
2020-11-01 16:15,20055.57421875,21335.33203125,22900.0078125,23480.48046875,24019.61328125,24468.1875,24803.1875,25440.14453125,25919.99609375,27040.7578125,28372.95703125,23064.934
2020-11-01 16:30,16732.861328125,17578.453125,18900.19140625,19526.392578125,20119.921875,20594.619140625,20985.078125,21550.369140625,22233.60546875,23355.9375,24566.91796875,19995.533
2020-11-01 16:45,15088.6044921875,15749.4189453125,16455.6953125,16913.14453125,17173.017578125,17461.650390625,17707.3515625,18069.0234375,18563.681640625,19517.7734375,20561.1328125,16912.4
2020-11-01 17:00,12125.4140625,12710.6015625,13237.5673828125,13519.638671875,13706.93359375,13924.6552734375,14156.58203125,14382.33984375,14814.326171875,15538.96484375,16377.96875,13771.133
2020-11-01 17:15,9001.6357421875,9548.787109375,9973.0771484375,10141.6630859375,10335.63671875,10481.763671875,10700.3291015625,10886.2373046875,11235.7265625,11833.681640625,12479.90625,10411.666
2020-11-01 17:30,6111.5078125,6474.5029296875,6763.228515625,6917.96875,7092.6474609375,7167.93408203125,7379.515625,7516.64013671875,7781.41650390625,8297.8291015625,8794.53125,6907.8667
2020-11-01 17:45,3277.46484375,3450.732421875,3629.978515625,3859.787109375,3933.51123046875,4041.01318359375,4182.65234375,4305.17822265625,4549.58154296875,4950.83154296875,5252.92578125,3916.2666
2020-11-01 18:00,1293.6357421875,1392.662109375,1511.48583984375,1739.81640625,1763.880859375,1889.4462890625,1934.796875,2015.11474609375,2277.18310546875,2512.51025390625,2612.94091796875,1716.9321
2020-11-01 18:15,223.1845703125,303.955078125,395.5126953125,584.6611328125,601.119140625,684.3193359375,684.3193359375,707.8857421875,980.84375,1086.048828125,1086.048828125,527.1328
2020-11-02 08:30,0.0,0.0,92.873046875,248.490234375,290.4365234375,419.7431640625,451.5341796875,560.3046875,801.5693359375,987.3095703125,987.3095703125,598.5322
2020-11-02 08:45,761.341796875,1019.0068359375,1193.3583984375,1376.96484375,1510.9892578125,1650.64697265625,1768.16064453125,1842.93408203125,2137.1181640625,2412.04345703125,2458.0380859375,1978.3989
2020-11-02 09:00,2664.56494140625,3204.57275390625,3400.75732421875,3710.70361328125,3920.28857421875,4113.8359375,4292.77587890625,4419.890625,4747.05615234375,5158.181640625,5388.73046875,4924.5327
2020-11-02 09:15,6759.267578125,7565.3076171875,7949.5791015625,8472.78125,8680.01953125,9087.46484375,9245.466796875,9496.994140625,9819.5,10316.6064453125,10734.3212890625,8699.733
2020-11-02 09:30,10541.4755859375,11345.0703125,11995.9814453125,12295.5234375,12531.8681640625,12883.8837890625,13023.3056640625,13277.9296875,13600.458984375,14183.9765625,14515.119140625,12326.865
2020-11-02 09:45,14329.62109375,14951.16015625,15611.3251953125,15613.783203125,15895.671875,16056.455078125,16169.33984375,16308.4111328125,16494.51953125,17065.9453125,17251.3515625,16221.666
2020-11-02 10:00,18944.421875,19383.9453125,19758.93359375,19769.19921875,19920.43359375,20043.93359375,20043.93359375,20103.26953125,20162.462890625,20468.994140625,20619.21484375,19517.934
2020-11-02 10:15,21873.935546875,22294.22265625,22625.41015625,22770.62890625,22882.056640625,23044.39453125,23044.39453125,23176.640625,23267.7109375,23535.91796875,23739.75,22433.867
2020-11-02 10:30,24564.62109375,25001.21484375,25308.884765625,25469.759765625,25580.078125,25699.94921875,25715.646484375,25866.087890625,25983.7578125,26271.03125,26533.55859375,25167.799
2020-11-02 10:45,27045.23046875,27491.03515625,27781.90234375,27905.59765625,27992.03515625,28090.3671875,28097.64453125,28235.62109375,28346.03125,28612.15234375,28881.375,28085.598
2020-11-02 11:00,29697.765625,30129.32421875,30424.10546875,30511.78515625,30571.08984375,30685.39453125,30685.39453125,30800.83203125,30890.13671875,31102.83984375,31369.9140625,30359.668
2020-11-02 11:15,31246.53125,31786.1328125,32154.328125,32293.3671875,32365.76171875,32528.85546875,32559.859375,32749.15234375,32867.90234375,33114.359375,33441.73046875,31993.332
2020-11-02 11:30,32416.8203125,33007.9296875,33400.20703125,33565.390625,33654.1171875,33817.06640625,33857.35546875,34087.38671875,34239.76171875,34491.0625,34877.58984375,33570.664
2020-11-02 11:45,34069.00390625,34600.8828125,34912.71875,35045.8515625,35106.453125,35240.0234375,35240.0234375,35440.85546875,35557.80078125,35768.1484375,36163.55078125,34694.133
2020-11-02 12:00,34869.55859375,35438.5,35764.4609375,35953.65234375,36011.73046875,36181.640625,36183.6171875,36437.8203125,36561.859375,36781.2109375,37227.53515625,31625.398
2020-11-02 12:15,22185.681640625,23820.869140625,26888.2734375,28331.7109375,29570.3984375,30628.11328125,31825.8515625,33266.94140625,34571.578125,35745.9453125,36889.921875,35735.332
2020-11-02 12:30,30138.29296875,31566.3046875,34100.2734375,35388.484375,36291.16796875,37061.3203125,37683.59765625,38490.3671875,39302.078125,40334.71875,41451.63671875,37846.4
2020-11-02 12:45,34969.25390625,36308.3125,37907.6328125,38555.96484375,38845.5078125,39186.35546875,39427.65234375,39772.41796875,39935.546875,40717.05859375,41273.58203125,38162.0
2020-11-02 13:00,36489.41796875,37654.22265625,38625.0546875,39102.12890625,39178.66015625,39507.05078125,39567.84375,39930.296875,40025.05859375,40515.66796875,41089.83203125,38618.53
2020-11-02 13:15,36773.94140625,37900.72265625,38655.0234375,39148.26171875,39194.16015625,39537.53125,39596.97265625,39971.484375,40103.44140625,40516.27734375,41145.76953125,38753.53
2020-11-02 13:30,37062.01953125,38112.05078125,38724.8125,39148.53125,39174.16015625,39468.921875,39510.7109375,39856.296875,39965.54296875,40327.90625,40942.7265625,33422.13
2020-11-02 13:45,21225.962890625,23618.40625,27275.9921875,28961.078125,30345.1640625,31701.6875,33079.72265625,35004.76171875,36437.63671875,37925.47265625,39322.3203125,19728.0
2020-11-02 14:00,13747.1728515625,15120.1298828125,16709.888671875,18478.216796875,20402.6328125,21568.27734375,23730.23828125,26400.3359375,28650.296875,33069.9453125,36357.42578125,15924.533
2020-11-02 14:15,12531.484375,12668.712890625,13478.8125,14894.9267578125,15522.5,16138.0380859375,16978.77734375,18179.2421875,19839.53125,23943.5546875,27195.7109375,15595.465
2020-11-02 14:30,13377.091796875,13594.7421875,14501.5546875,15601.52734375,15753.07421875,16173.306640625,16611.513671875,17248.01171875,18016.064453125,20872.9921875,23365.05859375,15527.533
2020-11-02 14:45,14896.09375,15247.25,16117.94140625,16528.255859375,16804.12109375,17139.517578125,17316.291015625,17577.181640625,18003.529296875,19520.326171875,21067.17578125,29733.066
2020-11-02 15:00,23610.64453125,26089.484375,29839.0859375,31988.46875,34134.1015625,35434.5234375,36432.5390625,38020.37109375,39397.16796875,40708.64453125,42234.359375,25954.2
2020-11-02 15:15,14531.60546875,16707.70703125,20675.494140625,22303.962890625,23603.392578125,24919.45703125,25810.2421875,27201.734375,28615.8515625,31207.0859375,33083.73046875,27379.465
2020-11-02 15:30,20771.5859375,22927.9375,26068.08984375,27726.91796875,28768.78125,30015.1171875,30910.1015625,32060.44140625,33375.65234375,35290.39453125,37105.1171875,29595.73
2020-11-02 15:45,21773.46875,24023.7578125,26572.109375,27278.19140625,28161.19140625,28918.3984375,29536.8671875,30168.390625,30912.90234375,32489.79296875,33901.99609375,28987.129
2020-11-02 16:00,21803.35546875,23830.27734375,25863.11328125,26353.484375,27153.82421875,27617.1875,28068.328125,28598.85546875,29125.2578125,30284.37109375,31531.8515625,26664.863
2020-11-02 16:15,20115.43359375,21492.080078125,23246.767578125,23576.85546875,24395.6640625,24752.15625,25178.515625,25766.521484375,26371.38671875,27515.1171875,28584.171875,24147.934
2020-11-02 16:30,18995.05078125,19923.13671875,21097.33203125,21386.037109375,21925.0078125,22182.26171875,22492.173828125,22964.2890625,23446.65625,24487.9609375,25494.37109375,21109.533
2020-11-02 16:45,16211.2275390625,16868.853515625,17684.6875,18049.470703125,18380.310546875,18612.76171875,18892.84765625,19197.06640625,19700.29296875,20604.44921875,21534.80078125,18142.8
2020-11-02 17:00,13593.2705078125,14212.55078125,14751.8203125,14983.5,15167.12109375,15335.4072265625,15549.267578125,15745.310546875,16129.302734375,16811.5,17588.634765625,15149.666
2020-11-02 17:15,10764.7607421875,11322.7412109375,11747.880859375,11830.859375,12005.216796875,12158.125,12341.76953125,12491.912109375,12804.8154296875,13334.8193359375,13947.22265625,11787.799
2020-11-02 17:30,7350.18505859375,7755.380859375,8090.19091796875,8181.3388671875,8363.517578125,8473.0654296875,8676.826171875,8801.9638671875,9078.568359375,9555.30859375,10046.6787109375,7947.3994
2020-11-02 17:45,3893.54443359375,4099.90380859375,4329.29150390625,4536.533203125,4645.16162109375,4763.20947265625,4927.1943359375,5054.427734375,5309.5087890625,5721.072265625,6062.361328125,4107.2666
2020-11-02 18:00,1396.541015625,1480.3291015625,1613.91162109375,1861.43359375,1889.3369140625,2042.45458984375,2093.4140625,2191.5517578125,2453.4541015625,2695.638671875,2846.345703125,1556.7324
2020-11-02 18:15,209.8310546875,258.2080078125,341.2783203125,546.9892578125,548.6494140625,657.3828125,657.3828125,677.2216796875,944.1728515625,1027.9013671875,1027.9013671875,299.4668
2020-11-03 08:30,0.0,0.0,99.8193359375,255.63671875,297.517578125,425.0625,466.1630859375,567.7265625,818.4443359375,1003.5751953125,1003.5751953125,589.0664
2020-11-03 08:45,760.2060546875,1007.822265625,1188.6083984375,1368.375,1502.90234375,1635.4990234375,1765.5361328125,1830.32373046875,2137.63232421875,2410.69482421875,2446.689453125,1943.1997
2020-11-03 09:00,2737.72119140625,3248.9814453125,3458.62158203125,3738.90380859375,3956.4501953125,4129.0888671875,4322.27685546875,4423.2216796875,4762.73779296875,5160.400390625,5358.693359375,4578.5996
2020-11-03 09:15,6454.09326171875,7188.361328125,7522.029296875,7946.23291015625,8132.22265625,8466.02734375,8608.19140625,8814.93359375,9106.8798828125,9581.294921875,9951.7744140625,8595.533
2020-11-03 09:30,10789.283203125,11563.193359375,12186.5166015625,12509.23828125,12741.3388671875,13093.4912109375,13192.3896484375,13435.951171875,13724.8662109375,14240.7333984375,14541.4765625,12498.0
2020-11-03 09:45,14576.205078125,15162.52734375,15828.3046875,15836.6416015625,16103.01953125,16249.578125,16326.0263671875,16466.576171875,16610.943359375,17148.328125,17278.482421875,16202.932
2020-11-03 10:00,18905.38671875,19321.767578125,19704.125,19710.033203125,19853.44921875,19997.0703125,19997.0703125,20066.94140625,20111.572265625,20410.619140625,20524.921875,19511.932
2020-11-03 10:15,21977.33203125,22365.296875,22670.517578125,22806.75390625,22917.8203125,23084.787109375,23084.787109375,23214.943359375,23296.662109375,23556.185546875,23747.95703125,22356.998
2020-11-03 10:30,24432.326171875,24855.607421875,25175.77734375,25346.1171875,25464.21875,25601.98046875,25635.17578125,25792.1484375,25922.7421875,26216.1953125,26469.83984375,25142.531
2020-11-03 10:45,27081.4375,27500.59375,27786.296875,27903.1328125,27990.19921875,28085.64453125,28090.80078125,28224.6484375,28335.984375,28598.1015625,28858.55859375,27819.664
2020-11-03 11:00,29435.50390625,29868.94921875,30167.8828125,30256.10546875,30319.9765625,30433.08984375,30433.08984375,30566.18359375,30669.3671875,30896.84375,31163.6640625,30189.402
2020-11-03 11:15,31263.9609375,31762.0859375,32099.6484375,32209.6640625,32276.76171875,32422.7734375,32433.30078125,32604.1171875,32721.23828125,32951.81640625,33269.7109375,32013.129
2020-11-03 11:30,32646.0,33185.94140625,33527.296875,33667.6015625,33740.07421875,33889.51171875,33899.7265625,34106.171875,34245.734375,34476.25,34841.0,33669.465
2020-11-03 11:45,34285.8203125,34782.7265625,35062.44140625,35188.2109375,35237.9140625,35372.18359375,35372.18359375,35550.30078125,35659.37890625,35856.2265625,36236.80859375,35025.266
2020-11-03 12:00,35340.50390625,35858.4375,36137.625,36305.18359375,36349.15625,36515.4921875,36515.4921875,36733.5,36836.12890625,37029.94921875,37456.046875,36203.863
2020-11-03 12:15,36086.19921875,36653.3046875,36954.68359375,37170.5703125,37233.6328125,37419.83203125,37419.83203125,37673.4375,37790.0078125,37992.09765625,38476.046875,37378.8
2020-11-03 12:30,37165.4140625,37715.8046875,37976.51953125,38185.12890625,38242.734375,38406.4453125,38406.4453125,38623.05078125,38716.0625,38907.04296875,39392.12890625,38161.0
2020-11-03 12:45,37892.1484375,38446.8125,38689.1328125,38939.94140625,38985.984375,39161.375,39161.375,39392.45703125,39463.6015625,39654.375,40144.4453125,38696.73
2020-11-03 13:00,38175.58984375,38763.08203125,39024.36328125,39326.7265625,39386.34765625,39592.06640625,39592.06640625,39861.28125,39938.203125,40132.1328125,40658.078125,39234.2
2020-11-03 13:15,38368.37109375,38990.91015625,39277.85546875,39601.23828125,39677.546875,39895.375,39915.4375,40179.46484375,40268.5546875,40476.1171875,41036.046875,39077.6
2020-11-03 13:30,37520.65234375,38273.953125,38690.51953125,39116.0703125,39199.26953125,39457.08984375,39540.62109375,39870.515625,40019.84375,40285.87109375,40885.7734375,38888.53
2020-11-03 13:45,37231.75,38006.7578125,38440.78515625,38833.203125,38869.37890625,39086.91796875,39131.82421875,39455.1171875,39595.83984375,39836.67578125,40389.0625,39166.2
2020-11-03 14:00,38178.16015625,38800.76171875,39221.66796875,39505.4296875,39600.36328125,39798.99609375,39812.578125,40034.69140625,40140.54296875,40377.203125,40937.79296875,38736.863
2020-11-03 14:15,36001.421875,36886.13671875,37561.4921875,38110.0859375,38195.69921875,38543.296875,38689.75,39053.171875,39282.92578125,39645.5,40286.92578125,27570.062
2020-11-03 14:30,16876.052734375,19062.84375,22377.46875,23799.576171875,25847.77734375,27537.6171875,29523.78125,31911.36328125,33837.23046875,36016.27734375,37746.30859375,17206.668
2020-11-03 14:45,13031.5390625,13298.283203125,14208.310546875,15769.6455078125,17283.47265625,18014.41015625,19659.5234375,21438.09375,23571.4921875,27934.42578125,31243.71875,17255.0
2020-11-03 15:00,14931.6171875,15670.578125,17448.4140625,18811.3125,19412.46875,20098.99609375,20879.412109375,22147.66015625,23296.041015625,26989.09375,29499.90625,17302.332
2020-11-03 15:15,15124.845703125,15373.158203125,16293.97265625,17483.076171875,17655.98828125,18341.486328125,18683.927734375,19461.2421875,20383.4921875,23414.09765625,25806.99609375,22597.334
2020-11-03 15:30,20598.072265625,22370.921875,25002.04296875,26946.515625,28150.0078125,29322.57421875,30127.96875,31785.96875,33007.8359375,35191.8046875,36981.546875,24785.27
2020-11-03 15:45,21122.8359375,22702.515625,24675.1640625,25372.3046875,25789.0859375,26412.2734375,26799.81640625,27634.63671875,28284.4921875,30333.30859375,31899.11328125,27927.266
2020-11-03 16:00,21979.30078125,24019.47265625,26180.28515625,27321.78125,28045.08984375,28752.55078125,29239.4296875,30009.48828125,30563.65234375,31814.37890625,33256.328125,27621.598
2020-11-03 16:15,21216.828125,22856.3828125,24770.705078125,25240.32421875,25923.46875,26211.90625,26628.984375,27091.609375,27429.5703125,28437.61328125,29431.109375,25345.865
2020-11-03 16:30,19857.49609375,20967.587890625,22352.0546875,22657.7578125,23206.50390625,23405.220703125,23729.958984375,24131.00390625,24500.02734375,25334.59375,26245.55859375,22737.33
2020-11-03 16:45,17447.294921875,18196.75,19192.13671875,19543.2421875,19908.9453125,20110.98046875,20407.919921875,20733.916015625,21146.79296875,21948.71875,22796.791015625,19886.732
2020-11-03 17:00,15169.34765625,15777.8671875,16388.1171875,16662.85546875,16839.7578125,17001.16796875,17214.984375,17433.98828125,17753.521484375,18403.3984375,19169.0390625,16566.266
2020-11-03 17:15,11653.8369140625,12186.43359375,12676.5712890625,12889.4072265625,13033.060546875,13260.6455078125,13457.3203125,13661.93359375,14022.548828125,14578.51953125,15206.28515625,13092.732
2020-11-03 17:30,8386.478515625,8826.7900390625,9188.0498046875,9314.9599609375,9472.00390625,9628.322265625,9796.7568359375,9964.3720703125,10253.453125,10755.8359375,11238.8466796875,8932.0
2020-11-03 17:45,4397.10546875,4647.27685546875,4924.28271484375,5148.1767578125,5283.14013671875,5417.89599609375,5605.6669921875,5753.12646484375,6030.28955078125,6476.34228515625,6849.57421875,4299.7993
2020-11-03 18:00,1495.98779296875,1581.59619140625,1728.3271484375,2002.78173828125,2044.73779296875,2218.34033203125,2290.51904296875,2403.53466796875,2666.400390625,2934.02783203125,3137.06689453125,1601.5991
2020-11-03 18:15,306.3525390625,335.1025390625,412.791015625,626.33203125,631.4794921875,752.15234375,752.15234375,776.7314453125,1034.14453125,1119.2841796875,1126.78515625,267.0664
2020-11-04 08:30,0.0,0.0,29.5654296875,184.6357421875,226.001953125,348.2177734375,391.984375,486.63671875,743.462890625,932.0380859375,932.0380859375,496.5996
2020-11-04 08:45,625.3486328125,844.724609375,1029.2236328125,1204.482421875,1334.890625,1457.6953125,1590.8896484375,1644.00439453125,1956.3173828125,2224.0263671875,2256.251953125,1873.7319
2020-11-04 09:00,2907.31201171875,3388.837890625,3621.9091796875,3879.919921875,4125.771484375,4283.9365234375,4503.28173828125,4573.7724609375,4941.0244140625,5321.4462890625,5482.900390625,4895.4663
2020-11-04 09:15,7095.1162109375,7798.4169921875,8221.587890625,8669.0380859375,8881.990234375,9249.076171875,9386.447265625,9582.896484375,9880.583984375,10323.892578125,10639.298828125,9596.933
2020-11-04 09:30,11644.4150390625,12422.306640625,13213.5947265625,13592.404296875,13870.0859375,14203.775390625,14262.4296875,14507.447265625,14783.76171875,15266.7421875,15474.6826171875,13864.332
2020-11-04 09:45,15710.6611328125,16293.525390625,17054.326171875,17107.86328125,17362.09375,17500.41796875,17526.34765625,17662.18359375,17747.21484375,18213.63671875,18255.125,17456.598
2020-11-04 10:00,19791.86328125,20227.77734375,20669.49609375,20763.4375,20887.74609375,21076.529296875,21076.529296875,21173.640625,21211.578125,21465.390625,21544.7109375,20736.197
2020-11-04 10:15,22885.6015625,23303.921875,23662.8125,23835.12109375,23962.478515625,24126.20703125,24149.30859375,24294.482421875,24377.953125,24645.76171875,24821.234375,23764.398
2020-11-04 10:30,25774.119140625,26194.171875,26510.62109375,26644.9296875,26753.03515625,26856.98828125,26881.0390625,27009.8515625,27102.62109375,27373.8515625,27574.78125,26491.734
2020-11-04 10:45,28273.89453125,28711.70703125,29006.61328125,29109.55859375,29186.80859375,29284.671875,29295.7890625,29423.42578125,29510.62109375,29759.90234375,29967.16015625,29011.73
2020-11-04 11:00,30376.59375,30845.69140625,31161.95703125,31253.546875,31313.43359375,31444.32421875,31457.57421875,31619.41796875,31705.73046875,31941.59765625,32183.03515625,31149.664
2020-11-04 11:15,31825.91015625,32379.44921875,32764.12109375,32905.71484375,32981.796875,33155.96875,33194.7265625,33410.6484375,33531.0859375,33786.02734375,34101.99609375,33011.73
2020-11-04 11:30,33463.00390625,34016.50390625,34361.6484375,34499.05859375,34560.4921875,34719.1171875,34719.1171875,34941.97265625,35058.51953125,35290.98046875,35644.75,33269.93
2020-11-04 11:45,32574.234375,33325.0,33935.52734375,34312.60546875,34471.18359375,34738.53125,34888.44921875,35270.18359375,35546.9921875,35908.35546875,36403.0078125,27838.465
2020-11-04 12:00,17306.509765625,19109.4453125,22467.82421875,23961.33203125,25512.71484375,26783.9453125,28261.921875,30043.97265625,31583.9140625,33131.66796875,34534.984375,22087.0
2020-11-04 12:15,14869.818359375,15605.765625,17047.63671875,18067.671875,19415.076171875,20165.73828125,21441.66015625,22423.525390625,24092.591796875,26818.56640625,28666.86328125,19305.732
2020-11-04 12:30,14240.400390625,14617.5830078125,15577.541015625,16057.494140625,16531.650390625,17002.3125,17471.39453125,17616.162109375,18621.84765625,20100.58203125,21333.69140625,18018.865
2020-11-04 12:45,15128.88671875,15735.26171875,16620.10546875,17158.705078125,17187.662109375,17633.578125,17702.427734375,17792.9765625,18108.07421875,18796.484375,19673.0,16055.332
2020-11-04 13:00,13738.8701171875,14228.87109375,14931.9111328125,15592.35546875,15629.953125,16103.888671875,16137.0048828125,16253.087890625,16535.45703125,16868.65234375,17720.501953125,14726.732
2020-11-04 13:15,13279.17578125,13837.3759765625,14414.8916015625,14875.7421875,14929.044921875,15387.658203125,15396.5986328125,15554.4775390625,15780.595703125,15928.583984375,16554.75390625,12719.799
2020-11-04 13:30,10597.87109375,11323.8671875,11940.2802734375,12591.529296875,12655.6171875,13203.587890625,13246.751953125,13447.947265625,13735.96875,13835.791015625,14561.734375,11160.399
2020-11-04 13:45,9452.064453125,10112.21484375,10615.7177734375,11172.6708984375,11172.6708984375,11595.669921875,11595.669921875,11688.4951171875,12026.791015625,12155.220703125,12724.6044921875,10242.6
2020-11-04 14:00,8587.24609375,9135.8974609375,9579.5068359375,10048.458984375,10062.822265625,10442.44921875,10460.3515625,10603.345703125,10956.81640625,11207.3916015625,11808.44921875,9415.066
2020-11-04 14:15,7898.2578125,8343.0693359375,8739.3388671875,9160.3779296875,9221.369140625,9534.169921875,9586.5537109375,9748.341796875,10106.353515625,10455.685546875,11124.7666015625,6397.2656
2020-11-04 14:30,5277.14990234375,5849.8642578125,6214.4853515625,6638.2724609375,6638.4287109375,6836.78125,6961.03173828125,7123.345703125,7403.7763671875,7761.11181640625,8445.2197265625,5824.7324
2020-11-04 14:45,5504.09521484375,5866.06640625,6126.69091796875,6298.6005859375,6298.6005859375,6347.96044921875,6472.5966796875,6527.673828125,6880.5244140625,7325.41845703125,7853.54931640625,5811.5996
2020-11-04 15:00,5157.31396484375,5451.45654296875,5698.4296875,5972.09375,5977.3544921875,5987.0380859375,6159.2802734375,6259.279296875,6645.4267578125,7175.619140625,7836.7509765625,6007.0664
2020-11-04 15:15,5316.408203125,5545.9599609375,5760.529296875,6041.2490234375,6131.50390625,6131.50390625,6350.9072265625,6476.71875,6926.39697265625,7575.81982421875,8312.9453125,6079.7324
2020-11-04 15:30,5338.73095703125,5528.23779296875,5738.7685546875,6025.36083984375,6147.1875,6147.1875,6353.0126953125,6449.37109375,6880.0703125,7562.94384765625,8407.1220703125,5905.2666
2020-11-04 15:45,5209.158203125,5369.65673828125,5574.5830078125,5872.1962890625,5975.62353515625,5975.62353515625,6170.71142578125,6249.447265625,6667.5068359375,7345.939453125,8237.5986328125,5582.7324
2020-11-04 16:00,4925.72265625,5090.65234375,5271.05419921875,5579.9033203125,5690.7001953125,5690.7001953125,5907.33251953125,6001.01171875,6418.19287109375,7145.4169921875,8064.2197265625,6196.799
2020-11-04 16:15,5403.73193359375,5719.7802734375,6010.0,6397.599609375,6725.97705078125,6725.97705078125,7145.943359375,7422.021484375,7970.7890625,8997.59765625,9957.06640625,7822.3994
2020-11-04 16:30,6740.30078125,7245.44921875,7718.49365234375,8287.177734375,8830.67578125,8938.05078125,9513.5693359375,10103.21484375,10767.9912109375,12219.3828125,13426.8212890625,10602.533
2020-11-04 16:45,9852.08984375,10548.0390625,11170.12109375,12071.08203125,12627.3017578125,12929.6650390625,13499.7568359375,14380.865234375,15176.8154296875,16883.154296875,18449.390625,14674.932
2020-11-04 17:00,13957.55078125,14905.326171875,15670.7724609375,17014.021484375,17547.41015625,18009.265625,18402.43359375,19343.166015625,20271.6015625,21772.8046875,23563.0078125,15643.199
2020-11-04 17:15,13143.236328125,13741.39453125,14217.5712890625,15011.615234375,15224.091796875,15609.3564453125,15876.890625,16277.265625,16806.544921875,17881.23046875,19169.02734375,12303.598
2020-11-04 17:30,7205.8076171875,7548.4306640625,8243.61328125,8932.138671875,9158.806640625,9749.2744140625,10221.208984375,10665.265625,11463.45703125,12460.19140625,13498.810546875,6757.9995
2020-11-04 17:45,2881.9501953125,2991.72216796875,3330.732421875,3747.76123046875,3875.6875,4204.02880859375,4581.8251953125,4987.84130859375,5603.31494140625,6505.54443359375,7305.2607421875,3831.0664
2020-11-04 18:00,1367.9091796875,1367.9091796875,1543.0322265625,1740.296875,1826.60107421875,1934.8818359375,2115.30615234375,2247.529296875,2562.361328125,3019.02099609375,3341.755859375,782.333
2020-11-04 18:15,100.1806640625,100.1806640625,158.9150390625,322.439453125,362.0380859375,431.2275390625,445.193359375,500.373046875,803.94921875,977.701171875,1094.1298828125,140.53223
2020-11-05 08:45,143.591796875,354.44921875,519.9189453125,667.7197265625,774.8193359375,889.5224609375,964.8701171875,1043.4052734375,1290.2646484375,1553.78466796875,1625.1201171875,255.33301
2020-11-05 09:00,279.63671875,591.2900390625,738.5654296875,910.4111328125,1043.53515625,1169.3330078125,1266.701171875,1361.7919921875,1586.98291015625,1945.841796875,2157.9951171875,745.1992
2020-11-05 09:15,552.4189453125,965.90234375,1082.8046875,1271.63671875,1424.0869140625,1576.87255859375,1695.56884765625,1817.43115234375,2031.521484375,2481.23095703125,2822.7890625,3386.5996
2020-11-05 09:30,4557.16015625,5438.47705078125,5778.14453125,6318.0,6706.64501953125,7109.54248046875,7368.33984375,7657.7783203125,8083.6767578125,8663.8271484375,9210.4775390625,8567.0
2020-11-05 09:45,9486.5205078125,10627.9111328125,11744.3017578125,12702.763671875,13234.80859375,13952.7353515625,14351.263671875,14866.888671875,15535.26953125,16341.35546875,17042.416015625,10954.4
2020-11-05 10:00,9866.6474609375,10869.353515625,12380.26953125,12873.75390625,13531.8427734375,14131.2333984375,14696.73828125,15217.66796875,15842.556640625,17146.06640625,17800.4140625,17810.93
2020-11-05 10:15,15272.044921875,16685.0703125,18525.486328125,19664.072265625,20422.64453125,21038.703125,21335.484375,21970.66796875,22546.05078125,23357.4140625,24103.177734375,17654.2
2020-11-05 10:30,11637.9306640625,13270.806640625,16374.7138671875,17730.77734375,18854.94140625,19981.70703125,20972.84375,22166.75390625,23236.16015625,24652.89453125,25486.13671875,16867.867
2020-11-05 10:45,12751.046875,13675.8515625,15905.0029296875,16489.8359375,17636.552734375,18651.765625,19893.306640625,20864.234375,22158.505859375,23996.650390625,25094.34375,14147.865
2020-11-05 11:00,9487.65234375,10077.6943359375,11218.771484375,11489.9833984375,12629.142578125,13526.056640625,14663.4990234375,15444.1796875,16702.8203125,18800.619140625,20252.5390625,13170.332
2020-11-05 11:15,9683.5576171875,10251.5302734375,11098.61328125,11405.4912109375,12052.369140625,12615.38671875,13286.5400390625,13676.615234375,14508.5185546875,16105.865234375,17428.052734375,11917.799
2020-11-05 11:30,8853.5419921875,9382.6533203125,10256.7646484375,10897.7529296875,11502.6416015625,11995.623046875,12433.193359375,12976.916015625,13705.08203125,14996.8193359375,16611.875,9244.999
2020-11-05 11:45,7545.36279296875,7767.484375,8281.1787109375,8585.5390625,8923.513671875,9193.2392578125,9413.2021484375,9640.0048828125,10281.1845703125,10975.9990234375,12004.7861328125,8615.6
2020-11-05 12:00,6676.7802734375,7128.318359375,7494.3759765625,7781.85595703125,7925.490234375,8130.8798828125,8253.484375,8442.9794921875,8862.5595703125,9303.6181640625,10021.806640625,8294.399
2020-11-05 12:15,6368.5986328125,6814.43212890625,7116.9970703125,7465.99462890625,7615.51171875,7835.81103515625,7942.77099609375,8220.455078125,8622.3037109375,9083.1943359375,9721.759765625,7471.3325
2020-11-05 12:30,5391.00439453125,5890.451171875,6233.17578125,6622.2529296875,6741.22216796875,6906.60888671875,7023.73681640625,7315.63623046875,7660.5927734375,8116.0,8786.4638671875,7541.3325
2020-11-05 12:45,5731.19091796875,6122.1787109375,6433.77783203125,6786.29248046875,6894.203125,7069.498046875,7163.4287109375,7452.57861328125,7873.98486328125,8377.8232421875,8999.5498046875,6224.866
2020-11-05 13:00,4424.859375,4885.73876953125,5228.970703125,5563.861328125,5657.3193359375,5760.4951171875,5902.470703125,6193.197265625,6538.16552734375,7058.078125,7725.453125,5221.2666
2020-11-05 13:15,4306.85546875,4722.76025390625,5000.9033203125,5145.234375,5259.48486328125,5283.453125,5441.81201171875,5669.4736328125,6000.3310546875,6581.9375,7117.041015625,5206.2666
2020-11-05 13:30,4384.45751953125,4762.130859375,5028.89453125,5172.591796875,5295.8896484375,5295.8896484375,5466.8642578125,5666.1064453125,6028.166015625,6623.869140625,7139.6689453125,5210.7993
2020-11-05 13:45,4412.1201171875,4768.56884765625,5039.87158203125,5273.68115234375,5338.81103515625,5349.634765625,5501.6884765625,5706.0205078125,6087.103515625,6667.3056640625,7203.875,5142.3325
2020-11-05 14:00,4200.029296875,4514.49658203125,4779.75244140625,4969.4365234375,5070.49658203125,5070.49658203125,5267.7978515625,5475.1494140625,5870.64990234375,6488.5859375,7080.025390625,5119.9995
2020-11-05 14:15,4230.26318359375,4520.91162109375,4769.0439453125,4917.71630859375,5061.0791015625,5061.0791015625,5250.88623046875,5449.17724609375,5854.572265625,6518.669921875,7122.8447265625,5116.9995
2020-11-05 14:30,4295.9697265625,4571.72900390625,4826.79833984375,4980.6083984375,5131.5849609375,5131.5849609375,5320.697265625,5486.34033203125,5888.953125,6542.70068359375,7189.896484375,5109.1323
2020-11-05 14:45,4240.44873046875,4494.17578125,4747.3173828125,4923.04736328125,5032.5595703125,5032.5595703125,5219.12255859375,5369.59765625,5762.88330078125,6390.04296875,7091.5322265625,5094.7993
2020-11-05 15:00,4237.1650390625,4455.78271484375,4662.97412109375,4838.79443359375,4938.45947265625,4938.45947265625,5141.42578125,5295.01416015625,5705.6494140625,6389.91552734375,7132.572265625,5062.0664
2020-11-05 15:15,4367.22314453125,4572.55712890625,4766.11865234375,4965.45458984375,5122.3037109375,5122.3037109375,5367.34228515625,5545.67919921875,6004.8642578125,6775.515625,7555.65869140625,4988.5996
2020-11-05 15:30,4194.546875,4411.94775390625,4625.5205078125,4814.27001953125,4983.595703125,4983.595703125,5233.4228515625,5390.908203125,5804.69091796875,6576.72216796875,7425.9423828125,4954.0664
2020-11-05 15:45,4247.5166015625,4452.3388671875,4660.62451171875,4859.01318359375,5008.3583984375,5008.3583984375,5268.0029296875,5415.42578125,5813.953125,6597.9287109375,7476.40283203125,4974.0664
2020-11-05 16:00,4178.033203125,4387.4287109375,4599.7978515625,4845.67626953125,5029.044921875,5029.044921875,5343.49853515625,5529.92626953125,5948.7333984375,6818.7880859375,7736.2275390625,5078.8667
2020-11-05 16:15,4200.79296875,4453.85498046875,4712.57958984375,4986.2734375,5302.76953125,5302.76953125,5741.8115234375,5999.05859375,6473.02734375,7511.884765625,8452.5,5008.6665
2020-11-05 16:30,4018.869140625,4264.07275390625,4545.494140625,4831.92626953125,5201.75244140625,5221.345703125,5721.90869140625,6006.19091796875,6473.22021484375,7579.16162109375,8579.65625,4932.1997
2020-11-05 16:45,3739.52294921875,3979.54443359375,4286.06787109375,4586.501953125,4929.66455078125,5000.2001953125,5498.35205078125,5803.7666015625,6236.1826171875,7325.59765625,8315.990234375,4911.4663
2020-11-05 17:00,3409.51220703125,3686.34814453125,4033.50927734375,4354.06494140625,4700.42431640625,4833.8837890625,5328.0908203125,5682.109375,6111.298828125,7199.03515625,8118.98779296875,4899.2666
2020-11-05 17:15,3245.85986328125,3572.892578125,3937.42724609375,4271.30810546875,4642.05810546875,4845.08837890625,5323.9208984375,5736.556640625,6205.72314453125,7302.078125,8128.2998046875,6521.7324
2020-11-05 17:30,5083.43994140625,5675.25,6059.935546875,6677.212890625,6983.23828125,7360.59912109375,7672.1826171875,8347.5517578125,8912.7041015625,10070.8671875,10919.78125,8746.8
2020-11-05 17:45,7067.6337890625,7669.5078125,7777.37548828125,8724.37109375,8724.37109375,9189.091796875,9189.091796875,9953.4873046875,10478.70703125,11420.5947265625,12426.6376953125,4883.7324
2020-11-05 18:00,520.2314453125,917.4853515625,1316.021484375,1827.83740234375,1922.662109375,2374.9033203125,2744.2705078125,3385.44580078125,3978.5546875,4843.224609375,5543.9609375,1937.3994
2020-11-05 18:15,256.33984375,388.541015625,510.396484375,690.365234375,690.365234375,835.6611328125,1021.7587890625,1176.2119140625,1445.8681640625,1835.611328125,2047.99658203125,431.53223
2020-11-06 08:30,0.0,0.0,34.2607421875,195.421875,223.017578125,367.98828125,404.0263671875,518.1474609375,767.509765625,938.29296875,938.29296875,350.4668
2020-11-06 08:45,554.17578125,803.1533203125,990.7255859375,1149.7841796875,1270.9580078125,1412.685546875,1537.68798828125,1600.6650390625,1910.27490234375,2160.71484375,2178.91064453125,1538.0664
2020-11-06 09:00,2279.7421875,2784.8017578125,2992.33154296875,3234.65625,3450.64501953125,3607.8720703125,3808.9462890625,3890.68408203125,4236.40380859375,4616.56494140625,4778.61767578125,4940.5327
2020-11-06 09:15,7778.6787109375,8523.79296875,8944.4990234375,9496.51953125,9743.544921875,10189.923828125,10312.60546875,10554.287109375,10860.271484375,11277.296875,11612.8876953125,10041.533
2020-11-06 09:30,12789.4970703125,13514.892578125,14268.947265625,14618.015625,14857.8369140625,15174.271484375,15188.130859375,15407.46484375,15664.337890625,16109.8359375,16270.5517578125,14638.398
2020-11-06 09:45,16763.9375,17332.3984375,18005.07421875,18077.767578125,18329.296875,18491.525390625,18516.96875,18620.56640625,18687.71875,19146.46875,19222.0546875,18480.598
2020-11-06 10:00,21206.490234375,21600.73046875,21881.7109375,21987.609375,22089.21484375,22286.87890625,22286.87890625,22343.69921875,22353.66796875,22576.4453125,22701.98046875,21496.6
2020-11-06 10:15,23140.31640625,23652.59765625,24056.44921875,24360.580078125,24563.125,24833.771484375,24977.75,25155.0859375,25314.376953125,25650.56640625,25923.14453125,24359.469
2020-11-06 10:30,26234.90234375,26717.0703125,27041.22265625,27201.1796875,27362.97265625,27503.89453125,27628.05859375,27761.51953125,27891.625,28221.05859375,28505.1640625,25378.066
2020-11-06 10:45,24268.927734375,25107.86328125,26099.171875,26663.1953125,27099.80859375,27517.0390625,27979.97265625,28375.03515625,28873.42578125,29494.89453125,30001.6328125,16694.934
2020-11-06 11:00,8219.19140625,9824.7783203125,12363.173828125,13484.74609375,15081.6640625,16920.45703125,18612.30078125,20648.234375,22730.923828125,24061.9375,25356.45703125,13126.799
2020-11-06 11:15,8453.8564453125,8808.1728515625,9506.4619140625,9862.6025390625,10669.5576171875,11417.19921875,12150.76171875,12699.4970703125,13925.158203125,15670.23046875,17036.10546875,10379.466
2020-11-06 11:30,7381.93359375,7734.43017578125,8201.3271484375,8620.5048828125,8736.5263671875,9138.162109375,9347.255859375,9728.619140625,10172.2734375,11184.5458984375,12343.3466796875,9698.8
2020-11-06 11:45,7368.5390625,7996.08056640625,8704.212890625,9312.400390625,9483.1357421875,9995.3935546875,10126.193359375,10591.8779296875,11006.671875,11705.6220703125,12614.7109375,9687.866
2020-11-06 12:00,7805.40966796875,8155.796875,8617.546875,9123.3203125,9282.90625,9671.6142578125,9768.2001953125,10109.3232421875,10516.416015625,11119.609375,12082.544921875,9819.866
2020-11-06 12:15,8246.20703125,8497.328125,8878.6201171875,9308.291015625,9510.84375,9866.5859375,9956.1142578125,10291.267578125,10694.669921875,11255.5400390625,12142.947265625,9911.933
2020-11-06 12:30,8125.48779296875,8350.572265625,8733.576171875,9189.033203125,9372.5576171875,9685.283203125,9755.931640625,10063.9921875,10447.8583984375,10948.05859375,11851.14453125,9982.133
2020-11-06 12:45,8120.1884765625,8342.634765625,8710.1083984375,9183.849609375,9327.3017578125,9627.1630859375,9658.3427734375,9950.8896484375,10362.736328125,10824.0751953125,11698.3671875,10005.466
2020-11-06 13:00,8202.7783203125,8388.669921875,8722.0341796875,9189.1396484375,9328.607421875,9627.8828125,9653.427734375,9943.517578125,10378.7744140625,10854.2880859375,11731.830078125,10026.6
2020-11-06 13:15,8243.158203125,8413.0693359375,8745.6875,9199.7109375,9362.833984375,9653.685546875,9694.2880859375,9984.201171875,10400.5126953125,10903.6103515625,11797.4296875,10049.333
2020-11-06 13:30,8229.6904296875,8439.3359375,8792.5419921875,9273.810546875,9417.4931640625,9693.45703125,9721.5419921875,9993.8662109375,10401.2265625,10885.0595703125,11788.912109375,10046.266
2020-11-06 13:45,8292.798828125,8545.998046875,8886.6669921875,9413.5751953125,9489.373046875,9760.1591796875,9760.1591796875,9980.041015625,10403.265625,10848.498046875,11724.755859375,9611.266
2020-11-06 14:00,7836.9853515625,8066.7236328125,8393.0732421875,8866.7529296875,8981.26171875,9224.41796875,9268.22265625,9491.4775390625,9924.7177734375,10405.984375,11312.96875,9938.733
2020-11-06 14:15,8543.7890625,8713.119140625,8984.1630859375,9401.798828125,9550.1083984375,9800.6328125,9861.3896484375,10102.6240234375,10566.50390625,11122.396484375,12030.287109375,10069.533
2020-11-06 14:30,8579.9423828125,8731.2880859375,9011.888671875,9481.9287109375,9619.7763671875,9835.6318359375,9912.3583984375,10132.1396484375,10562.5576171875,11112.89453125,12145.126953125,10121.466
2020-11-06 14:45,8563.04296875,8705.494140625,8972.412109375,9467.9609375,9576.7587890625,9777.6474609375,9844.2353515625,10061.8505859375,10516.47265625,11075.7412109375,12121.5029296875,10090.666
2020-11-06 15:00,8670.98046875,8792.123046875,9030.8056640625,9529.0048828125,9652.83984375,9840.6875,9934.560546875,10170.7392578125,10651.1171875,11289.3779296875,12371.75390625,10127.133
2020-11-06 15:15,9000.681640625,9109.2421875,9340.3486328125,9813.6533203125,10006.1884765625,10169.51171875,10332.2119140625,10587.17578125,11074.9248046875,11829.9423828125,12963.18359375,10120.6
2020-11-06 15:30,9119.2275390625,9209.2392578125,9433.6669921875,9906.3427734375,10122.2509765625,10241.80859375,10462.193359375,10696.6123046875,11187.607421875,12010.703125,13198.84765625,10112.466
2020-11-06 15:45,8927.0791015625,9023.9111328125,9238.7451171875,9749.6162109375,9953.248046875,10035.3837890625,10293.765625,10534.0654296875,11045.1640625,11941.29296875,13158.79296875,10162.667
2020-11-06 16:00,8934.947265625,9102.326171875,9337.62109375,9850.6943359375,10111.3828125,10163.943359375,10508.67578125,10813.8193359375,11356.95703125,12416.6669921875,13634.9697265625,10204.266
2020-11-06 16:15,9216.43359375,9460.025390625,9718.91015625,10200.322265625,10560.837890625,10594.5380859375,11059.9580078125,11435.2548828125,12007.431640625,13274.7373046875,14518.005859375,10642.799
2020-11-06 16:30,10171.912109375,10467.8935546875,10716.7607421875,11173.884765625,11551.423828125,11599.2255859375,12100.271484375,12550.533203125,13132.375,14543.158203125,15814.955078125,16632.066
2020-11-06 16:45,15609.80078125,16570.431640625,17703.455078125,19383.029296875,20270.392578125,20834.671875,21294.3046875,22502.654296875,23694.484375,25112.0859375,26934.0546875,17479.2
2020-11-06 17:00,13833.37890625,14416.81640625,15203.658203125,16017.201171875,16387.390625,16743.486328125,17148.60546875,17637.294921875,18271.62109375,19569.107421875,20811.69921875,14862.998
2020-11-06 17:15,9634.3818359375,10010.6748046875,10610.1328125,11310.5849609375,11491.1357421875,11998.806640625,12379.2392578125,12823.431640625,13508.623046875,14496.328125,15520.078125,11513.466
2020-11-06 17:30,6133.75927734375,6368.142578125,6709.775390625,7170.59765625,7283.1083984375,7537.0146484375,7844.1845703125,8186.205078125,8722.587890625,9541.2392578125,10275.69140625,7459.6655
2020-11-06 17:45,3053.61572265625,3169.431640625,3374.3583984375,3681.00927734375,3750.154296875,3864.54541015625,4079.14404296875,4280.40625,4621.416015625,5167.40673828125,5569.9736328125,3210.5327
2020-11-06 18:00,910.9345703125,929.59375,1044.87109375,1266.94921875,1297.58984375,1423.845703125,1499.73291015625,1591.38037109375,1866.236328125,2108.24169921875,2256.89208984375,1180.0
2020-11-06 18:15,147.263671875,154.615234375,231.0224609375,392.716796875,416.9150390625,495.806640625,498.41015625,505.9951171875,766.2958984375,824.56640625,824.56640625,129.19922
2020-11-07 08:30,0.0,0.0,20.7861328125,171.806640625,210.451171875,342.970703125,364.8876953125,481.75390625,713.2578125,891.333984375,891.333984375,307.333
2020-11-07 08:45,382.9609375,628.69921875,796.443359375,952.9580078125,1067.7099609375,1201.3359375,1295.603515625,1371.583984375,1639.3857421875,1897.095703125,1948.85693359375,1629.3325
2020-11-07 09:00,2739.49560546875,3292.47314453125,3497.60009765625,3742.943359375,3993.1806640625,4168.14208984375,4363.35888671875,4449.521484375,4790.25830078125,5165.48974609375,5353.15869140625,4088.3994
2020-11-07 09:15,6515.6083984375,7250.18359375,7545.26953125,7894.5185546875,8096.98486328125,8401.3330078125,8527.2001953125,8732.7783203125,9027.8349609375,9498.341796875,9875.3056640625,8919.467
2020-11-07 09:30,12192.470703125,12944.1240234375,13556.6015625,13863.4267578125,14122.48046875,14467.4130859375,14540.0703125,14771.474609375,15093.1884765625,15542.607421875,15824.85546875,13586.465
2020-11-07 09:45,16263.3369140625,16793.458984375,17370.009765625,17370.009765625,17605.546875,17713.73046875,17748.560546875,17834.71875,17935.208984375,18436.80859375,18555.0078125,17413.531
2020-11-07 10:00,20362.38671875,20744.97265625,21013.41796875,21059.67578125,21194.82421875,21361.1484375,21361.1484375,21420.833984375,21456.09375,21741.826171875,21894.4453125,20832.867
2020-11-07 10:15,23511.01953125,23871.0859375,24073.38671875,24202.95703125,24328.0234375,24480.390625,24507.91015625,24623.521484375,24687.10546875,24954.1640625,25176.41796875,23795.066
2020-11-07 10:30,25767.84765625,26210.12890625,26483.23828125,26645.265625,26801.5703125,26937.62109375,27045.29296875,27182.734375,27299.125,27627.38671875,27905.26171875,26516.598
2020-11-07 10:45,28384.64453125,28817.5859375,29056.890625,29148.3046875,29254.06640625,29350.80078125,29417.7109375,29553.08203125,29633.234375,29931.0234375,30209.7265625,29067.266
2020-11-07 11:00,30537.07421875,30988.125,31248.84765625,31317.71875,31392.0390625,31517.33984375,31562.2421875,31729.03515625,31796.5,32060.35546875,32359.90234375,31358.664
2020-11-07 11:15,32293.046875,32805.703125,33104.67578125,33201.01171875,33267.953125,33424.65234375,33460.03125,33667.9375,33745.09375,33998.296875,34356.37890625,33149.8
2020-11-07 11:30,33652.9296875,34210.796875,34514.1875,34654.16015625,34716.33203125,34878.64453125,34895.96484375,35143.84765625,35233.9609375,35483.86328125,35894.78125,34572.0
2020-11-07 11:45,35043.0078125,35576.265625,35829.375,35974.94140625,36012.73046875,36169.41015625,36169.41015625,36405.67578125,36472.22265625,36692.921875,37132.36328125,36325.266
2020-11-07 12:00,36671.10546875,37150.3984375,37366.078125,37511.15625,37534.6953125,37719.91015625,37719.91015625,37907.19921875,37935.20703125,38111.2890625,38574.4921875,37761.2
2020-11-07 12:15,37693.390625,38228.63671875,38435.05859375,38657.0625,38678.10546875,38899.0234375,38899.0234375,39122.34375,39139.95703125,39324.7578125,39845.19921875,38748.4
2020-11-07 12:30,38438.6328125,39013.23828125,39207.3515625,39483.46875,39505.96875,39727.90625,39727.90625,39982.265625,39999.453125,40192.66796875,40739.796875,36994.73
2020-11-07 12:45,32111.1328125,33322.453125,34742.44140625,35913.60546875,36420.6640625,37101.08984375,37650.33203125,38483.640625,39126.375,39786.6796875,40694.59375,32958.934
2020-11-07 13:00,23133.296875,24675.21484375,27654.546875,29149.75390625,30192.58984375,31269.90234375,32492.55078125,34040.54296875,35282.99609375,36803.1640625,38324.98046875,29737.531
2020-11-07 13:15,23216.34765625,23900.275390625,25330.44921875,26350.65625,27038.34765625,27510.9921875,28474.625,29432.578125,30573.97265625,33039.19921875,35019.80078125,28066.8
2020-11-07 13:30,24704.50390625,24887.3203125,25483.138671875,25961.958984375,26257.01171875,26257.01171875,26702.97265625,26993.25,27679.5546875,29751.953125,31582.19921875,27069.531
2020-11-07 13:45,24972.76171875,24972.76171875,25520.9296875,25939.33203125,26037.60546875,26037.60546875,26097.4921875,26273.4921875,26629.65234375,28157.62890625,29651.13671875,24785.066
2020-11-07 14:00,24043.34765625,24043.34765625,24302.162109375,24640.73046875,24665.23046875,24665.23046875,24753.94140625,24934.81640625,25092.48046875,26212.51171875,27336.9453125,21253.531
2020-11-07 14:15,17188.875,17579.51171875,18710.33203125,19983.59375,20157.078125,20760.28515625,20992.109375,21570.42578125,22153.39453125,22837.35546875,23950.56640625,20505.133
2020-11-07 14:30,18839.04296875,19124.142578125,19838.375,20383.10546875,20383.10546875,20708.36328125,20708.36328125,20949.33203125,21198.79296875,21532.80859375,22183.033203125,20524.467
2020-11-07 14:45,19947.43359375,20050.0625,20484.62890625,20776.3515625,20776.3515625,20996.40234375,20996.40234375,21109.62109375,21177.42578125,21459.9453125,22253.884765625,20457.4
2020-11-07 15:00,20535.1328125,20535.1328125,20832.9375,20953.77734375,20953.77734375,21170.0390625,21194.46875,21286.53515625,21332.3828125,21614.0625,22462.17578125,21048.932
2020-11-07 15:15,21483.833984375,21483.833984375,21753.591796875,21837.7890625,21890.646484375,22110.927734375,22206.78125,22334.888671875,22415.060546875,22827.9140625,23744.341796875,21600.6
2020-11-07 15:30,22130.869140625,22130.869140625,22394.4921875,22476.517578125,22613.943359375,22741.173828125,22912.09375,23084.5625,23221.296875,23794.375,24784.2578125,22561.867
2020-11-07 15:45,22807.69921875,22972.16796875,23324.30078125,23481.984375,23670.673828125,23768.677734375,23969.748046875,24262.19921875,24492.65625,25243.828125,26246.66015625,24263.533
2020-11-07 16:00,24012.353515625,24545.97265625,25250.44921875,25630.28125,25917.66015625,26131.515625,26387.625,26945.13671875,27339.33984375,28251.4609375,29265.7578125,26078.531
2020-11-07 16:15,25153.234375,25857.91015625,26640.23046875,26968.73828125,27259.44921875,27503.359375,27711.4375,28230.90625,28581.6640625,29366.7890625,30277.44140625,24692.398
2020-11-07 16:30,21926.09375,22632.41015625,23527.431640625,23795.73046875,24207.94140625,24487.34375,24847.71484375,25269.857421875,25687.482421875,26430.33203125,27207.71484375,23052.398
2020-11-07 16:45,20483.384765625,20995.552734375,21392.26953125,21524.79296875,21718.57421875,21856.2265625,22069.6875,22325.73046875,22541.53125,23078.02734375,23804.3125,19207.934
2020-11-07 17:00,13833.9599609375,14389.25390625,15122.2109375,15738.984375,16018.138671875,16462.203125,16960.275390625,17348.73046875,17968.296875,18669.7890625,19449.3671875,16938.066
2020-11-07 17:15,12721.90234375,13315.443359375,13701.5966796875,13974.4375,14141.126953125,14356.2392578125,14554.197265625,14848.021484375,15127.634765625,15709.4609375,16303.08203125,13129.532
2020-11-07 17:30,7751.6552734375,8179.212890625,8618.681640625,8907.4365234375,9076.068359375,9339.6044921875,9619.2666015625,9879.328125,10324.8212890625,10904.25390625,11355.1796875,8186.9326
2020-11-07 17:45,3389.96337890625,3652.60302734375,3909.263671875,4258.97802734375,4360.47119140625,4563.2158203125,4776.51025390625,5005.57470703125,5354.576171875,5828.59912109375,6180.14013671875,3479.9326
2020-11-07 18:00,1103.4677734375,1152.609375,1252.1787109375,1528.75537109375,1560.3984375,1746.98828125,1813.6767578125,1917.73779296875,2188.87109375,2377.5234375,2533.4658203125,1215.5322
2020-11-07 18:15,175.4658203125,191.58984375,260.9697265625,466.2265625,488.16796875,596.8896484375,596.8896484375,608.6669921875,896.5302734375,915.08984375,915.08984375,112.86621
2020-11-08 08:30,0.0,0.0,93.8994140625,236.7099609375,289.2861328125,417.7099609375,446.6318359375,555.9931640625,793.896484375,976.4560546875,976.4560546875,381.73242
2020-11-08 08:45,497.6962890625,772.9775390625,949.7451171875,1096.609375,1233.369140625,1356.55859375,1464.9443359375,1530.40966796875,1808.02294921875,2079.10546875,2141.40966796875,1663.4668
2020-11-08 09:00,3035.99267578125,3615.61669921875,3833.056640625,4046.61767578125,4318.990234375,4470.54296875,4674.01318359375,4742.572265625,5085.88525390625,5466.84716796875,5664.052734375,3552.3994
2020-11-08 09:15,4653.6181640625,5433.80859375,5713.373046875,6103.17578125,6323.478515625,6591.49609375,6765.5654296875,7025.8232421875,7321.0654296875,7943.2470703125,8459.8134765625,9269.267
2020-11-08 09:30,11951.12109375,12892.54296875,13873.564453125,14688.314453125,15180.2685546875,15807.193359375,16003.1953125,16452.033203125,16915.609375,17451.88671875,17974.5078125,15373.066
2020-11-08 09:45,16685.216796875,17401.13671875,18385.4375,18682.79296875,19049.103515625,19208.8671875,19211.64453125,19404.13671875,19530.197265625,20129.630859375,20294.69140625,17998.668
2020-11-08 10:00,17511.55078125,18401.9609375,19634.85546875,20332.0625,20839.73046875,21377.8046875,21703.0625,22098.19921875,22465.111328125,23160.427734375,23536.388671875,22536.932
2020-11-08 10:15,24508.615234375,25094.13671875,25723.580078125,26030.53515625,26253.77734375,26414.9453125,26460.04296875,26672.83203125,26695.40234375,27078.46875,27396.984375,25581.867
2020-11-08 10:30,25746.076171875,26563.75390625,27369.17578125,27795.89453125,28053.71875,28327.1796875,28571.375,28864.50390625,29003.82421875,29535.6015625,29856.19921875,28225.465
2020-11-08 10:45,29484.78125,30134.88671875,30610.92578125,30775.84375,30855.73828125,31006.05078125,31111.6015625,31341.78125,31348.4140625,31733.12890625,32030.55078125,30170.398
2020-11-08 11:00,29823.18359375,30679.6171875,31358.4453125,31708.39453125,31880.9921875,32177.51953125,32383.56640625,32761.4375,32912.7421875,33383.59765625,33815.25,28807.066
2020-11-08 11:15,21463.203125,23103.4375,25767.87109375,27057.01171875,28061.265625,29039.984375,30054.71484375,31311.20703125,32453.43359375,33647.2890625,34623.45703125,29144.996
2020-11-08 11:30,24796.130859375,26277.35546875,28215.52734375,28800.3203125,29424.23046875,30074.234375,30720.40234375,31616.74609375,32442.8359375,33789.34375,34980.49609375,33055.266
2020-11-08 11:45,27879.4296875,29400.24609375,31614.5625,32869.9296875,33738.2734375,34676.24609375,35105.2109375,35749.10546875,36542.796875,37557.80078125,38711.3359375,36594.6
2020-11-08 12:00,33333.515625,34774.37109375,36548.17578125,37368.65234375,37747.171875,38262.0390625,38510.41796875,38962.73046875,39238.93359375,40112.34765625,40823.703125,37666.793
2020-11-08 12:15,35478.703125,36757.87890625,37848.73828125,38381.265625,38492.8125,38845.6484375,38973.11328125,39395.03515625,39509.9296875,40097.83984375,40758.7421875,37536.062
2020-11-08 12:30,34333.15625,35711.3515625,36815.98046875,37589.90234375,37752.48828125,38233.3671875,38444.04296875,39063.62890625,39360.46875,39945.53125,40771.80078125,39844.934
2020-11-08 12:45,37647.72265625,38683.7265625,39598.5859375,40152.02734375,40323.625,40729.80859375,40729.80859375,41135.26953125,41244.0625,41639.140625,42376.7265625,39096.73
2020-11-08 13:00,35229.65234375,36592.4375,37802.78515625,38873.8125,39132.59375,39723.87890625,40015.1015625,40683.3046875,41003.609375,41676.0078125,42516.8359375,31681.93
2020-11-08 13:15,19222.296875,21580.41796875,25334.939453125,27182.78125,28862.375,30484.62890625,32202.50390625,34535.51171875,36027.4765625,38052.84765625,39960.765625,29202.398
2020-11-08 13:30,23493.75390625,24397.6484375,25840.43359375,26741.73046875,27401.484375,28045.1484375,29017.0390625,30168.0,31442.05859375,34524.62890625,36784.5234375,28207.531
2020-11-08 13:45,24620.623046875,25036.212890625,25758.6484375,26403.11328125,26687.6015625,26927.2578125,27184.5703125,27569.92578125,28452.921875,30787.23828125,32854.8046875,27725.598
2020-11-08 14:00,26072.38671875,26396.5859375,27274.21484375,27915.61328125,28085.83984375,28295.703125,28633.20703125,28887.5,29290.39453125,31208.89453125,32788.76171875,26524.398
2020-11-08 14:15,25089.9296875,25089.9296875,25746.58984375,26298.6953125,26449.2109375,26553.609375,26852.484375,27165.1875,27403.5390625,29012.37109375,30384.22265625,25477.533
2020-11-08 14:30,24789.90234375,24789.90234375,25182.06640625,25513.857421875,25513.857421875,25545.90234375,25676.701171875,25959.87109375,26112.75,27184.59375,28206.27734375,23712.934
2020-11-08 14:45,21713.5546875,21713.5546875,22414.16015625,22989.80859375,22989.80859375,23242.1875,23350.388671875,23687.701171875,23971.70703125,24655.712890625,25608.83203125,24259.2
2020-11-08 15:00,22909.18359375,23055.13671875,23838.88671875,24315.8046875,24315.8046875,24667.05859375,24761.16796875,25045.33984375,25296.630859375,25917.20703125,26696.7578125,25993.398
2020-11-08 15:15,24983.982421875,25116.875,25986.21484375,26421.484375,26463.3671875,26868.203125,27110.671875,27435.83203125,27656.52734375,28530.8828125,29387.484375,28185.0
2020-11-08 15:30,27365.3671875,27892.28125,29073.91015625,29690.56640625,29851.3828125,30332.94140625,30659.44140625,31270.9765625,31701.28515625,32766.125,33631.10546875,33210.73
2020-11-08 15:45,30162.37109375,31068.84375,32917.1015625,33819.73828125,34213.15625,34922.61328125,35293.2109375,36087.828125,36619.64453125,37605.2109375,38413.55078125,31608.398
2020-11-08 16:00,24515.578125,25913.896484375,28341.51953125,29347.51171875,29983.703125,30704.3828125,31473.02734375,32278.9921875,33035.87109375,34285.6796875,34969.4375,29269.664
2020-11-08 16:15,25598.265625,26558.65234375,27899.98046875,27915.92578125,28245.65234375,28530.5546875,28965.890625,29547.640625,29806.45703125,30567.02734375,31295.0625,26721.2
2020-11-08 16:30,20941.072265625,21735.357421875,23149.884765625,23390.96875,23967.23046875,24398.67578125,24952.56640625,25554.453125,26112.21875,26986.10546875,27741.9140625,24099.668
2020-11-08 16:45,20166.296875,20742.2890625,21404.875,21524.73828125,21723.810546875,21925.1171875,22184.880859375,22561.921875,22744.9140625,23429.1640625,24182.05859375,21249.266
2020-11-08 17:00,17180.25390625,17625.751953125,18062.8515625,18241.53515625,18359.203125,18534.138671875,18780.09375,18987.96875,19192.0859375,19707.10546875,20397.640625,17816.934
2020-11-08 17:15,13734.1640625,14149.9501953125,14465.736328125,14653.3076171875,14722.6611328125,14934.8310546875,15127.5498046875,15316.7275390625,15563.6357421875,16033.1796875,16596.052734375,14202.865
2020-11-08 17:30,9482.42578125,9898.0078125,10226.890625,10421.990234375,10523.7470703125,10759.0986328125,10925.275390625,11147.494140625,11451.13671875,11951.4560546875,12352.580078125,8584.6
2020-11-08 17:45,3531.73974609375,3876.0390625,4166.1552734375,4637.005859375,4725.1748046875,5048.11767578125,5256.5302734375,5558.0,5939.8935546875,6447.7822265625,6859.6103515625,3611.1328
2020-11-08 18:00,1227.45703125,1287.666015625,1372.6689453125,1686.90234375,1711.09716796875,1937.11865234375,2001.60986328125,2108.1982421875,2356.576171875,2557.19775390625,2762.1171875,1235.9326
2020-11-08 18:15,189.4462890625,194.1806640625,258.337890625,486.68359375,510.740234375,634.8779296875,634.8779296875,638.26953125,924.4541015625,931.580078125,931.580078125,93.19922
2020-11-09 08:45,241.0869140625,485.9521484375,664.2578125,805.99609375,930.513671875,1045.98828125,1152.458984375,1214.08203125,1490.791015625,1755.16943359375,1814.6015625,1382.1328
2020-11-09 09:00,2344.2275390625,2858.51171875,3055.24853515625,3249.65869140625,3502.27880859375,3638.6162109375,3839.45458984375,3891.24951171875,4226.43017578125,4599.53857421875,4780.30322265625,3633.6665
2020-11-09 09:15,5908.3740234375,6631.625,6892.685546875,7184.875,7410.544921875,7656.5087890625,7802.69384765625,7960.193359375,8251.6015625,8724.14453125,9093.9775390625,8224.333
2020-11-09 09:30,11767.787109375,12497.96875,13059.0361328125,13336.365234375,13581.935546875,13944.494140625,13999.8876953125,14217.7470703125,14510.4765625,14944.814453125,15241.69921875,13810.133
2020-11-09 09:45,16648.2734375,17150.837890625,17731.515625,17758.26953125,18000.6484375,18066.505859375,18066.505859375,18112.884765625,18196.7265625,18655.533203125,18758.416015625,17755.934
2020-11-09 10:00,19636.94921875,20130.8828125,20602.85546875,20804.09765625,21158.1875,21391.93359375,21403.55078125,21595.55078125,21675.59375,22198.87890625,22463.2265625,21085.2
2020-11-09 10:15,24708.3984375,24966.228515625,25124.8671875,25190.666015625,25283.07421875,25372.125,25372.125,25416.314453125,25416.314453125,25630.1875,25823.875,24089.732
2020-11-09 10:30,24373.93359375,25055.26171875,25765.791015625,26270.76953125,26598.68359375,26939.44140625,27248.6640625,27577.7578125,27824.21875,28391.08203125,28758.97265625,26727.066
2020-11-09 10:45,28351.44140625,28845.26171875,29257.015625,29376.69140625,29510.45703125,29613.83203125,29770.66015625,29967.76171875,30024.6171875,30451.49609375,30743.49609375,28988.93
2020-11-09 11:00,29817.73046875,30379.06640625,30835.9375,30975.90625,31101.19140625,31267.7890625,31429.23046875,31674.359375,31766.234375,32173.38671875,32502.453125,31081.133
2020-11-09 11:15,31893.2265625,32442.1953125,32836.6171875,32951.4140625,33023.72265625,33180.796875,33263.71875,33509.65234375,33583.87890625,33940.890625,34316.41015625,32872.867
2020-11-09 11:30,33354.3359375,33924.5390625,34283.8828125,34446.59765625,34500.28515625,34668.16015625,34706.0625,34978.50390625,35066.20703125,35399.63671875,35823.25390625,34406.0
2020-11-09 11:45,35111.11328125,35604.38671875,35857.91015625,36003.203125,36013.12890625,36166.68359375,36166.68359375,36394.8046875,36443.0234375,36714.34375,37144.4609375,35825.4
2020-11-09 12:00,36193.92578125,36689.98046875,36928.71484375,37118.65625,37123.46484375,37317.03515625,37317.03515625,37567.42578125,37598.078125,37843.3671875,38322.71484375,36977.066
2020-11-09 12:15,36947.484375,37481.57421875,37728.421875,37978.25390625,37999.85546875,38221.12109375,38221.12109375,38502.69140625,38548.60546875,38786.62109375,39323.93359375,37926.266
2020-11-09 12:30,37698.13671875,38240.8046875,38468.1484375,38749.32421875,38764.73046875,38979.83203125,38979.83203125,39260.05859375,39303.69921875,39538.24609375,40090.58984375,36403.6
2020-11-09 12:45,32106.32421875,33182.9375,34489.74609375,35535.56640625,35959.96484375,36575.88671875,37062.41015625,37833.3359375,38406.8671875,39053.203125,39923.46875,26930.863
2020-11-09 13:00,16641.34375,18474.640625,21321.7890625,23156.984375,24859.7578125,26335.83203125,28074.85546875,30418.15234375,32114.984375,34667.37109375,36809.32421875,21861.8
2020-11-09 13:15,16358.03515625,16545.251953125,17292.041015625,18529.482421875,19614.7109375,20067.83984375,21168.796875,22061.16796875,23701.125,27250.57421875,29852.65625,19586.4
2020-11-09 13:30,15268.353515625,15424.0634765625,16157.482421875,17020.8984375,17273.12890625,17526.001953125,17898.41796875,18250.73828125,19114.46875,21052.298828125,22962.76171875,18647.2
2020-11-09 13:45,16414.50390625,16862.94921875,17695.44140625,18247.6640625,18247.6640625,18593.822265625,18600.146484375,18755.314453125,19016.333984375,19767.607421875,20812.822265625,17816.465
2020-11-09 14:00,16770.193359375,17113.12890625,17675.869140625,18016.357421875,18016.357421875,18376.6484375,18376.6484375,18418.3359375,18563.55078125,18884.75,19737.69921875,17219.2
2020-11-09 14:15,16915.5859375,17244.59765625,17672.73828125,17823.78125,17846.20703125,18229.6484375,18235.900390625,18304.328125,18385.859375,18482.716796875,19226.564453125,16743.133
2020-11-09 14:30,16084.3544921875,16436.224609375,16860.701171875,17099.298828125,17175.90234375,17579.828125,17618.240234375,17738.16796875,17872.34375,17926.994140625,18774.51953125,16209.332
2020-11-09 14:45,15363.642578125,15687.7451171875,16049.34375,16339.564453125,16414.9609375,16787.40234375,16811.078125,16945.96875,17149.193359375,17249.693359375,18141.412109375,15747.398
2020-11-09 15:00,15208.87109375,15449.626953125,15715.7421875,15957.6142578125,16018.0966796875,16337.193359375,16346.833984375,16473.248046875,16687.54296875,16843.08984375,17773.416015625,15451.465
2020-11-09 15:15,15380.6884765625,15547.5791015625,15755.578125,15945.177734375,16040.0712890625,16302.013671875,16336.07421875,16472.94140625,16680.482421875,16917.650390625,17916.95703125,15439.133
2020-11-09 15:30,15673.142578125,15781.9814453125,15920.0087890625,16093.6455078125,16211.50390625,16391.734375,16452.87890625,16588.03125,16829.03515625,17179.712890625,18243.1875,15273.533
2020-11-09 15:45,15347.294921875,15406.455078125,15490.6875,15699.541015625,15811.95703125,15935.091796875,16024.0859375,16152.1826171875,16452.52734375,16909.88671875,18022.16015625,15224.533
2020-11-09 16:00,15600.904296875,15675.546875,15717.80078125,15874.9287109375,16013.630859375,16074.279296875,16203.82421875,16371.4990234375,16677.78515625,17287.037109375,18399.51953125,19017.668
2020-11-09 16:15,18479.0,19316.330078125,20365.853515625,21379.66015625,22229.716796875,22663.09375,23135.8046875,24123.421875,24989.6015625,26252.890625,27811.91015625,24028.197
2020-11-09 16:30,22365.59765625,23327.462890625,24535.37890625,25461.111328125,26230.12890625,26603.0546875,26997.96484375,27723.91015625,28576.05859375,29800.66796875,31253.0625,18868.066
2020-11-09 16:45,10303.083984375,11441.5009765625,13809.392578125,14963.05078125,16175.396484375,17274.109375,18489.59765625,19780.62890625,21314.86328125,23055.578125,24329.51171875,15419.333
2020-11-09 17:00,9886.4345703125,10488.193359375,11415.36328125,12077.501953125,12627.7421875,13213.16796875,13858.953125,14639.6240234375,15637.5048828125,17227.365234375,18548.03515625,13322.199
2020-11-09 17:15,7838.0263671875,8391.69140625,9047.5810546875,9421.5048828125,9824.373046875,10098.2724609375,10547.9501953125,10994.599609375,11615.478515625,12708.8115234375,13697.2744140625,14775.465
2020-11-09 17:30,8815.140625,9594.4912109375,10626.4892578125,11642.8779296875,12278.4921875,12856.25,13207.869140625,13737.8203125,14267.095703125,14933.71484375,15863.1669921875,6564.1323
2020-11-09 17:45,1963.89404296875,2383.9619140625,3052.2861328125,3550.14599609375,3828.28515625,4393.080078125,4889.896484375,5450.49560546875,6254.0244140625,7234.390625,8004.4208984375,3049.8667
2020-11-09 18:00,1060.5556640625,1162.080078125,1374.0849609375,1678.6513671875,1704.583984375,1943.3623046875,2131.97509765625,2369.20947265625,2674.5595703125,3114.54443359375,3426.49267578125,1416.667
2020-11-09 18:15,189.19921875,189.19921875,266.1181640625,453.5966796875,453.5966796875,589.6455078125,598.7177734375,683.22265625,941.9970703125,1077.548828125,1166.66796875,91.2666
2020-11-10 08:45,0.0,192.3955078125,367.849609375,523.0,613.34765625,731.8583984375,823.28515625,896.0048828125,1165.484375,1419.025390625,1471.6943359375,336.53223
2020-11-10 09:00,376.23828125,667.3671875,827.6201171875,1002.3662109375,1139.53125,1270.30078125,1383.73046875,1464.19189453125,1724.8173828125,2071.45263671875,2239.28564453125,701.4668
2020-11-10 09:15,392.8017578125,773.4140625,910.607421875,1098.26171875,1249.548828125,1403.77734375,1524.6142578125,1648.7265625,1890.07470703125,2342.90625,2661.43701171875,1782.332
2020-11-10 09:30,1892.85546875,2487.33447265625,2675.9736328125,2962.16650390625,3192.84326171875,3426.833984375,3601.81005859375,3768.330078125,4069.03955078125,4620.29248046875,5064.47314453125,2812.8667
2020-11-10 09:45,2203.79931640625,2897.63671875,3146.29443359375,3581.75927734375,3812.52197265625,4123.35107421875,4332.40673828125,4648.11328125,4965.08154296875,5713.45166015625,6447.9033203125,5609.799
2020-11-10 10:00,6925.919921875,8001.998046875,8551.271484375,9307.08203125,9749.166015625,10307.2001953125,10692.12890625,11148.673828125,11656.2041015625,12473.8701171875,13444.25,14732.998
2020-11-10 10:15,12013.5537109375,13387.4580078125,15271.19140625,16734.07421875,17812.544921875,18555.78125,19132.8203125,19912.671875,20647.3203125,21700.796875,22580.4765625,19898.732
2020-11-10 10:30,16646.046875,18274.76953125,20273.68359375,21172.55859375,21898.57421875,22322.623046875,22558.7421875,22968.2265625,23425.755859375,24270.85546875,24707.48046875,25764.465
2020-11-10 10:45,22730.318359375,24396.234375,26201.484375,27022.13671875,27477.984375,27882.390625,27882.390625,28163.5546875,28358.9375,28727.67578125,29133.61328125,27300.996
2020-11-10 11:00,20679.931640625,22785.609375,25358.8203125,26941.18359375,27749.984375,28532.8125,29197.63671875,30039.79296875,30750.578125,31760.19921875,32577.40625,27330.0
2020-11-10 11:15,21054.453125,22862.87109375,25671.349609375,26821.34375,27630.08984375,28519.91796875,29461.25390625,30672.01953125,31609.9140625,32968.41796875,34008.45703125,13254.332
2020-11-10 11:30,5318.8388671875,7141.44580078125,9588.244140625,11224.416015625,12668.6259765625,14774.111328125,16873.47265625,20139.53125,23023.3671875,25472.91015625,27405.57421875,13443.066
2020-11-10 11:45,11601.0869140625,13070.7265625,14783.62109375,15632.50390625,16606.560546875,18305.42578125,19360.642578125,21188.5703125,23298.736328125,26044.19921875,27783.80078125,12703.465
2020-11-10 12:00,9751.0751953125,10726.1865234375,11413.052734375,12589.375,12598.9111328125,14322.048828125,14329.662109375,15679.6357421875,17156.8125,19775.69140625,21724.40625,13306.799
2020-11-10 12:15,11892.4091796875,12959.8076171875,14400.427734375,14822.947265625,15433.740234375,16530.77734375,17114.037109375,18174.31640625,19122.84375,21103.578125,22546.970703125,13601.933
2020-11-10 12:30,12546.421875,13011.2021484375,13882.564453125,14124.0556640625,14600.15234375,15304.986328125,15767.5478515625,16371.74609375,17157.767578125,18789.34375,20283.912109375,12217.732
2020-11-10 12:45,10202.75390625,10570.4814453125,11248.09375,11571.953125,11855.44140625,12347.9453125,12631.2255859375,12901.380859375,13492.546875,14320.095703125,15576.76171875,12682.465
2020-11-10 13:00,10955.927734375,11520.330078125,12163.61328125,12518.99609375,12727.021484375,13148.482421875,13290.2841796875,13623.3701171875,14072.06640625,14579.7978515625,15483.064453125,12770.332
2020-11-10 13:15,10955.03515625,11344.87890625,11869.7607421875,12273.109375,12429.2109375,12813.15234375,12903.73828125,13180.0283203125,13546.2607421875,13905.466796875,14922.435546875,12021.266
2020-11-10 13:30,10064.740234375,10469.8525390625,10980.951171875,11465.7802734375,11577.4599609375,11962.65625,11988.8134765625,12255.611328125,12626.736328125,12877.634765625,13798.5146484375,11549.866
2020-11-10 13:45,9689.8896484375,10112.7646484375,10558.5732421875,11071.0615234375,11110.0107421875,11458.69921875,11458.69921875,11658.8193359375,12062.53515625,12282.734375,13090.4814453125,11704.465
2020-11-10 14:00,10142.4072265625,10476.8232421875,10837.9189453125,11279.7998046875,11348.9169921875,11674.0625,11682.796875,11920.93359375,12344.29296875,12648.73828125,13478.9638671875,12812.732
2020-11-10 14:15,11940.970703125,12157.7978515625,12421.642578125,12777.53515625,12888.6083984375,13196.9658203125,13233.275390625,13494.671875,13893.66796875,14282.8203125,15234.5869140625,13767.732
2020-11-10 14:30,13339.888671875,13419.9287109375,13593.9892578125,13874.677734375,13978.1259765625,14193.6240234375,14226.2021484375,14426.015625,14747.7021484375,15130.84765625,16232.908203125,14685.666
2020-11-10 14:45,14435.458984375,14491.474609375,14609.291015625,14868.4453125,14959.17578125,15126.5458984375,15149.107421875,15340.869140625,15657.453125,16044.44140625,17174.89453125,23855.531
2020-11-10 15:00,21370.59765625,22361.12890625,24574.5859375,26528.6875,28221.796875,29123.30859375,30020.9609375,31535.08984375,33116.8125,34110.734375,36098.421875,34030.598
2020-11-10 15:15,29425.52734375,30325.2109375,32729.6953125,33633.76171875,34960.6015625,35269.2109375,35957.0703125,36397.390625,37416.234375,38772.78515625,39855.26171875,32620.133
2020-11-10 15:30,24130.146484375,25721.78515625,28579.15234375,29707.16015625,30640.3046875,31296.3359375,32101.08984375,32550.71875,33670.9765625,34962.27734375,35844.37890625,30812.664
2020-11-10 15:45,25937.359375,27126.859375,28823.1328125,29000.05078125,29455.37109375,29841.80859375,30350.29296875,30690.13671875,31251.234375,32086.1796875,33041.03125,29162.2
2020-11-10 16:00,24408.41796875,25283.44140625,26639.84375,26639.84375,27082.33984375,27443.35546875,27823.7734375,28211.30859375,28711.109375,29404.28515625,30212.484375,27134.934
2020-11-10 16:15,22894.09765625,23432.9140625,24408.615234375,24408.615234375,24686.931640625,25006.06640625,25227.24609375,25642.81640625,25964.9609375,26630.6796875,27420.6953125,24603.8
2020-11-10 16:30,20624.333984375,20950.5859375,21631.119140625,21648.17578125,21928.916015625,22195.03125,22351.439453125,22694.5,22940.8984375,23567.66015625,24322.91015625,21865.0
2020-11-10 16:45,18171.1640625,18442.9453125,18803.40234375,18907.20703125,19002.111328125,19164.6484375,19280.15234375,19486.029296875,19653.265625,20160.42578125,20850.40625,18433.6
2020-11-10 17:00,14251.685546875,14573.53125,14866.4833984375,15037.2109375,15090.505859375,15286.564453125,15461.08203125,15624.97265625,15876.7666015625,16321.9375,16928.96875,14432.865
2020-11-10 17:15,9382.24609375,9819.6103515625,10162.5751953125,10388.4775390625,10518.486328125,10755.0517578125,10962.322265625,11178.3984375,11533.7158203125,12023.421875,12535.2255859375,10274.8
2020-11-10 17:30,5472.140625,5812.462890625,6068.1630859375,6292.109375,6459.88720703125,6584.99658203125,6773.72412109375,6942.1611328125,7235.9267578125,7712.419921875,8130.7646484375,5480.9326
2020-11-10 17:45,2155.97900390625,2264.9140625,2416.0390625,2710.94287109375,2786.83642578125,2949.15234375,3049.43505859375,3174.1064453125,3444.46630859375,3762.02197265625,4033.93701171875,2511.6665
2020-11-10 18:00,781.22265625,795.2587890625,886.83203125,1107.4345703125,1146.861328125,1295.216796875,1295.216796875,1336.083984375,1599.962890625,1720.18603515625,1770.82080078125,875.8662
2020-11-10 18:15,0.0,0.0,10.078125,204.3388671875,232.8525390625,310.443359375,310.443359375,310.443359375,589.259765625,620.251953125,620.251953125,65.2666
2020-11-11 08:45,0.0,173.6953125,349.1474609375,515.3427734375,588.2978515625,724.2041015625,813.6318359375,894.87890625,1170.9921875,1410.3134765625,1438.5224609375,1032.5322
2020-11-11 09:00,1488.48681640625,1871.43603515625,2055.3251953125,2273.666015625,2458.15673828125,2620.7353515625,2795.1005859375,2866.9716796875,3200.076171875,3536.6279296875,3646.04736328125,2810.1328
2020-11-11 09:15,4140.6826171875,4785.556640625,5028.65966796875,5353.25048828125,5577.0703125,5795.9384765625,5987.98681640625,6133.646484375,6472.791015625,6936.587890625,7218.07470703125,6268.6665
2020-11-11 09:30,9338.17578125,10046.46484375,10513.93359375,10913.623046875,11116.2568359375,11549.3505859375,11625.578125,11878.890625,12180.517578125,12630.20703125,12980.2802734375,11922.533
2020-11-11 09:45,14238.2158203125,14918.62890625,15711.4052734375,15992.41796875,16308.5234375,16534.7578125,16577.51953125,16792.36328125,17032.513671875,17532.2578125,17716.54296875,16218.465
2020-11-11 10:00,16415.84375,17117.25390625,17934.673828125,18258.45703125,18819.3359375,19124.255859375,19291.3125,19587.865234375,19783.80078125,20551.9375,20907.283203125,19764.732
2020-11-11 10:15,21991.037109375,22504.375,23069.724609375,23417.267578125,23660.0859375,23892.34765625,23892.34765625,24117.8671875,24198.296875,24568.71484375,24876.7109375,22922.066
2020-11-11 10:30,22931.126953125,23734.41796875,24669.39453125,25241.02734375,25580.8515625,25924.353515625,26182.66796875,26547.64453125,26803.20703125,27397.390625,27745.11328125,25825.666
2020-11-11 10:45,27502.125,28070.7890625,28564.19921875,28722.0078125,28851.8671875,28961.9453125,29059.33203125,29254.83984375,29298.78515625,29693.09765625,29987.7265625,28303.328
2020-11-11 11:00,28936.359375,29608.7890625,30162.06640625,30375.0234375,30512.21875,30718.91015625,30862.64453125,31128.32421875,31247.078125,31643.40625,31980.78515625,30474.266
2020-11-11 11:15,31222.78125,31853.36328125,32313.7421875,32456.85546875,32535.04296875,32722.0390625,32794.12109375,33046.5390625,33140.94140625,33475.72265625,33851.68359375,32273.531
2020-11-11 11:30,32616.7734375,33267.015625,33695.34765625,33874.30859375,33942.4765625,34138.421875,34180.1015625,34456.67578125,34572.55859375,34893.58203125,35316.40234375,33936.2
2020-11-11 11:45,34534.8671875,35077.1875,35383.58984375,35523.05078125,35543.78515625,35714.39453125,35714.39453125,35930.62890625,35993.15625,36246.203125,36669.875,35456.53
2020-11-11 12:00,35862.96875,36381.53515625,36645.80078125,36820.33984375,36820.33984375,37022.0625,37022.0625,37246.1796875,37287.6875,37506.36328125,37961.79296875,36725.2
2020-11-11 12:15,36698.9765625,37263.10546875,37526.78515625,37768.75390625,37783.31640625,38009.64453125,38009.64453125,38275.79296875,38330.66015625,38546.34375,39063.09765625,37693.6
2020-11-11 12:30,37384.97265625,37972.96484375,38225.8671875,38507.6171875,38525.13671875,38745.171875,38745.171875,39028.17578125,39087.03125,39304.83984375,39846.06640625,38561.53
2020-11-11 12:45,38400.453125,38926.296875,39126.82421875,39390.671875,39391.79296875,39595.27734375,39595.27734375,39832.38671875,39854.5625,40048.078125,40573.0546875,39337.664
2020-11-11 13:00,38960.5078125,39484.35546875,39673.9453125,39983.03515625,39996.92578125,40227.52734375,40227.52734375,40479.6953125,40493.0234375,40683.953125,41238.19140625,39614.336
2020-11-11 13:15,38577.74609375,39214.359375,39485.4453125,39908.9921875,39964.21875,40240.31640625,40269.75,40596.97265625,40663.609375,40900.29296875,41525.30859375,39794.33
2020-11-11 13:30,38658.64453125,39308.71484375,39585.12109375,39974.8359375,40002.05859375,40248.23828125,40269.234375,40579.94140625,40641.859375,40883.375,41492.55078125,39784.53
2020-11-11 13:45,38409.23046875,39106.32421875,39402.1796875,39838.00390625,39838.00390625,40082.1484375,40082.1484375,40409.984375,40478.203125,40708.87109375,41283.49609375,39641.19
2020-11-11 14:00,38932.4921875,39488.1484375,39750.75390625,40046.890625,40058.8984375,40272.15625,40272.15625,40488.5625,40526.0390625,40744.87109375,41327.234375,39261.4
2020-11-11 14:15,37018.109375,37771.98046875,38243.78515625,38749.83203125,38779.4296875,39110.8515625,39205.02734375,39536.51953125,39687.23828125,39986.24609375,40656.453125,38575.53
2020-11-11 14:30,36750.32421875,37427.33203125,37858.375,38171.6875,38171.6875,38367.90625,38405.2265625,38656.59765625,38763.86328125,39023.59375,39641.66796875,37875.26
2020-11-11 14:45,35912.515625,36551.7421875,36958.3125,37232.19140625,37232.19140625,37380.95703125,37380.95703125,37596.859375,37708.84765625,37959.1640625,38550.5703125,36778.664
2020-11-11 15:00,34725.44140625,35312.37109375,35754.51953125,35967.84765625,35967.84765625,36108.74609375,36111.875,36302.48046875,36450.74609375,36686.46484375,37257.46484375,35594.13
2020-11-11 15:15,33097.84375,33659.4296875,34213.88671875,34353.67578125,34374.84765625,34545.5234375,34593.1484375,34793.7265625,34996.1484375,35248.36328125,35809.28515625,34267.062
2020-11-11 15:30,31758.69921875,32190.9921875,32712.78515625,32772.4609375,32808.26171875,32964.15234375,32990.19921875,33189.3671875,33371.40625,33643.43359375,34180.53515625,32602.598
2020-11-11 15:45,30200.671875,30473.03125,30917.5078125,30946.859375,30968.26953125,31136.66015625,31136.66015625,31360.0234375,31492.453125,31780.58203125,32273.84375,30482.133
2020-11-11 16:00,27915.9765625,28102.21875,28581.98828125,28581.98828125,28606.62109375,28802.94921875,28817.59765625,29153.85546875,29252.51171875,29564.375,30016.55078125,28066.332
2020-11-11 16:15,25023.361328125,25196.828125,25729.908203125,25757.29296875,25852.91796875,26081.984375,26174.1796875,26601.9765625,26687.73046875,27068.32421875,27565.63671875,25660.668
2020-11-11 16:30,22482.71875,22642.34375,22993.38671875,23099.79296875,23146.26171875,23336.5859375,23419.015625,23788.84375,23811.25,24205.7265625,24780.3046875,23018.664
2020-11-11 16:45,19490.9609375,19689.7109375,19892.517578125,20068.927734375,20085.2109375,20230.1953125,20348.41015625,20572.751953125,20618.126953125,20976.265625,21593.63671875,20046.0
2020-11-11 17:00,16255.3583984375,16522.80859375,16665.83203125,16782.6875,16799.59375,16927.74609375,17063.986328125,17182.220703125,17270.63671875,17585.04296875,18140.83203125,16655.266
2020-11-11 17:15,12518.734375,12893.462890625,13098.958984375,13139.3046875,13219.30078125,13396.111328125,13516.078125,13637.9306640625,13801.123046875,14118.072265625,14524.953125,12299.465
2020-11-11 17:30,7187.33349609375,7630.6513671875,7941.0576171875,8156.26171875,8312.873046875,8539.7373046875,8716.7431640625,8904.6044921875,9203.2041015625,9603.87890625,9966.3193359375,6416.1997
2020-11-11 17:45,2514.5009765625,2750.31884765625,2929.759765625,3333.4462890625,3413.05615234375,3665.2041015625,3796.71240234375,3990.70849609375,4289.603515625,4636.91748046875,4980.75830078125,2872.1997
2020-11-11 18:00,992.791015625,1031.4921875,1118.0107421875,1364.162109375,1415.60546875,1588.7294921875,1616.32275390625,1662.04931640625,1905.2685546875,2024.19873046875,2111.66552734375,849.667
2020-11-11 18:15,0.0,0.0,45.4970703125,264.865234375,293.2177734375,390.0986328125,390.0986328125,390.0986328125,676.970703125,683.609375,683.609375,33.132812
2020-11-12 08:45,89.8681640625,279.771484375,461.1015625,627.9716796875,712.955078125,842.857421875,942.4697265625,1014.9833984375,1299.8134765625,1549.51904296875,1581.60595703125,1161.5996
2020-11-12 09:00,1824.693359375,2221.435546875,2421.99853515625,2634.47314453125,2842.90966796875,2993.5322265625,3187.7216796875,3245.9931640625,3594.03271484375,3937.21484375,4048.05615234375,3043.9326
2020-11-12 09:15,4671.978515625,5303.43798828125,5570.81982421875,5884.375,6109.71875,6324.1181640625,6505.36083984375,6649.8466796875,6978.693359375,7436.54296875,7717.9208984375,6085.9326
2020-11-12 09:30,9300.4853515625,9930.04296875,10359.810546875,10636.9130859375,10814.1259765625,11195.10546875,11247.5390625,11482.22265625,11768.427734375,12205.28125,12508.689453125,11990.266
2020-11-12 09:45,14502.7724609375,15149.099609375,15929.486328125,16237.41796875,16568.2890625,16806.509765625,16856.45703125,17084.36328125,17357.27734375,17814.517578125,17999.0,16134.533
2020-11-12 10:00,14105.1162109375,14997.013671875,16148.4248046875,16832.654296875,17639.87109375,18166.421875,18535.134765625,19054.25,19520.3203125,20557.9296875,21120.3828125,19279.4
2020-11-12 10:15,19946.234375,20797.455078125,21884.921875,22704.6875,23220.58984375,23639.234375,23729.533203125,24266.0703125,24579.4375,25197.400390625,25772.822265625,21017.734
2020-11-12 10:30,16671.595703125,18086.61328125,20432.91015625,21759.1328125,22669.302734375,23464.939453125,24264.0390625,25135.6328125,25997.2890625,27189.3203125,27857.0703125,19414.664
2020-11-12 10:45,13304.78125,14901.818359375,17542.1015625,18481.44921875,20220.740234375,21288.771484375,22760.1171875,24137.6875,25735.427734375,27931.875,29398.61328125,28336.664
2020-11-12 11:00,22962.197265625,23936.0546875,26499.66796875,28023.0625,29622.22265625,30518.47265625,31035.92578125,32019.26953125,32844.1640625,33788.140625,34656.90625,30621.332
2020-11-12 11:15,27782.2578125,29328.49609375,31506.60546875,32379.015625,33035.0,33388.33984375,33714.51953125,34077.5234375,34399.8671875,35453.89453125,35903.7890625,32492.598
2020-11-12 11:30,31038.9296875,32449.24609375,33906.00390625,34331.58203125,34675.23828125,34907.0859375,35050.3203125,35304.3671875,35447.9140625,36054.97265625,36615.66015625,34082.066
2020-11-12 11:45,30504.58203125,32089.33984375,33615.5625,34387.9296875,34726.70703125,35166.734375,35418.09765625,35935.84765625,36326.9453125,37042.0,37718.6484375,35363.195
2020-11-12 12:00,33871.61328125,35139.203125,36196.01953125,36644.7421875,36796.3984375,37109.55859375,37148.53125,37473.3515625,37632.5703125,38106.4765625,38680.00390625,36082.332
2020-11-12 12:15,33381.953125,34811.03515625,35956.70703125,36604.65234375,36802.71875,37204.1796875,37343.07421875,37791.984375,38074.57421875,38635.90625,39272.5,23801.467
2020-11-12 12:30,12702.576171875,15347.2138671875,18704.802734375,20616.931640625,22552.375,24708.28515625,26789.91015625,29802.05078125,32220.23046875,34820.1875,36804.4453125,25748.4
2020-11-12 12:45,21042.2578125,22554.966796875,25194.287109375,26683.37109375,27689.8984375,29026.2421875,30048.67578125,31602.13671875,33552.96484375,36677.6953125,38730.84375,21842.0
2020-11-12 13:00,14298.3203125,15781.5234375,17434.771484375,19013.76953125,20347.212890625,21778.20703125,22717.9375,24447.26171875,26570.046875,30672.296875,33243.05859375,18518.2
2020-11-12 13:15,15047.486328125,15887.560546875,17265.09375,18058.1171875,18753.83203125,19770.599609375,20510.47265625,21491.97265625,22811.1015625,25994.87890625,27919.12890625,18071.934
2020-11-12 13:30,15077.07421875,15652.8203125,16804.046875,17344.658203125,17775.037109375,18483.78515625,18946.306640625,19321.595703125,20109.19140625,21992.8828125,23464.9609375,19790.4
2020-11-12 13:45,16622.58984375,17986.53125,19664.04296875,20559.7421875,21179.103515625,21961.51171875,22413.82421875,23228.64453125,23904.12890625,25496.62109375,26716.48828125,18279.266
2020-11-12 14:00,14878.390625,15492.306640625,16746.658203125,17538.109375,18062.10546875,18713.244140625,19178.69140625,19579.73046875,20353.15625,21712.671875,23204.37109375,17809.8
2020-11-12 14:15,15968.5595703125,16628.609375,17583.681640625,17971.05859375,18283.421875,18761.17578125,19009.0546875,19304.369140625,19781.1171875,20585.55078125,21573.79296875,16923.467
2020-11-12 14:30,14868.23046875,15378.498046875,16144.734375,16655.3671875,16897.84765625,17332.263671875,17522.330078125,17722.08203125,18160.154296875,18658.509765625,19780.271484375,16603.064
2020-11-12 14:45,15315.095703125,15791.72265625,16325.71484375,16682.994140625,16805.142578125,17123.60546875,17195.71875,17372.767578125,17735.1875,18095.26953125,19046.521484375,16725.2
2020-11-12 15:00,16033.8095703125,16396.80078125,16771.7890625,17051.1640625,17155.92578125,17406.517578125,17473.30078125,17656.228515625,17942.296875,18326.5546875,19381.3125,16807.668
2020-11-12 15:15,16745.744140625,16993.13671875,17295.365234375,17486.345703125,17648.09765625,17838.705078125,17944.521484375,18153.8046875,18401.70703125,18873.171875,20006.29296875,16622.932
2020-11-12 15:30,16651.2734375,16814.86328125,17076.8828125,17271.453125,17463.01171875,17608.4140625,17749.92578125,17950.83203125,18236.625,18779.26953125,19955.53515625,18045.135
2020-11-12 15:45,17879.0546875,18281.38671875,18667.984375,18999.89453125,19295.99609375,19448.23046875,19662.078125,20061.36328125,20448.3515625,21311.5390625,22527.71875,18499.998
2020-11-12 16:00,18457.26171875,18738.96484375,19088.44921875,19323.8515625,19617.2890625,19678.013671875,19957.6015625,20323.1953125,20697.322265625,21677.64453125,22956.90625,18876.799
2020-11-12 16:15,19070.8125,19506.99609375,19909.6953125,20115.8125,20425.2265625,20497.05078125,20757.767578125,21205.91796875,21598.251953125,22587.828125,23779.763671875,20168.531
2020-11-12 16:30,20029.828125,20649.482421875,21157.9375,21482.94140625,21861.83203125,22009.42578125,22228.81640625,22740.06640625,23189.68359375,24082.28515625,25236.9375,21320.197
2020-11-12 16:45,20071.859375,20578.609375,20927.1171875,21206.0,21499.50390625,21623.826171875,21773.736328125,22073.447265625,22365.4453125,23016.39453125,23953.9296875,17897.799
2020-11-12 17:00,11780.703125,12419.904296875,13483.9609375,14388.509765625,14822.912109375,15463.4794921875,16066.3994140625,16668.103515625,17534.83984375,18417.958984375,19303.7109375,14224.932
2020-11-12 17:15,8564.220703125,9051.8388671875,9580.5869140625,10103.94921875,10344.5986328125,10700.990234375,11099.326171875,11577.2939453125,12224.205078125,13134.4072265625,13926.26953125,9906.733
2020-11-12 17:30,4766.908203125,5078.00927734375,5392.54248046875,5734.169921875,5926.9990234375,6065.74169921875,6390.080078125,6667.19140625,7124.14453125,7867.6689453125,8464.271484375,4230.8667
2020-11-12 17:45,1582.0361328125,1630.5654296875,1751.6376953125,2073.3671875,2119.93115234375,2299.54150390625,2439.55517578125,2596.23876953125,2909.74755859375,3315.11865234375,3694.484375,1742.4663
2020-11-12 18:00,482.16015625,482.16015625,557.712890625,753.1650390625,792.6142578125,906.10546875,930.1689453125,949.609375,1217.783203125,1323.7587890625,1367.6259765625,624.1328
2020-11-12 18:15,0.0,0.0,0.0,70.1171875,118.9208984375,155.396484375,155.396484375,155.396484375,434.9501953125,446.84765625,446.84765625,35.19922
2020-11-13 08:45,0.0,184.9169921875,369.6201171875,514.5146484375,619.134765625,726.119140625,824.78515625,886.3505859375,1165.130859375,1424.1162109375,1480.9423828125,681.1328
2020-11-13 09:00,1211.1181640625,1576.74462890625,1761.2353515625,1918.15869140625,2123.1455078125,2233.2265625,2411.3291015625,2443.505859375,2761.126953125,3109.78759765625,3251.10009765625,2738.5996
2020-11-13 09:15,4821.2412109375,5481.8857421875,5735.7099609375,6009.8779296875,6302.79931640625,6502.16796875,6711.5693359375,6815.4443359375,7167.55859375,7616.6162109375,7907.28515625,5897.7324
2020-11-13 09:30,9127.2783203125,9776.96875,10173.1083984375,10406.6728515625,10599.568359375,10971.03515625,11039.853515625,11253.998046875,11538.501953125,12036.115234375,12401.1005859375,11947.666
2020-11-13 09:45,14592.67578125,15261.3271484375,16056.5556640625,16380.380859375,16733.896484375,16979.34765625,17017.966796875,17251.03125,17533.30859375,18027.35546875,18266.1484375,16460.0
2020-11-13 10:00,15733.09765625,16491.62109375,17457.865234375,17898.8984375,18563.095703125,18943.83984375,19178.38671875,19578.34765625,19861.29296875,20769.05078125,21213.078125,19950.2
2020-11-13 10:15,21370.2265625,21989.298828125,22800.42578125,23394.3984375,23760.431640625,24062.712890625,24062.712890625,24437.38671875,24579.16796875,25077.02734375,25515.05859375,23015.266
2020-11-13 10:30,21559.0390625,22554.77734375,23976.01171875,24798.65625,25343.17578125,25738.4140625,26141.8125,26650.671875,27029.03515625,27851.8671875,28273.7421875,25936.998
2020-11-13 10:45,27343.89453125,27990.0234375,28695.9921875,28873.19140625,29081.68359375,29134.62890625,29271.19921875,29490.8984375,29498.51171875,30010.19140625,30333.2890625,28410.266
2020-11-13 11:00,28749.23828125,29508.77734375,30245.5390625,30476.09375,30667.1953125,30853.6796875,31053.48828125,31354.578125,31454.33984375,31968.41015625,32288.62890625,30486.8
2020-11-13 11:15,30923.08203125,31640.95703125,32235.96484375,32399.609375,32504.703125,32688.30859375,32822.79296875,33123.9140625,33204.41015625,33660.15234375,34027.51953125,32365.465
2020-11-13 11:30,32345.29296875,33069.72265625,33597.9140625,33802.93359375,33882.40234375,34083.97265625,34168.42578125,34489.28125,34600.03515625,35020.58203125,35436.484375,33973.33
2020-11-13 11:45,34431.6328125,35023.328125,35375.03515625,35526.4453125,35540.37109375,35710.71484375,35710.71484375,35964.59765625,36014.67578125,36338.296875,36747.89453125,35407.332
2020-11-13 12:00,35588.6953125,36174.671875,36493.59375,36697.07421875,36699.8125,36912.4921875,36912.4921875,37185.1328125,37219.69140625,37508.6484375,37968.0234375,36732.8
2020-11-13 12:15,36591.28515625,37184.5078125,37482.6328125,37725.4296875,37735.97265625,37968.84375,37968.84375,38241.48046875,38282.46875,38541.51171875,39051.359375,37816.996
2020-11-13 12:30,37423.484375,38022.6015625,38294.79296875,38575.6953125,38582.87890625,38815.4609375,38815.4609375,39086.31640625,39127.6640625,39374.953125,39906.46484375,38587.863
2020-11-13 12:45,38310.42578125,38867.5078125,39088.33203125,39376.05078125,39376.05078125,39591.078125,39591.078125,39835.125,39853.7890625,40074.12890625,40601.14453125,37748.266
2020-11-13 13:00,35370.4375,36267.96875,36996.015625,37731.96875,37919.81640625,38369.95703125,38594.2421875,39143.22265625,39427.140625,39855.32421875,40596.51171875,31087.398
2020-11-13 13:15,19349.51171875,21308.966796875,24727.755859375,26460.890625,28078.265625,29495.91015625,31072.87890625,33142.96875,34606.21875,36422.62109375,38192.109375,27816.934
2020-11-13 13:30,22366.796875,22861.904296875,23975.32421875,24891.421875,25581.43359375,26014.80078125,26916.97265625,27860.546875,29089.59765625,32085.3046875,34283.15625,25815.332
2020-11-13 13:45,22833.009765625,22877.1171875,23308.8828125,23869.9453125,24111.90625,24145.189453125,24373.73828125,24695.0625,25440.58203125,27699.0546875,29713.87890625,19510.332
2020-11-13 14:00,14830.63671875,15304.33203125,16133.046875,17809.3359375,18049.78515625,18636.05859375,19053.8671875,19879.19921875,20928.5390625,22855.33203125,24951.15234375,15559.133
2020-11-13 14:15,12565.4599609375,13075.982421875,13948.4853515625,14981.701171875,14998.40625,15485.94921875,15638.0224609375,16000.5693359375,16690.533203125,17537.4375,18554.79296875,13982.799
2020-11-13 14:30,11108.7333984375,11876.25,12658.380859375,13453.0986328125,13481.607421875,14028.375,14142.888671875,14357.7685546875,14757.296875,15110.423828125,15789.892578125,11983.732
2020-11-13 14:45,9503.947265625,10230.9404296875,10886.4873046875,11554.216796875,11622.7216796875,12137.388671875,12261.8369140625,12425.056640625,12776.646484375,13090.5341796875,13763.580078125,11882.533
2020-11-13 15:00,10311.357421875,10817.458984375,11307.24609375,11775.3095703125,11885.8525390625,12313.068359375,12421.95703125,12560.8388671875,12934.033203125,13377.9052734375,14115.78125,11818.932
2020-11-13 15:15,10840.1728515625,11120.1943359375,11440.8408203125,11826.8349609375,11965.3974609375,12280.5390625,12404.8232421875,12531.87109375,12856.5400390625,13379.064453125,14353.3359375,12893.199
2020-11-13 15:30,12847.53515625,13055.4482421875,13267.0771484375,13601.119140625,13781.541015625,14019.26953125,14158.1875,14364.45703125,14723.134765625,15402.091796875,16491.583984375,13983.666
2020-11-13 15:45,14203.591796875,14268.7998046875,14368.76953125,14669.0400390625,14860.771484375,14980.7119140625,15153.8046875,15380.353515625,15722.802734375,16559.484375,17847.3984375,17624.666
2020-11-13 16:00,17209.630859375,17911.33203125,18773.7265625,19665.94921875,20417.34765625,20761.87109375,21275.353515625,22153.4765625,22938.59765625,24378.36328125,25952.904296875,18849.266
2020-11-13 16:15,18939.09375,19494.87890625,20223.404296875,20627.314453125,21107.98046875,21232.822265625,21687.693359375,22257.134765625,22918.08984375,24376.6640625,25837.7890625,25962.732
2020-11-13 16:30,22332.12109375,23280.99609375,24768.47265625,26062.359375,27017.453125,27654.71484375,27890.7421875,28796.57421875,29680.1796875,30637.484375,32196.11328125,23309.266
2020-11-13 16:45,14691.4111328125,15897.759765625,18372.625,19588.169921875,20670.75390625,21504.912109375,22375.203125,23308.40234375,24429.927734375,25924.91015625,26983.67578125,20166.2
2020-11-13 17:00,15329.615234375,15952.4765625,17021.9296875,17488.744140625,17969.59765625,18352.83984375,18904.47265625,19420.21875,20055.072265625,21268.583984375,22361.98828125,16428.799
2020-11-13 17:15,10292.3271484375,10738.5029296875,11570.5400390625,12075.447265625,12455.9853515625,12929.8408203125,13480.591796875,13942.82421875,14739.943359375,15868.9912109375,16818.763671875,11525.399
2020-11-13 17:30,5890.03857421875,6225.572265625,6662.404296875,7050.52392578125,7274.1259765625,7519.33203125,7918.8779296875,8271.9521484375,8855.1337890625,9873.4384765625,10669.5439453125,5591.5327
2020-11-13 17:45,2249.6171875,2297.0810546875,2442.8798828125,2799.15966796875,2875.42578125,3068.92822265625,3281.74267578125,3474.87548828125,3811.9130859375,4441.88037109375,5024.2568359375,2341.3994
2020-11-13 18:00,908.033203125,908.033203125,918.0009765625,1129.7216796875,1177.1982421875,1324.13671875,1380.3388671875,1407.9052734375,1638.64404296875,1846.6142578125,2025.82861328125,329.0664
2020-11-14 08:45,58.8330078125,219.8740234375,405.6376953125,567.4619140625,657.9580078125,766.79296875,863.345703125,921.8564453125,1206.79296875,1462.5380859375,1507.40576171875,760.9326
2020-11-14 09:00,1232.4248046875,1547.86865234375,1741.90869140625,1933.37744140625,2119.1826171875,2243.36083984375,2417.33642578125,2461.05859375,2789.7158203125,3134.70166015625,3257.06298828125,2258.0664
2020-11-14 09:15,3396.16357421875,3951.22705078125,4198.8037109375,4464.25390625,4711.61767578125,4879.67626953125,5091.4736328125,5198.77099609375,5553.2001953125,6023.728515625,6293.302734375,4747.3994
2020-11-14 09:30,7253.7763671875,7890.9775390625,8281.5556640625,8632.490234375,8851.279296875,9201.607421875,9320.2841796875,9569.3916015625,9899.2724609375,10422.7998046875,10836.2470703125,10163.2
2020-11-14 09:45,12378.4541015625,13174.474609375,14092.6484375,14609.6083984375,15020.0390625,15436.9892578125,15596.037109375,15934.0087890625,16328.3779296875,16902.45703125,17249.6484375,15865.0
2020-11-14 10:00,16617.42578125,17274.138671875,18115.658203125,18337.34765625,18729.68359375,18877.90625,18903.125,19137.5,19242.68359375,19864.84375,20072.638671875,18951.732
2020-11-14 10:15,20795.75390625,21309.162109375,21893.4765625,22077.984375,22201.109375,22354.44921875,22354.44921875,22513.01953125,22552.53515625,22858.669921875,22982.14453125,17894.6
2020-11-14 10:30,11858.734375,13359.1845703125,16041.52734375,17199.990234375,18465.65625,19797.63671875,20932.59375,22280.71484375,23633.59375,24976.82421875,25853.142578125,26850.73
2020-11-14 10:45,20993.703125,22085.03515625,24723.755859375,26398.3828125,27789.08203125,28654.5078125,29167.5703125,30105.5078125,30907.42578125,31709.828125,32503.6875,26031.865
2020-11-14 11:00,18176.345703125,20098.6171875,23721.87109375,25415.1015625,26644.0078125,27586.078125,28507.96875,29654.28515625,30695.62109375,32273.10546875,33113.01953125,23598.467
2020-11-14 11:15,16250.744140625,17986.5,21295.37890625,22449.890625,23846.8046875,25102.3125,26463.62109375,28118.6875,29688.38671875,32044.859375,33662.5078125,29016.133
2020-11-14 11:30,22891.8046875,24393.21484375,26824.12890625,28228.41015625,29208.3828125,30391.015625,31096.58203125,32004.59375,32997.3515625,34601.4140625,35942.40234375,34160.867
2020-11-14 11:45,26738.46875,28756.5546875,31546.55859375,32964.8359375,34000.78515625,34971.28515625,35378.28125,35899.91796875,36632.5078125,37721.30078125,38584.09765625,35485.734
2020-11-14 12:00,30800.14453125,32880.015625,35003.046875,35871.45703125,36420.4765625,36796.8671875,37137.67578125,37462.62109375,37792.14453125,38714.80078125,39299.49609375,36734.8
2020-11-14 12:15,33803.19921875,35540.46484375,36934.23828125,37400.0703125,37677.375,37936.1953125,38048.1484375,38347.7265625,38518.73046875,39061.296875,39637.2578125,37649.066
2020-11-14 12:30,34709.640625,36350.21875,37492.671875,38016.57421875,38232.671875,38540.2578125,38626.59375,39025.48046875,39243.0078125,39747.21875,40329.13671875,38620.863
2020-11-14 12:45,36480.0703125,37884.546875,38770.6328125,39187.203125,39331.2265625,39594.7421875,39594.7421875,39877.953125,39998.09765625,40373.26953125,40891.6640625,39235.4
2020-11-14 13:00,36912.9375,38296.19140625,39113.875,39614.375,39746.27734375,40045.4453125,40045.4453125,40394.91015625,40523.09375,40899.00390625,41438.41796875,39479.867
2020-11-14 13:15,36869.66015625,38254.52734375,39068.1796875,39618.734375,39756.23046875,40081.39453125,40094.10546875,40486.6015625,40649.46484375,41030.15625,41618.62109375,39724.465
2020-11-14 13:30,37057.8203125,38395.41015625,39151.9296875,39669.765625,39780.25390625,40073.6171875,40074.40625,40431.76171875,40586.96484375,40945.89453125,41519.89453125,39897.0
2020-11-14 13:45,37260.10546875,38542.20703125,39246.234375,39754.82421875,39842.5,40109.25,40109.25,40408.0390625,40548.60546875,40864.70703125,41390.99609375,39880.2
2020-11-14 14:00,37772.42578125,38920.67578125,39557.5234375,39979.3828125,40057.69140625,40304.58984375,40304.58984375,40530.26171875,40632.1875,40928.03125,41454.76171875,39401.2
2020-11-14 14:15,36008.8671875,37315.05859375,38114.625,38749.9609375,38852.6796875,39214.87109375,39275.16015625,39656.6328125,39887.2265625,40263.60546875,40893.21484375,38910.066
2020-11-14 14:30,35948.625,37139.8125,37834.1796875,38272.79296875,38322.22265625,38583.7578125,38595.515625,38880.765625,39056.6640625,39374.08203125,39964.0078125,38009.8
2020-11-14 14:45,34905.66015625,36079.46875,36761.6953125,37177.03515625,37223.78125,37467.734375,37475.14453125,37741.30859375,37933.33203125,38252.44921875,38836.3203125,36719.664
2020-11-14 15:00,33256.46484375,34401.03125,35162.34375,35523.31640625,35596.12109375,35832.66796875,35870.0546875,36154.4609375,36396.2109375,36723.91015625,37299.41796875,35190.664
2020-11-14 15:15,31437.203125,32490.90625,33341.8671875,33595.1015625,33750.4375,33967.5703125,34050.3125,34355.625,34628.3828125,34990.5078125,35563.87890625,33538.0
2020-11-14 15:30,30027.93359375,30850.71484375,31616.6484375,31771.40234375,31955.46484375,32143.9453125,32213.984375,32511.57421875,32721.51171875,33121.234375,33681.8515625,31647.863
2020-11-14 15:45,28476.2734375,29061.94921875,29724.0390625,29803.91796875,29979.36328125,30149.6015625,30196.9453125,30528.12109375,30664.34375,31095.5546875,31625.4140625,29657.398
2020-11-14 16:00,26481.0859375,26906.9765625,27528.02734375,27549.03125,27723.6953125,27886.453125,27927.05078125,28333.49609375,28413.734375,28858.8125,29382.19140625,26957.2
2020-11-14 16:15,23200.44140625,23539.859375,24262.9375,24418.248046875,24684.3125,24905.88671875,25073.052734375,25585.3828125,25770.57421875,26357.9453125,26975.953125,25030.467
2020-11-14 16:30,21579.84765625,21883.23046875,22285.30859375,22483.361328125,22579.33984375,22709.95703125,22738.47265625,23125.6953125,23165.03515625,23681.421875,24356.44140625,21866.598
2020-11-14 16:45,17643.48828125,17944.7578125,18359.98828125,18788.61328125,18903.501953125,19119.640625,19280.94140625,19574.314453125,19823.765625,20376.634765625,21132.1484375,18146.0
2020-11-14 17:00,13455.2724609375,13876.60546875,14206.73828125,14613.634765625,14710.2578125,14941.7890625,15114.76171875,15345.767578125,15681.439453125,16271.6279296875,17018.048828125,15203.066
2020-11-14 17:15,10958.431640625,11492.8974609375,11736.5947265625,11759.9794921875,11924.025390625,12029.62109375,12112.716796875,12231.8046875,12420.46484375,12901.1689453125,13455.490234375,9317.666
2020-11-14 17:30,4649.1279296875,5104.744140625,5414.42236328125,5856.80615234375,6006.046875,6286.6630859375,6483.2470703125,6703.0439453125,7082.2294921875,7591.14208984375,8204.3740234375,4601.4663
2020-11-14 17:45,1993.58056640625,2096.26904296875,2213.89404296875,2566.85888671875,2605.0205078125,2805.59375,2847.255859375,2949.29296875,3181.8564453125,3490.1142578125,3839.88525390625,1984.5991
2020-11-14 18:00,686.5703125,686.5703125,732.4423828125,998.4306640625,1012.8740234375,1187.1689453125,1187.1689453125,1187.1689453125,1421.984375,1519.98486328125,1618.3955078125,355.667
2020-11-15 08:45,31.7060546875,183.4765625,385.3037109375,537.5908203125,638.21875,730.7607421875,843.4482421875,878.3134765625,1186.16796875,1456.3037109375,1522.6533203125,0.0
2020-11-15 09:00,402.69921875,609.337890625,816.9677734375,949.642578125,1105.7333984375,1192.0673828125,1338.1318359375,1347.85546875,1663.3935546875,2001.0263671875,2145.197265625,0.0
2020-11-15 09:15,544.5498046875,828.6826171875,1076.185546875,1165.0048828125,1378.9833984375,1469.83056640625,1642.40087890625,1644.63671875,1977.380859375,2391.611328125,2623.7685546875,0.0
2020-11-15 09:30,541.8232421875,855.5556640625,1215.353515625,1260.185546875,1567.9912109375,1698.52001953125,1865.423828125,1870.287109375,2213.47314453125,2663.2451171875,2975.71142578125,0.0
2020-11-15 09:45,287.2060546875,512.4375,908.75,939.0986328125,1295.8896484375,1498.98974609375,1609.31982421875,1633.09130859375,1889.6875,2287.75244140625,2693.15185546875,0.0
2020-11-15 10:00,137.7861328125,347.34375,678.244140625,678.244140625,981.6337890625,1194.6923828125,1252.310546875,1273.2509765625,1431.81640625,1729.84619140625,2211.5029296875,0.0
2020-11-15 10:15,202.9814453125,385.7626953125,676.1806640625,676.1806640625,948.62109375,1162.7880859375,1180.2001953125,1217.857421875,1379.7841796875,1629.7421875,2014.61328125,0.0
2020-11-15 10:30,0.0,0.0,310.3466796875,310.3466796875,556.9072265625,792.9052734375,792.9052734375,837.98046875,926.8720703125,1153.9609375,1489.0078125,0.0
2020-11-15 10:45,0.0,93.1640625,416.35546875,416.35546875,572.970703125,837.6044921875,837.6044921875,846.82421875,867.19921875,1036.873046875,1306.7080078125,0.0
2020-11-15 11:00,0.0,88.8125,394.1318359375,394.1318359375,551.0400390625,852.91015625,852.91015625,885.6611328125,910.001953125,1056.283203125,1290.6640625,0.0
2020-11-15 11:15,0.0,19.275390625,310.19921875,310.19921875,516.3037109375,823.8095703125,823.8095703125,890.1484375,937.4501953125,1121.2392578125,1299.9384765625,0.0
2020-11-15 11:30,0.0,4.3046875,352.517578125,352.517578125,541.9267578125,855.2265625,855.2265625,914.9873046875,914.9873046875,1085.42578125,1254.8369140625,0.0
2020-11-15 11:45,173.1337890625,240.455078125,612.1533203125,612.1533203125,749.662109375,1093.1484375,1093.1484375,1114.876953125,1114.876953125,1198.748046875,1393.2724609375,0.0
2020-11-15 12:00,294.021484375,336.390625,675.5361328125,684.806640625,803.7958984375,1163.1875,1163.1875,1163.1875,1163.1875,1192.3916015625,1429.4033203125,0.0
2020-11-15 12:15,363.6982421875,363.6982421875,593.61328125,628.0107421875,768.3828125,1137.9736328125,1137.9736328125,1137.9736328125,1137.9736328125,1235.78515625,1414.40234375,0.0
2020-11-15 12:30,548.3564453125,551.4150390625,854.1005859375,854.1005859375,1047.396484375,1400.5771484375,1400.5771484375,1400.5771484375,1400.5771484375,1400.5771484375,1642.88671875,69.66699
2020-11-15 12:45,852.0390625,852.0390625,979.7109375,1001.0615234375,1202.1201171875,1612.1162109375,1612.1162109375,1612.1162109375,1612.1162109375,1612.1162109375,1753.95361328125,1718.7993
2020-11-15 13:00,1556.44921875,1595.1552734375,1901.82275390625,2176.23779296875,2467.298828125,3009.818359375,3009.818359375,3009.818359375,3244.27294921875,3393.67431640625,3766.61279296875,9505.467
2020-11-15 13:15,7160.37841796875,8199.4287109375,10585.455078125,12942.875,14806.337890625,16344.818359375,17218.306640625,18690.60546875,20603.4453125,21476.28515625,22816.6328125,15145.266
2020-11-15 13:30,12316.6005859375,13667.111328125,15891.51953125,17324.490234375,18278.970703125,19068.80859375,19868.6953125,20705.6875,22323.140625,23981.26171875,25300.06640625,15576.666
2020-11-15 13:45,9718.78125,10834.4150390625,13004.85546875,14336.896484375,15193.669921875,16545.71875,17403.37109375,18479.6953125,20070.33984375,22091.41796875,23667.80078125,14992.732
2020-11-15 14:00,11949.45703125,12393.501953125,13716.314453125,14260.5078125,14786.5615234375,15843.275390625,16466.75390625,17145.390625,18476.3515625,20341.646484375,21816.5234375,15185.0
2020-11-15 14:15,11717.2158203125,12271.9208984375,13381.6015625,14104.677734375,14551.25,15403.162109375,15881.0224609375,16547.34765625,17531.7734375,19256.53515625,20970.3203125,14612.133
2020-11-15 14:30,12244.587890625,12684.0478515625,13584.025390625,14080.798828125,14292.5244140625,14849.6787109375,15064.431640625,15583.2802734375,16381.28515625,17718.9140625,19239.3125,14744.799
2020-11-15 14:45,13076.0,13495.6708984375,14154.048828125,14282.8828125,14282.8828125,14542.8203125,14542.8203125,14770.486328125,15302.2802734375,15991.38671875,17006.166015625,14196.732
2020-11-15 15:00,12600.2412109375,13165.90234375,13903.4326171875,14228.630859375,14377.6640625,14607.267578125,14746.3935546875,15030.0556640625,15411.2197265625,15827.5439453125,16850.0078125,18564.4
2020-11-15 15:15,14330.2265625,15654.697265625,17133.470703125,18437.96875,19222.48046875,19888.44921875,20408.001953125,21509.30859375,22362.65625,23338.41796875,24780.263671875,13750.066
2020-11-15 15:30,9346.595703125,9905.830078125,11234.39453125,12144.685546875,12964.6171875,13732.8291015625,14625.73046875,15543.3515625,16743.365234375,18318.595703125,19953.25,7255.9326
2020-11-15 15:45,4794.06005859375,5272.3779296875,5653.87890625,6439.142578125,6646.21484375,6990.435546875,7533.3232421875,8268.48828125,9241.9404296875,10665.8427734375,12078.94921875,16214.6
2020-11-15 16:00,9313.2236328125,10689.458984375,12849.4013671875,14774.9296875,16231.5341796875,17291.65625,18408.1015625,19690.384765625,21142.490234375,22408.36328125,23908.095703125,21791.064
2020-11-15 16:15,12436.958984375,14392.720703125,16774.75390625,18567.3515625,20015.49609375,20955.626953125,22321.1015625,23023.76171875,24244.037109375,26121.0625,27944.9765625,14117.799
2020-11-15 16:30,6243.5625,7162.8427734375,9292.5625,10370.7919921875,11382.98046875,12545.5107421875,13976.080078125,14852.4873046875,16430.19921875,18856.4375,20746.05078125,10036.666
2020-11-15 16:45,4806.36474609375,5431.16845703125,6496.27734375,7426.1982421875,7914.2529296875,8623.4150390625,9426.5576171875,10131.3447265625,11342.931640625,13280.384765625,15063.18359375,15151.666
2020-11-15 17:00,8319.5244140625,9585.888671875,11639.9130859375,13546.9326171875,14731.154296875,15860.705078125,16881.015625,18005.134765625,19173.2265625,20627.140625,22259.818359375,11742.865
2020-11-15 17:15,5571.64794921875,6112.205078125,7295.20751953125,8163.2900390625,8913.64453125,9714.3232421875,10481.4521484375,11116.833984375,12271.810546875,14076.0810546875,15665.970703125,6161.6665
2020-11-15 17:30,2826.9296875,2980.3544921875,3503.27978515625,3826.44189453125,4120.42822265625,4423.13671875,4877.25830078125,5271.3583984375,5989.08203125,7168.76806640625,8331.1884765625,3222.6665
2020-11-15 17:45,1655.55322265625,1655.55322265625,1844.751953125,2006.4970703125,2096.19921875,2198.31689453125,2416.87353515625,2596.29248046875,2901.208984375,3451.181640625,3960.0078125,1130.9326
2020-11-15 18:00,549.6904296875,549.6904296875,600.251953125,739.48828125,784.9365234375,874.89453125,914.546875,980.17578125,1241.822265625,1452.8173828125,1654.98095703125,109.73242
2020-11-16 09:00,42.9306640625,212.6298828125,403.9677734375,574.74609375,667.7451171875,782.6689453125,903.630859375,945.466796875,1240.013671875,1544.63916015625,1651.12646484375,815.5322
2020-11-16 09:15,850.4794921875,1146.986328125,1332.6611328125,1526.4013671875,1683.0205078125,1815.6240234375,2000.02587890625,2039.04541015625,2368.4853515625,2758.0830078125,2918.4091796875,3177.5996
2020-11-16 09:30,4596.498046875,5260.17138671875,5669.47314453125,6129.54296875,6475.8017578125,6792.6826171875,7078.3193359375,7252.8642578125,7713.97802734375,8245.5703125,8572.3017578125,6480.1323
2020-11-16 09:45,7946.6865234375,8683.490234375,9342.490234375,9845.1513671875,10105.216796875,10603.990234375,10806.740234375,11118.3427734375,11502.806640625,12190.0244140625,12674.3876953125,10457.133
2020-11-16 10:00,11556.1259765625,12381.2978515625,13251.2958984375,13508.521484375,13859.4169921875,14175.828125,14395.408203125,14668.771484375,14961.41796875,15717.982421875,16086.77734375,13301.066
2020-11-16 10:15,14487.798828125,15154.03125,16030.224609375,16131.0146484375,16453.94921875,16723.591796875,16913.408203125,17163.912109375,17413.455078125,18096.83984375,18364.609375,16023.932
2020-11-16 10:30,17572.173828125,18100.86328125,18740.279296875,18875.6015625,19133.544921875,19427.009765625,19589.734375,19818.65625,20068.0078125,20666.9921875,21004.53125,18968.666
2020-11-16 10:45,20873.41015625,21361.9921875,21837.5078125,21991.7578125,22151.12109375,22342.9375,22397.41796875,22591.2890625,22780.46875,23275.544921875,23641.732421875,21737.066
2020-11-16 11:00,23428.716796875,23960.521484375,24466.75390625,24642.2734375,24744.29296875,24871.25,24880.697265625,25056.43359375,25246.296875,25651.6328125,26001.4453125,24143.2
2020-11-16 11:15,25369.78515625,25956.16015625,26499.60546875,26681.85546875,26799.0546875,26916.296875,26971.5859375,27136.4375,27365.5078125,27766.01953125,28154.5546875,26262.996
2020-11-16 11:30,27219.5078125,27773.30859375,28255.08984375,28385.52734375,28499.96875,28603.67578125,28649.07421875,28792.26953125,29031.10546875,29403.95703125,29807.73828125,27986.8
2020-11-16 11:45,28944.609375,29441.16796875,29830.74609375,29909.7578125,29997.33984375,30080.49609375,30087.29296875,30203.1015625,30419.37109375,30740.66796875,31131.66796875,27492.93
2020-11-16 12:00,24689.265625,25573.2890625,26964.7421875,27606.32421875,28083.546875,28561.30078125,28986.37890625,29570.73046875,30279.22265625,30981.30078125,31669.515625,28055.332
2020-11-16 12:15,27234.33203125,27841.3359375,28722.52734375,28811.3671875,28925.9921875,29085.57421875,29261.67578125,29672.3046875,30052.84765625,30767.08984375,31460.57421875,28547.332
2020-11-16 12:30,27678.30859375,28184.08984375,28804.3046875,28826.125,28852.71484375,28934.01953125,28948.703125,29248.390625,29564.55078125,30186.86328125,30905.578125,29123.266
2020-11-16 12:45,28638.359375,29132.0546875,29540.53515625,29721.05859375,29721.05859375,29721.05859375,29721.05859375,29865.47265625,30144.34375,30713.21484375,31449.43359375,26770.398
2020-11-16 13:00,21417.5078125,22140.8046875,23877.736328125,24781.34765625,25441.98828125,25950.8828125,26454.1640625,27281.15625,28147.84765625,29226.98046875,30344.7265625,19329.666
2020-11-16 13:15,13474.078125,14328.345703125,15807.80078125,17132.98046875,18034.66015625,19011.294921875,19895.65625,20989.26953125,22471.662109375,24184.392578125,25760.666015625,19605.398
2020-11-16 13:30,14844.787109375,15940.294921875,17519.77734375,18348.296875,18743.33203125,19485.17578125,19710.70703125,20224.001953125,21147.375,22354.42578125,23250.16796875,21711.6
2020-11-16 13:45,17487.390625,18880.91015625,20504.52734375,21673.00390625,21969.01953125,22775.513671875,22918.56640625,23688.298828125,24412.50390625,25783.7890625,27074.83984375,21619.664
2020-11-16 14:00,18771.53125,19501.716796875,20679.58203125,21341.7890625,21576.34375,22025.1953125,22089.05078125,22584.845703125,23174.80078125,24358.04296875,25669.70703125,22133.0
2020-11-16 14:15,20077.85546875,21043.642578125,22168.171875,22780.6796875,22992.359375,23417.875,23477.3984375,24071.931640625,24530.392578125,25500.521484375,26615.03515625,27138.465
2020-11-16 14:30,23190.76171875,24950.6484375,27182.5,28757.80859375,29528.26953125,30546.67578125,31123.92578125,32310.41015625,33358.4140625,34642.2734375,36142.76953125,27852.996
2020-11-16 14:45,23027.38671875,24508.1015625,26642.90625,27446.1640625,27953.25390625,28577.91796875,29171.078125,29947.8125,30702.21875,32232.859375,33564.09375,27891.066
2020-11-16 15:00,23520.23828125,24968.46875,26537.21875,27153.9765625,27495.953125,27960.296875,28360.0234375,29082.4453125,29661.77734375,30966.69921875,32270.73828125,22502.998
2020-11-16 15:15,15296.685546875,16511.92578125,18698.802734375,20021.0078125,21111.87890625,22180.9296875,23092.685546875,24524.375,25988.515625,28163.05859375,29938.78125,23707.266
2020-11-16 15:30,16925.306640625,18603.9296875,20708.0625,22193.982421875,23037.365234375,23965.94921875,24643.484375,25977.515625,27062.49609375,29158.828125,30860.93359375,22691.531
2020-11-16 15:45,16637.060546875,17900.37890625,19381.8671875,20279.18359375,21036.4296875,21728.609375,22221.443359375,23097.39453125,24014.251953125,26051.9296875,27884.43359375,22031.135
2020-11-16 16:00,16584.18359375,17953.92578125,19243.23046875,20121.90625,20637.392578125,21122.2734375,21459.73046875,22180.26953125,22891.931640625,24529.53515625,26177.49609375,20053.467
2020-11-16 16:15,14478.541015625,15584.806640625,16714.126953125,17487.068359375,18020.8203125,18396.921875,18871.921875,19356.08203125,20114.181640625,21379.06640625,22841.4765625,16744.2
2020-11-16 16:30,12262.3720703125,13156.388671875,13918.650390625,14522.958984375,14811.689453125,15062.294921875,15485.4228515625,15764.69140625,16538.123046875,17615.09375,18802.759765625,14088.533
2020-11-16 16:45,10152.2001953125,10948.9189453125,11551.1533203125,11888.0283203125,12077.2080078125,12205.3896484375,12564.787109375,12653.0048828125,13226.44140625,14039.7421875,14961.228515625,8104.7993
2020-11-16 17:00,4512.44287109375,5080.54833984375,5517.3330078125,6079.2734375,6175.5224609375,6461.029296875,6769.54931640625,6984.2841796875,7590.8955078125,8229.6259765625,9103.779296875,6004.2
2020-11-16 17:15,3203.96728515625,3465.2607421875,3761.29931640625,4041.80615234375,4155.6474609375,4290.08251953125,4463.9189453125,4541.384765625,4861.53564453125,5325.705078125,5776.3583984375,5107.9326
2020-11-16 17:30,2537.69384765625,2675.8251953125,2910.4775390625,3144.587890625,3300.4619140625,3471.0654296875,3599.7724609375,3736.9716796875,4045.09765625,4495.56005859375,4741.33154296875,2674.8003
2020-11-16 17:45,971.8505859375,1006.158203125,1159.6865234375,1360.6396484375,1392.9970703125,1561.79931640625,1606.82373046875,1712.7568359375,2001.29150390625,2321.93798828125,2506.8984375,998.0664
2020-11-16 18:00,50.8720703125,81.779296875,207.2685546875,374.2392578125,374.2392578125,483.248046875,483.248046875,519.5390625,778.7041015625,937.525390625,988.556640625,123.33301
2020-11-17 09:00,92.5498046875,285.3076171875,462.2158203125,641.0498046875,730.9873046875,856.26171875,972.33984375,1030.7861328125,1309.7490234375,1613.86572265625,1717.30810546875,1009.4668
2020-11-17 09:15,1084.0166015625,1430.1328125,1603.9619140625,1821.23095703125,1984.44482421875,2140.08251953125,2318.91796875,2387.359375,2707.09912109375,3104.80322265625,3273.9462890625,2793.7324
2020-11-17 09:30,3495.36279296875,4121.73681640625,4406.2158203125,4805.5546875,5058.16259765625,5324.76123046875,5554.0634765625,5735.947265625,6123.1435546875,6672.322265625,7032.0693359375,4956.7993
2020-11-17 09:45,5931.0224609375,6645.80859375,7058.7724609375,7571.2578125,7784.57958984375,8198.9189453125,8407.9541015625,8739.6455078125,9107.267578125,9816.927734375,10426.701171875,8711.6
2020-11-17 10:00,10168.6455078125,11109.84375,11864.5869140625,12410.515625,12780.359375,13252.681640625,13550.521484375,13915.88671875,14314.62890625,15093.708984375,15719.650390625,10613.933
2020-11-17 10:15,10655.8681640625,11404.1298828125,12518.708984375,12878.6806640625,13350.982421875,13893.353515625,14305.3955078125,14765.13671875,15287.71484375,16320.5107421875,16867.3515625,13808.932
2020-11-17 10:30,14925.146484375,15606.890625,16279.65625,16523.80859375,16996.01171875,17374.388671875,17742.267578125,18034.6171875,18438.330078125,19426.98046875,20134.703125,16814.799
2020-11-17 10:45,17804.3984375,18530.078125,19219.05859375,19596.8125,19903.255859375,20268.205078125,20431.57421875,20784.1875,21131.90625,21933.732421875,22591.56640625,22259.467
2020-11-17 11:00,20325.046875,21520.5390625,23020.080078125,23911.56640625,24393.19140625,24883.84375,25018.67578125,25581.130859375,26084.7109375,26702.875,27400.69921875,23639.734
2020-11-17 11:15,20211.775390625,21657.0859375,23692.111328125,24752.322265625,25402.4921875,25891.99609375,26473.53125,27069.25,27821.65234375,28831.59375,29561.328125,20081.066
2020-11-17 11:30,13291.9697265625,14925.056640625,17889.31640625,19021.251953125,20554.1640625,21900.80078125,23354.041015625,25041.048828125,26755.34375,28883.39453125,30468.79296875,19802.865
2020-11-17 11:45,16111.9541015625,17298.060546875,18944.12890625,19903.6484375,20798.5703125,21887.341796875,22728.49609375,24110.44921875,25427.35546875,28138.34375,30146.77734375,24030.734
2020-11-17 12:00,19179.546875,20870.150390625,23017.6015625,24464.8203125,25413.46484375,26674.36328125,27371.94921875,28712.90625,30247.7109375,32442.76953125,34214.86328125,32625.73
2020-11-17 12:15,24518.01953125,26803.45703125,29918.58984375,31245.5859375,32639.625,33726.98828125,34702.1953125,35431.77734375,36631.78125,38036.7421875,39328.921875,33296.734
2020-11-17 12:30,26770.390625,29447.51171875,32252.28515625,33464.26171875,34189.78125,34786.68359375,35525.13671875,36046.3984375,36804.02734375,38200.16796875,39260.55078125,33066.2
2020-11-17 12:45,26993.77734375,29455.671875,31903.53125,32872.10546875,33418.63671875,33982.76953125,34546.68359375,35277.68359375,35999.57421875,37136.05859375,38272.4140625,33123.066
2020-11-17 13:00,28079.13671875,30249.375,32182.11328125,32834.06640625,33136.35546875,33646.08984375,34043.1015625,34780.51953125,35390.65234375,36425.359375,37469.0390625,23760.135
2020-11-17 13:15,12516.681640625,15227.81640625,18633.953125,20255.083984375,22345.5078125,24481.046875,26305.3046875,28856.8125,31599.24609375,34344.22265625,36459.39453125,20897.998
2020-11-17 13:30,16951.537109375,18575.234375,20738.87890625,22068.828125,23267.2578125,24932.513671875,26053.2109375,27774.66796875,29824.98046875,33422.77734375,35767.48046875,21943.865
2020-11-17 13:45,16045.1103515625,17897.3671875,19683.916015625,20874.53125,21789.03125,23206.736328125,23710.43359375,25004.150390625,26640.16796875,30060.19140625,32695.609375,16104.398
2020-11-17 14:00,11202.8994140625,12138.33984375,13483.8662109375,14366.0615234375,15329.234375,16363.2138671875,17338.328125,18729.416015625,20675.71484375,24119.787109375,26413.87109375,22497.732
2020-11-17 14:15,17129.76953125,18775.4921875,21256.90625,23473.583984375,24839.814453125,26207.76953125,27482.35546875,29042.203125,30543.171875,32727.35546875,34600.44140625,23344.533
2020-11-17 14:30,16298.828125,17881.126953125,19563.185546875,20485.70703125,21834.23046875,22858.390625,24013.109375,24864.578125,26052.39453125,28819.42578125,31060.4296875,24702.934
2020-11-17 14:45,17137.62890625,19361.3203125,21245.69921875,22348.076171875,23536.6484375,24311.30078125,25043.8203125,25913.13671875,27069.61328125,29557.58203125,31914.93359375,25601.6
2020-11-17 15:00,17810.705078125,20030.33984375,22037.630859375,22769.23828125,23924.0390625,24358.23828125,24981.037109375,25679.580078125,26514.0078125,28694.390625,30782.7890625,30481.531
2020-11-17 15:15,20090.2109375,22772.32421875,25659.71484375,26943.3828125,28379.8984375,29299.99609375,30436.4453125,31175.41015625,32011.796875,33497.17578125,35046.82421875,30773.398
2020-11-17 15:30,21430.59375,24202.8359375,26903.0078125,27560.5546875,28680.3359375,29055.99609375,29980.5703125,30338.75390625,30804.61328125,32194.1796875,33420.8125,29521.465
2020-11-17 15:45,21872.400390625,24280.265625,26473.375,26960.58203125,27784.8359375,27839.90234375,28381.59765625,28714.41015625,29023.71875,30093.05078125,31090.171875,27449.93
2020-11-17 16:00,19495.50390625,21489.08984375,23532.974609375,24229.6796875,25002.92578125,25141.78125,25598.76953125,26150.6171875,26677.51171875,27790.65234375,28745.76953125,24904.332
2020-11-17 16:15,18042.06640625,19559.8984375,21068.046875,21826.60546875,22365.4453125,22560.703125,22897.484375,23442.556640625,23995.3828125,25147.556640625,26179.87890625,21670.668
2020-11-17 16:30,15483.7490234375,16605.47265625,17707.9296875,18538.2734375,18905.98828125,19181.646484375,19466.615234375,19873.546875,20534.49609375,21665.44921875,22775.45703125,18854.2
2020-11-17 16:45,13376.998046875,14359.330078125,15112.5546875,15661.869140625,15875.7421875,16079.43359375,16295.234375,16511.44921875,17069.533203125,17981.703125,18964.50390625,15856.0
2020-11-17 17:00,10858.3515625,11698.173828125,12292.4375,12515.0029296875,12720.31640625,12877.470703125,13100.1279296875,13210.65625,13656.93359375,14325.8994140625,15126.3125,12127.799
2020-11-17 17:15,7303.85302734375,7920.48583984375,8370.34765625,8543.23828125,8756.7119140625,8889.3642578125,9140.7001953125,9231.9736328125,9609.591796875,10159.025390625,10827.04296875,7655.9326
2020-11-17 17:30,3675.5126953125,3954.15625,4200.7353515625,4495.62451171875,4591.0986328125,4736.017578125,4919.4326171875,5017.59423828125,5304.0576171875,5768.02685546875,6266.013671875,3840.3994
2020-11-17 17:45,1523.54541015625,1565.8310546875,1693.40771484375,1965.07470703125,1971.884765625,2143.92333984375,2196.76123046875,2264.97509765625,2485.58642578125,2745.02099609375,2975.70654296875,1769.1997
2020-11-17 18:00,382.28515625,386.525390625,489.818359375,700.8603515625,710.6669921875,843.787109375,843.787109375,866.029296875,1118.486328125,1227.8935546875,1260.4296875,432.4668
2020-11-18 08:45,0.0,16.8203125,215.8720703125,382.712890625,446.775390625,567.892578125,667.8056640625,725.3330078125,1020.3408203125,1265.7861328125,1300.3154296875,461.19922
2020-11-18 09:00,744.294921875,980.5009765625,1185.955078125,1364.4794921875,1511.34619140625,1638.00048828125,1805.4609375,1836.97119140625,2170.333984375,2486.79443359375,2566.638671875,2068.8667
2020-11-18 09:15,3427.75732421875,3926.361328125,4212.93212890625,4457.3564453125,4738.9990234375,4896.5556640625,5153.8212890625,5217.103515625,5620.142578125,6040.93212890625,6204.4794921875,4630.9995
2020-11-18 09:30,7130.4443359375,7720.546875,8152.9921875,8519.6162109375,8734.7001953125,9075.66015625,9181.703125,9415.8876953125,9733.86328125,10219.484375,10550.9501953125,9209.8
2020-11-18 09:45,12309.787109375,12930.888671875,13667.47265625,13942.4306640625,14212.583984375,14571.404296875,14634.9609375,14886.287109375,15174.2265625,15603.85546875,15770.64453125,14767.133
2020-11-18 10:00,17050.927734375,17544.1875,18216.251953125,18297.53125,18527.5390625,18636.126953125,18636.126953125,18744.33203125,18850.8828125,19217.755859375,19236.21875,15401.733
2020-11-18 10:15,11458.5087890625,12618.0341796875,14684.208984375,15850.875,16827.142578125,17974.17578125,18747.16796875,19664.0234375,20673.595703125,21743.64453125,22367.33203125,18670.135
2020-11-18 10:30,18809.73046875,19795.671875,21171.3828125,21866.30859375,22628.908203125,23147.474609375,23740.53125,24235.77734375,24892.1484375,25840.205078125,26605.0546875,24554.133
2020-11-18 10:45,21733.013671875,22930.1875,24657.546875,25643.9140625,26320.8046875,26842.83984375,27056.36328125,27538.31640625,27979.5859375,28698.4765625,29327.421875,25564.8
2020-11-18 11:00,22694.681640625,24071.046875,26011.98046875,26889.80859375,27529.00390625,27910.17578125,28436.84375,28897.8984375,29478.15625,30391.2734375,30942.671875,31346.465
2020-11-18 11:15,27809.53125,29168.4921875,31028.5546875,31958.8046875,32498.703125,33079.67578125,33238.9375,33708.45703125,34094.7890625,34612.90625,35304.8515625,27347.531
2020-11-18 11:30,16388.62109375,18804.42578125,23056.80078125,24523.6484375,26181.3203125,27599.6953125,29158.58984375,31120.21484375,32696.64453125,34416.76171875,35568.5546875,29222.664
2020-11-18 11:45,23316.41796875,25019.234375,28067.4453125,29252.83984375,30201.6171875,31263.72265625,32196.10546875,33263.06640625,34304.4375,35742.796875,37093.0234375,35308.133
2020-11-18 12:00,27665.6484375,29682.328125,32684.82421875,34056.203125,35062.23046875,36029.99609375,36530.43359375,37010.38671875,37647.95703125,38541.15234375,39421.76171875,35271.867
2020-11-18 12:15,27089.01171875,29433.82421875,32219.86328125,33754.51953125,34570.16015625,35396.875,36028.8203125,36677.80078125,37489.9140625,38696.77734375,39552.94921875,32560.8
2020-11-18 12:30,26680.67578125,28735.40625,31363.9375,32396.70703125,32968.828125,33838.04296875,34633.93359375,35767.6015625,36677.30078125,37979.171875,39035.96484375,26367.2
2020-11-18 12:45,16348.126953125,18678.982421875,22057.5859375,23496.52734375,25200.083984375,26846.5078125,28603.7734375,30937.05859375,32903.359375,35803.5546875,37991.98046875,28350.598
2020-11-18 13:00,22158.97265625,23827.44921875,26450.80078125,27834.796875,28550.609375,29864.59765625,30810.6015625,32413.8046875,33974.6484375,36744.9609375,38681.8125,21853.533
2020-11-18 13:15,13913.8984375,15700.51171875,17979.93359375,19558.154296875,21384.38671875,23182.322265625,24547.369140625,26938.6328125,29169.078125,33086.03125,35726.43359375,33662.934
2020-11-18 13:30,23897.310546875,25901.0859375,28821.44921875,30857.35546875,32854.39453125,34225.2109375,35342.765625,36501.31640625,37356.09765625,39069.52734375,40289.0625,38576.93
2020-11-18 13:45,26776.55078125,29892.1796875,33134.80078125,34709.546875,36242.5390625,37299.4453125,38189.12109375,38684.0390625,39450.1796875,40964.96875,41884.3359375,32882.93
2020-11-18 14:00,18390.072265625,21621.865234375,26274.93359375,28513.44921875,29931.2578125,31614.08203125,32798.17578125,34628.03515625,36205.94921875,38382.0703125,40099.80078125,36950.53
2020-11-18 14:15,26466.0078125,29427.671875,33166.265625,34863.62109375,36109.203125,37132.14453125,38121.94921875,38866.5625,39678.44921875,40892.91796875,42218.8125,41861.527
2020-11-18 14:30,30306.296875,33641.578125,37042.11328125,38387.50390625,39495.3828125,40178.66015625,40641.234375,40840.35546875,41245.59765625,42058.015625,42844.46484375,39125.73
2020-11-18 14:45,26349.1328125,29811.94921875,33424.5078125,35469.49609375,36351.25,37243.2578125,37890.51171875,38710.8984375,39638.39453125,40810.0703125,41692.64453125,34925.863
2020-11-18 15:00,22646.6953125,25779.07421875,29636.37109375,31137.59765625,32089.56640625,33159.765625,34076.59765625,35500.51953125,36805.0859375,38185.953125,39372.44921875,37751.0
2020-11-18 15:15,26443.3046875,29333.43359375,32420.859375,33950.71875,34875.40625,35797.46484375,36337.390625,36942.98828125,37554.3671875,38379.28125,39488.47265625,34315.33
2020-11-18 15:30,21101.69921875,24065.931640625,27788.203125,29433.66015625,30698.79296875,31763.40234375,32773.87890625,33955.6796875,35198.80859375,36776.21484375,37724.96875,30531.73
2020-11-18 15:45,21839.548828125,23805.1015625,26431.05078125,27095.56640625,28102.35546875,28924.578125,29823.24609375,31043.25,31926.203125,33568.234375,34721.5078125,22311.266
2020-11-18 16:00,14177.828125,15362.740234375,17869.26171875,19224.46875,20793.642578125,22263.935546875,23588.021484375,25480.1796875,27406.85546875,30497.69921875,32364.6171875,19902.6
2020-11-18 16:15,15021.15234375,16018.6240234375,17749.39453125,18843.4296875,19650.9140625,20648.10546875,21333.36328125,22579.6015625,23930.01171875,26832.10546875,28644.72265625,15713.465
2020-11-18 16:30,10498.4560546875,11085.5185546875,12157.08203125,12981.330078125,13676.2529296875,14454.228515625,15147.1015625,15915.6328125,17514.404296875,20058.01171875,21772.01953125,18078.998
2020-11-18 16:45,11130.02734375,12686.578125,14606.880859375,15634.455078125,16723.7265625,17371.9296875,18142.953125,18980.6640625,20032.1484375,21579.06640625,22860.849609375,21234.4
2020-11-18 17:00,14014.28515625,15494.099609375,17447.48828125,18816.79296875,19875.16796875,20587.287109375,21392.01953125,22049.234375,22692.8515625,23980.34375,25374.86328125,16973.0
2020-11-18 17:15,8620.322265625,9719.98046875,11559.86328125,12491.728515625,13075.3671875,13655.8603515625,14325.2255859375,14802.1689453125,15631.5478515625,17040.890625,18255.919921875,9757.667
2020-11-18 17:30,3662.58935546875,4232.56201171875,4972.0009765625,5718.080078125,5946.40771484375,6396.751953125,6915.8046875,7524.8271484375,8280.7216796875,9678.0166015625,10863.2841796875,4764.332
2020-11-18 17:45,2087.24169921875,2103.9306640625,2244.42138671875,2686.9794921875,2693.85498046875,2887.75048828125,3083.5205078125,3335.4072265625,3582.75390625,4385.93212890625,5138.44140625,2260.9321
2020-11-18 18:00,1046.7216796875,1046.7216796875,1051.869140625,1317.37109375,1340.8818359375,1482.3515625,1550.138671875,1618.951171875,1801.34912109375,2115.28466796875,2392.32177734375,445.2666
2020-11-18 18:15,0.0,0.0,0.0,178.6962890625,178.6962890625,265.9755859375,265.9755859375,295.46484375,550.5107421875,646.28515625,718.5859375,0.0
2020-11-19 09:00,156.6142578125,352.349609375,550.314453125,718.42578125,828.9873046875,946.787109375,1090.96875,1125.064453125,1438.857421875,1748.70458984375,1848.330078125,1177.3994
2020-11-19 09:15,1552.52490234375,1924.50341796875,2129.72314453125,2340.1494140625,2545.9482421875,2691.13232421875,2904.451171875,2951.52978515625,3315.4990234375,3731.0927734375,3904.17138671875,2449.5327
2020-11-19 09:30,2488.11474609375,3040.08740234375,3339.12353515625,3674.728515625,3897.017578125,4114.890625,4335.5087890625,4501.017578125,4878.09033203125,5466.45556640625,5854.6376953125,5973.5996
2020-11-19 09:45,8043.8076171875,8843.4931640625,9562.8076171875,10222.7890625,10610.2802734375,11179.2109375,11420.8125,11748.1474609375,12171.9228515625,12741.626953125,13258.994140625,11412.333
2020-11-19 10:00,11976.4599609375,12924.876953125,14042.4375,14571.439453125,15052.67578125,15422.2099609375,15646.630859375,15987.966796875,16269.1328125,17067.2578125,17493.09765625,14779.465
2020-11-19 10:15,16229.8818359375,16997.556640625,18029.7109375,18196.94140625,18465.814453125,18663.201171875,18759.35546875,18975.291015625,19133.818359375,19628.798828125,19754.603515625,19234.998
2020-11-19 10:30,18818.232421875,19602.7421875,20426.1953125,20810.4453125,21399.7890625,21674.919921875,21837.904296875,22093.85546875,22306.44140625,22985.5234375,23450.4140625,26213.398
2020-11-19 10:45,22525.44921875,23513.5078125,25224.50390625,26453.12890625,27098.7734375,27859.9921875,27859.9921875,28437.0859375,28846.0625,29171.2109375,29756.8203125,29156.531
2020-11-19 11:00,28134.515625,29293.84375,30706.70703125,31349.578125,31663.9375,31944.203125,32046.61328125,32454.87109375,32538.5546875,33067.60546875,33366.05078125,31524.863
2020-11-19 11:15,30579.15625,31693.71875,32724.1484375,33137.078125,33337.96484375,33666.78515625,33790.94140625,34238.56640625,34334.5234375,34796.37109375,35256.35546875,33216.664
2020-11-19 11:30,30364.47265625,31627.4375,32853.73046875,33535.86328125,33833.44140625,34319.54296875,34588.61328125,35235.1640625,35604.7265625,36213.55859375,36807.4453125,33660.133
2020-11-19 11:45,32700.35546875,33710.6328125,34592.39453125,34904.91796875,35017.51171875,35325.5390625,35461.87890625,35961.9296875,36168.01953125,36663.80078125,37178.99609375,32698.398
2020-11-19 12:00,27709.83203125,29140.58984375,31030.625,31974.34375,32480.90625,33185.76171875,33743.9609375,34719.33203125,35463.85546875,36356.10546875,37200.48828125,31610.2
2020-11-19 12:15,27115.62109375,28316.08203125,30120.41015625,30725.05078125,31000.78515625,31549.59375,32061.12109375,33054.63671875,33739.48828125,34925.16015625,35928.84375,30339.668
2020-11-19 12:30,26301.61328125,27224.1484375,28453.51953125,28894.25390625,29035.13671875,29365.35546875,29759.875,30501.5390625,31157.71875,32581.12109375,33756.84765625,30097.398
2020-11-19 12:45,27561.9453125,28367.29296875,29162.20703125,29610.8125,29610.8125,29741.171875,29937.48828125,30327.4296875,30841.7421875,32153.171875,33283.5859375,29042.73
2020-11-19 13:00,26943.99609375,27292.47265625,27994.0390625,28239.171875,28343.03125,28343.03125,28562.7421875,28742.4609375,29120.01953125,30271.44921875,31227.37890625,26218.531
2020-11-19 13:15,21474.044921875,21877.71875,23151.07421875,23937.626953125,24449.42578125,24676.89453125,25171.87109375,25637.05078125,26383.21484375,27553.46484375,28636.84375,24945.398
2020-11-19 13:30,22301.3671875,22504.52734375,23305.751953125,23564.0234375,23652.576171875,23705.896484375,23859.984375,24043.919921875,24439.07421875,25130.486328125,25778.185546875,22494.533
2020-11-19 13:45,19488.32421875,19769.6796875,20539.083984375,21177.625,21204.66015625,21441.69140625,21483.80078125,21731.47265625,22152.046875,22535.58203125,23242.19921875,21144.4
2020-11-19 14:00,19582.939453125,19896.28125,20445.0859375,20871.484375,20871.484375,20917.265625,20917.265625,21012.984375,21209.23828125,21365.79296875,21871.017578125,19696.332
2020-11-19 14:15,18110.982421875,18473.20703125,19036.90234375,19510.82421875,19510.82421875,19750.2734375,19750.2734375,19910.248046875,20104.6328125,20172.93359375,20808.38671875,19224.066
2020-11-19 14:30,18363.38671875,18742.994140625,19215.173828125,19550.57421875,19550.57421875,19807.22265625,19807.22265625,19946.451171875,20128.90234375,20229.08984375,20903.0625,22207.867
2020-11-19 14:45,19844.18359375,20542.599609375,21451.578125,22347.234375,22563.34375,23147.375,23309.296875,23694.107421875,24263.2890625,24835.322265625,25883.94140625,22164.2
2020-11-19 15:00,20705.1484375,20851.23046875,21592.033203125,21965.75,22179.75390625,22372.259765625,22529.076171875,22732.35546875,23123.37109375,23837.3046875,24920.234375,21745.133
2020-11-19 15:15,20689.220703125,20910.017578125,21449.68359375,21701.486328125,21807.498046875,21940.8203125,21983.392578125,22246.0625,22560.97265625,23104.13671875,24017.2890625,21728.4
2020-11-19 15:30,20780.96875,21099.337890625,21566.58984375,21826.12890625,21879.77734375,22007.8828125,22013.892578125,22301.7734375,22600.705078125,23122.859375,24050.330078125,23866.2
2020-11-19 15:45,21556.7421875,22397.1484375,23384.1171875,24112.75390625,24357.36328125,24760.259765625,24902.45703125,25528.6328125,26070.7734375,26923.97265625,28027.953125,25578.668
2020-11-19 16:00,22598.724609375,23465.75390625,24589.91015625,25191.5078125,25549.47265625,25887.64453125,26164.87890625,26713.1796875,27173.703125,28053.94140625,29141.3828125,27892.133
2020-11-19 16:15,22972.904296875,24077.0546875,25367.14453125,26080.9765625,26624.37890625,27060.8515625,27367.84375,27873.296875,28320.51171875,29024.484375,30039.27734375,25004.932
2020-11-19 16:30,19007.357421875,19921.1171875,21490.953125,22285.6796875,22879.72265625,23333.7265625,23924.548828125,24440.44921875,25073.953125,25944.603515625,26721.2109375,22392.666
2020-11-19 16:45,17769.5859375,18444.16015625,19276.125,19732.73046875,19947.84375,20157.1015625,20563.36328125,20893.73828125,21264.69921875,21995.755859375,22725.671875,19277.4
2020-11-19 17:00,14186.6015625,14803.92578125,15405.083984375,15779.876953125,15903.564453125,16138.24609375,16495.314453125,16732.984375,17126.484375,17743.302734375,18428.01171875,12601.732
2020-11-19 17:15,6281.7822265625,6999.521484375,7631.63037109375,8431.8076171875,8612.71484375,9171.3017578125,9641.2412109375,10205.66015625,10949.5078125,11888.982421875,12758.8359375,2633.5996
2020-11-19 17:30,1381.212890625,1720.5712890625,1720.5712890625,2477.35498046875,2477.35498046875,2906.009765625,3071.927734375,3677.1669921875,4238.296875,5073.12744140625,5929.275390625,1142.8662
2020-11-19 17:45,583.283203125,672.8720703125,757.1513671875,1026.8095703125,1131.01953125,1194.5595703125,1309.642578125,1378.6220703125,1642.08935546875,1931.7177734375,2137.38427734375,895.1992
2020-11-19 18:00,206.0791015625,264.578125,369.0234375,562.3408203125,678.498046875,708.1171875,708.1171875,708.1171875,1005.671875,1107.9130859375,1107.9130859375,206.73242
2020-11-20 09:15,0.0,0.0,88.9775390625,271.6689453125,309.0615234375,472.138671875,584.7216796875,664.0751953125,933.66015625,1237.08984375,1343.7265625,330.1328
2020-11-20 09:30,238.431640625,501.318359375,675.201171875,857.1904296875,940.1328125,1118.97265625,1267.587890625,1331.2373046875,1624.17919921875,1983.37744140625,2127.40234375,1669.1997
2020-11-20 09:45,1673.41162109375,2179.5205078125,2437.7490234375,2797.873046875,2989.6953125,3272.90478515625,3480.3671875,3640.18408203125,4012.4267578125,4515.287109375,4786.13330078125,3052.1997
2020-11-20 10:00,2820.337890625,3499.14208984375,3806.64990234375,4377.9921875,4577.13916015625,4989.1865234375,5188.50830078125,5559.72412109375,5940.2861328125,6640.79296875,7213.20703125,6950.6665
2020-11-20 10:15,7228.74169921875,8345.970703125,9136.220703125,10182.44921875,10597.9765625,11362.1201171875,11766.3291015625,12331.091796875,12865.8095703125,13722.283203125,14586.666015625,7189.5996
2020-11-20 10:30,5212.5673828125,5921.12890625,7264.35205078125,7933.513671875,8471.5517578125,9359.7529296875,9935.8486328125,10697.458984375,11521.4140625,12894.1103515625,13766.2744140625,6201.9326
2020-11-20 10:45,4360.37255859375,4684.95556640625,5590.8876953125,6044.6513671875,6593.0537109375,7331.6025390625,7946.2431640625,8641.595703125,9395.3798828125,10943.5126953125,12201.134765625,7498.1997
2020-11-20 11:00,6282.76611328125,7116.03662109375,8098.3544921875,8962.0498046875,9659.0595703125,10344.70703125,11035.1884765625,11804.3447265625,12636.8642578125,14089.96875,15619.84375,8150.5996
2020-11-20 11:15,5891.896484375,6481.423828125,7204.71484375,8128.9619140625,8610.107421875,9327.451171875,9950.7451171875,10757.2470703125,11638.275390625,13376.19140625,15272.46484375,14374.865
2020-11-20 11:30,10490.8984375,11760.2646484375,13714.837890625,15521.7939453125,16706.548828125,17833.37890625,19009.43359375,20298.95703125,21516.974609375,23237.439453125,25080.98828125,26015.799
2020-11-20 11:45,16131.017578125,18249.84375,21256.76953125,22939.73828125,24647.23828125,25973.76953125,27302.203125,28251.43359375,29635.16015625,31139.609375,32587.89453125,15005.998
2020-11-20 12:00,7847.87890625,9200.240234375,12333.59375,13603.3916015625,15117.662109375,16854.59765625,18593.640625,20443.935546875,22351.263671875,25378.5703125,27511.90625,13751.666
2020-11-20 12:15,8198.4306640625,9381.7421875,11374.7255859375,13015.1396484375,14093.8515625,15711.21484375,16928.04296875,18501.50390625,20390.375,23712.82421875,26334.36328125,17671.865
2020-11-20 12:30,12833.8359375,14075.119140625,15973.736328125,17901.99609375,19103.232421875,20694.47265625,21984.609375,23465.91796875,25188.177734375,28112.21484375,30670.09765625,12349.466
2020-11-20 12:45,7668.75830078125,8321.11328125,9804.4814453125,10643.9560546875,11736.8359375,12788.318359375,13979.236328125,15312.484375,16980.91796875,20159.69140625,22827.830078125,18751.13
2020-11-20 13:00,13446.767578125,14478.9482421875,16451.3203125,18524.087890625,19775.3828125,21237.294921875,22627.52734375,24221.080078125,25629.515625,27891.20703125,30175.8671875,26082.598
2020-11-20 13:15,15491.02734375,17175.37109375,19448.94140625,20765.42578125,22490.072265625,24009.8203125,25791.67578125,26742.39453125,28155.66796875,30421.4453125,32675.53515625,27629.0
2020-11-20 13:30,15938.21484375,18508.6875,21012.3359375,21789.6640625,23443.08203125,24497.1640625,25950.6796875,26736.37109375,28119.3671875,30726.7578125,33271.75390625,25009.465
2020-11-20 13:45,16529.625,18791.318359375,21171.197265625,21654.15625,23060.58984375,23425.181640625,24271.294921875,25084.14453125,26373.30859375,29370.1171875,32062.59765625,31039.664
2020-11-20 14:00,21722.79296875,24654.0625,27766.35546875,29091.60546875,30457.90234375,31506.0,32901.640625,33725.953125,34638.51171875,36485.6015625,38290.73828125,33108.734
2020-11-20 14:15,23614.4765625,26993.9765625,30254.73046875,31134.9453125,32088.50390625,32858.57421875,33987.41796875,34487.32421875,35251.46484375,36961.96875,38494.8125,33206.734
2020-11-20 14:30,23499.1328125,26717.24609375,29592.18359375,30495.05078125,31321.8984375,31887.5703125,32762.41015625,33262.1328125,33862.96484375,35305.3984375,36761.12890625,33049.4
2020-11-20 14:45,25104.296875,28207.5234375,30658.1015625,31597.7890625,32146.16015625,32568.76953125,33122.14453125,33702.50390625,34227.58203125,35511.58203125,36767.33984375,33706.066
2020-11-20 15:00,26194.828125,29162.390625,31444.3359375,32287.171875,32780.3359375,33080.25,33471.5234375,33972.7265625,34303.16015625,35295.39453125,36334.5703125,29626.598
2020-11-20 15:15,16828.3984375,19507.908203125,23075.2890625,24687.2734375,26025.248046875,26904.21875,27795.9609375,29297.92578125,30567.22265625,32422.66015625,33918.68359375,21333.531
2020-11-20 15:30,12817.8134765625,14104.642578125,16228.970703125,18030.28125,19150.328125,20098.443359375,21239.1640625,22832.59765625,24636.248046875,28196.6953125,30457.9453125,16813.334
2020-11-20 15:45,9739.4423828125,10824.5048828125,12326.4775390625,14025.697265625,14528.0439453125,15250.5625,15772.060546875,16657.7421875,18192.712890625,21103.7734375,23114.490234375,17090.531
2020-11-20 16:00,10709.1318359375,12593.6796875,14562.537109375,16005.212890625,16713.25390625,17450.1328125,17972.0625,18818.26953125,19923.642578125,22108.001953125,23793.9296875,23182.133
2020-11-20 16:15,15251.4111328125,17377.3046875,19984.060546875,21955.484375,23391.392578125,24596.6796875,25572.10546875,26955.2890625,28292.31640625,30199.13671875,32323.125,22999.4
2020-11-20 16:30,14016.2705078125,15809.021484375,17583.0234375,18636.0625,19572.78515625,20122.3671875,20840.814453125,21389.54296875,22114.43359375,24171.376953125,26291.54296875,17523.533
2020-11-20 16:45,8703.2841796875,10029.4091796875,11459.7841796875,12374.5634765625,12937.2587890625,13427.234375,13995.169921875,14331.41796875,15307.2197265625,16965.10546875,18712.703125,14111.865
2020-11-20 17:00,6026.49072265625,7155.6357421875,8041.43798828125,8588.0185546875,8946.865234375,9115.060546875,9550.0654296875,9783.4814453125,10404.03515625,11532.619140625,12684.23828125,11302.333
2020-11-20 17:15,5534.6123046875,6373.0771484375,7072.66748046875,7367.0029296875,7835.33935546875,7923.50439453125,8337.8037109375,8503.3955078125,8863.7138671875,9666.865234375,10514.6484375,6054.7993
2020-11-20 17:30,2733.33740234375,3018.025390625,3294.490234375,3533.7568359375,3639.4384765625,3771.92919921875,4017.5556640625,4088.0234375,4371.7470703125,4968.427734375,5558.1171875,3806.3994
2020-11-20 17:45,1634.3798828125,1745.8955078125,1889.8173828125,2074.8017578125,2110.13916015625,2231.91259765625,2341.94677734375,2386.80615234375,2568.201171875,2879.5498046875,3077.310546875,1949.9326
2020-11-20 18:00,336.5498046875,419.408203125,563.22265625,728.0869140625,771.677734375,856.8046875,889.96875,900.3935546875,1134.70703125,1302.712890625,1343.6171875,351.93262
2020-11-21 08:45,0.0,0.0,23.171875,165.6845703125,222.9677734375,398.4365234375,465.095703125,572.275390625,836.1259765625,1044.771484375,1081.29296875,274.5996
2020-11-21 09:00,212.087890625,596.7080078125,765.28515625,905.1591796875,1037.75,1221.1337890625,1344.46875,1423.4755859375,1703.72119140625,1993.13818359375,2104.59765625,1963.0664
2020-11-21 09:15,3945.51513671875,4675.63232421875,4968.09228515625,5183.80615234375,5554.044921875,5796.7294921875,6027.521484375,6117.953125,6536.708984375,6927.4814453125,7125.9658203125,5142.5327
2020-11-21 09:30,8788.7861328125,9470.0419921875,9876.921875,10151.1552734375,10392.2646484375,10799.462890625,10865.5224609375,11068.8125,11404.9375,11827.888671875,12187.7197265625,8655.133
2020-11-21 09:45,11995.15625,12604.40234375,13179.7578125,13288.5029296875,13594.46875,13989.107421875,14209.400390625,14335.5,14701.828125,15261.83984375,15537.501953125,16910.133
2020-11-21 10:00,19636.162109375,20085.57421875,20975.375,21488.595703125,21922.62890625,22300.0390625,22313.140625,22612.05078125,22979.400390625,23203.84765625,23560.228515625,22775.932
2020-11-21 10:15,25405.869140625,25632.939453125,26002.26171875,26198.5234375,26224.15234375,26513.2421875,26513.2421875,26513.2421875,26513.2421875,26515.3125,26600.82421875,26640.0
2020-11-21 10:30,28677.46484375,29113.890625,29292.875,29510.453125,29528.0703125,29851.61328125,29851.61328125,30047.28125,30047.28125,30114.40625,30447.75,29926.8
2020-11-21 10:45,30585.4921875,31243.23828125,31494.484375,31797.76171875,31849.26953125,32208.12109375,32265.359375,32653.359375,32653.359375,32881.99609375,33326.2890625,32731.863
2020-11-21 11:00,33661.37890625,34255.82421875,34408.1640625,34542.171875,34542.171875,34813.33203125,34813.33203125,35175.0625,35175.0625,35258.9609375,35707.39453125,35064.863
2020-11-21 11:15,35240.82421875,35929.90625,36115.4765625,36340.41015625,36340.41015625,36675.4921875,36675.4921875,37106.70703125,37106.70703125,37261.0859375,37809.921875,37089.867
2020-11-21 11:30,37405.55078125,38034.4453125,38151.94140625,38364.61328125,38364.61328125,38618.48046875,38618.48046875,38949.23828125,38949.23828125,39038.3203125,39597.2265625,38730.2
2020-11-21 11:45,39168.5078125,39741.51953125,39815.421875,40080.1171875,40080.1171875,40305.88671875,40305.88671875,40601.1328125,40601.1328125,40629.2265625,41199.72265625,40185.2
2020-11-21 12:00,40527.4765625,41071.90625,41107.5234375,41437.09375,41437.09375,41681.76171875,41681.76171875,41971.4296875,41971.4296875,41983.953125,42592.23046875,41391.4
2020-11-21 12:15,41311.25390625,41892.0703125,41914.9296875,42338.2578125,42338.2578125,42633.14453125,42633.14453125,42968.27734375,42968.27734375,43043.7734375,43719.3984375,42660.6
2020-11-21 12:30,42594.81640625,43091.8515625,43091.8515625,43455.3359375,43455.3359375,43700.8125,43700.8125,43991.13671875,43991.13671875,44052.23828125,44711.94140625,43652.6
2020-11-21 12:45,43583.94921875,44015.85546875,44015.85546875,44385.609375,44385.609375,44616.29296875,44616.29296875,44915.69921875,44915.69921875,44980.93359375,45625.625,44149.598
2020-11-21 13:00,43774.69921875,44254.90234375,44254.90234375,44700.328125,44700.328125,44971.3515625,44971.3515625,45350.66796875,45350.66796875,45468.96875,46170.5625,44678.203
2020-11-21 13:15,43992.15625,44493.32421875,44493.32421875,44925.71484375,44925.71484375,45207.60546875,45207.60546875,45605.6640625,45605.6640625,45740.828125,46505.53515625,45092.863
2020-11-21 13:30,44268.47265625,44764.75,44764.75,45178.03125,45178.03125,45436.04296875,45436.04296875,45841.17578125,45841.17578125,45971.12109375,46749.74609375,45070.0
2020-11-21 13:45,44219.703125,44768.0390625,44768.0390625,45248.09765625,45248.09765625,45495.609375,45495.609375,45937.34765625,45937.34765625,46068.5625,46849.546875,44685.266
2020-11-21 14:00,43839.5703125,44430.921875,44430.921875,44935.0703125,44935.0703125,45191.3828125,45191.3828125,45626.3203125,45626.3203125,45769.1640625,46614.89453125,44156.0
2020-11-21 14:15,42643.6171875,43358.91796875,43358.91796875,44016.2109375,44016.2109375,44301.20703125,44301.20703125,44781.05859375,44781.05859375,44976.16796875,45940.42578125,43260.336
2020-11-21 14:30,41400.45703125,42180.5078125,42180.5078125,42910.59765625,42910.59765625,43145.5,43145.5,43609.859375,43609.859375,43817.54296875,44815.015625,42521.066
2020-11-21 14:45,40775.7265625,41465.16015625,41472.8203125,42097.6171875,42097.6171875,42273.4296875,42273.4296875,42590.60546875,42590.60546875,42765.640625,43678.78125,41580.47
2020-11-21 15:00,39400.62109375,40067.5625,40213.87890625,40759.63671875,40759.63671875,40999.68359375,40999.68359375,41254.90234375,41257.0234375,41510.0625,42330.44140625,40206.266
2020-11-21 15:15,37397.80078125,38068.12890625,38442.078125,38812.484375,38817.58984375,39156.44140625,39156.44140625,39432.86328125,39560.359375,39819.9296875,40559.12890625,38553.4
2020-11-21 15:30,35446.9140625,36052.921875,36569.81640625,36720.90234375,36899.671875,37117.77734375,37205.9296875,37395.5703125,37589.046875,37853.87890625,38495.17578125,36688.93
2020-11-21 15:45,33679.61328125,34112.015625,34611.42578125,34691.62890625,34943.60546875,35094.88671875,35184.484375,35296.40625,35490.26953125,35722.02734375,36284.31640625,34635.066
2020-11-21 16:00,31715.8359375,31911.66015625,32374.64453125,32478.94140625,32648.77734375,32817.21875,32865.80859375,33005.20703125,33171.015625,33389.58203125,33821.90625,32408.398
2020-11-21 16:15,29211.25390625,29260.72265625,29720.12109375,29891.0703125,29920.28125,30146.29296875,30192.796875,30451.16015625,30575.77734375,30844.9375,31166.05859375,29766.266
2020-11-21 16:30,26407.8515625,26429.87109375,26793.92578125,27054.87890625,27054.87890625,27170.66796875,27230.00390625,27576.52734375,27636.4296875,27956.85546875,28264.6640625,26740.465
2020-11-21 16:45,23189.68359375,23306.345703125,23543.1484375,23865.12109375,23865.12109375,23865.12109375,23995.10546875,24303.283203125,24337.146484375,24653.2265625,25027.1953125,23188.0
2020-11-21 17:00,18802.5546875,19054.703125,19373.296875,19722.451171875,19722.451171875,19846.55859375,20167.09765625,20363.75390625,20501.6796875,20841.3359375,21287.21875,17604.398
2020-11-21 17:15,10052.08984375,10607.2236328125,11485.7001953125,12381.53515625,12613.275390625,13189.9970703125,13820.6962890625,14323.4443359375,14974.048828125,15766.8408203125,16432.1328125,9660.333
2020-11-21 17:30,3456.4453125,3998.59912109375,4121.6953125,5267.70947265625,5267.70947265625,5824.7724609375,6155.9951171875,6865.078125,7324.02734375,8430.05859375,9419.234375,5250.1997
2020-11-21 17:45,2180.05224609375,2273.98095703125,2310.97900390625,2689.22509765625,2761.76513671875,2951.65087890625,3124.76904296875,3201.54931640625,3318.21337890625,3879.5693359375,4366.55615234375,2378.4663
2020-11-21 18:00,747.07421875,747.07421875,808.4697265625,1061.7978515625,1177.4521484375,1304.748046875,1393.888671875,1393.888671875,1576.4111328125,1757.76806640625,1929.2763671875,345.4668
2020-11-22 09:00,0.0,264.84375,422.4658203125,611.6181640625,677.421875,871.8828125,974.498046875,1069.8486328125,1366.517578125,1618.82568359375,1660.22412109375,1792.7998
2020-11-22 09:15,3772.837890625,4348.73681640625,4643.12548828125,4866.86279296875,5196.43505859375,5431.10791015625,5680.3193359375,5740.0087890625,6210.2578125,6540.0693359375,6586.314453125,5116.1323
2020-11-22 09:30,8990.3486328125,9541.3701171875,9958.4169921875,10302.1650390625,10463.8720703125,10882.32421875,10882.32421875,11048.0693359375,11339.8427734375,11671.23828125,11877.130859375,8336.666
2020-11-22 09:45,10879.3486328125,11454.865234375,12228.154296875,12505.94921875,12775.1669921875,13293.63671875,13443.9296875,13681.037109375,14027.30859375,14567.279296875,14754.736328125,16347.6
2020-11-22 10:00,18866.62890625,19366.9609375,20135.42578125,20598.08203125,21037.45703125,21343.4609375,21368.232421875,21600.92578125,21915.51953125,22257.443359375,22599.53125,22585.465
2020-11-22 10:15,24978.240234375,25121.21875,25558.5390625,25863.2421875,25888.71875,26255.64453125,26255.64453125,26255.64453125,26255.64453125,26255.64453125,26270.8203125,26306.73
2020-11-22 10:30,26874.7421875,27480.1796875,27948.6328125,28464.484375,28602.8984375,29061.74609375,29106.76171875,29502.890625,29568.03125,29859.55859375,30233.80078125,29366.465
2020-11-22 10:45,30244.1171875,30872.73828125,31160.6953125,31423.44921875,31476.234375,31791.9375,31819.890625,32176.5546875,32176.5546875,32398.5859375,32795.9375,31755.465
2020-11-22 11:00,32038.22265625,32746.5546875,33061.453125,33307.48828125,33359.8984375,33700.83203125,33758.4375,34179.86328125,34179.86328125,34452.078125,34902.88671875,34058.133
2020-11-22 11:15,34337.578125,35020.0625,35280.48828125,35471.04296875,35478.44921875,35789.58984375,35789.58984375,36184.71875,36184.71875,36408.22265625,36898.5,36067.13
2020-11-22 11:30,36222.8359375,36892.30859375,37102.2109375,37326.0078125,37326.0078125,37606.125,37606.125,37943.6640625,37943.6640625,38139.94921875,38659.796875,37964.0
2020-11-22 11:45,38403.0625,38978.54296875,39132.70703125,39368.39453125,39368.39453125,39608.78515625,39608.78515625,39861.5078125,39861.5078125,39959.7109375,40467.46484375,39549.465
2020-11-22 12:00,39788.83984375,40375.83203125,40488.23046875,40823.43359375,40823.43359375,41087.34375,41087.34375,41367.984375,41367.984375,41450.46484375,42007.41015625,40538.4
2020-11-22 12:15,40286.58984375,40957.75,41075.09765625,41539.58984375,41539.58984375,41875.328125,41875.328125,42245.51171875,42245.51171875,42420.37890625,43061.48828125,41925.2
2020-11-22 12:30,41789.23046875,42356.53125,42404.80859375,42783.453125,42783.453125,43046.65625,43046.65625,43323.32421875,43323.32421875,43441.0078125,44056.0703125,43237.668
2020-11-22 12:45,43024.63671875,43516.91796875,43553.6171875,43947.1796875,43947.1796875,44202.12109375,44202.12109375,44469.07421875,44469.07421875,44571.90234375,45163.13671875,44009.797
2020-11-22 13:00,43470.4921875,43995.8046875,44009.0390625,44485.50390625,44485.50390625,44772.1875,44772.1875,45108.25390625,45108.25390625,45250.26953125,45885.40234375,44261.934
2020-11-22 13:15,43323.0390625,43930.75390625,43938.8984375,44493.48046875,44493.48046875,44829.4296875,44832.21484375,45255.55859375,45255.55859375,45464.33203125,46182.875,44412.664
2020-11-22 13:30,43495.99609375,44108.14453125,44108.14453125,44617.83203125,44617.83203125,44907.09765625,44907.09765625,45335.16015625,45335.16015625,45529.3359375,46266.87890625,42505.13
2020-11-22 13:45,39483.703125,40616.96875,41111.08984375,42303.1328125,42369.875,43005.94140625,43248.82421875,44012.1328125,44214.55859375,44726.8046875,45707.39453125,32532.664
2020-11-22 14:00,20892.01953125,23413.65234375,26814.71875,28526.33984375,30455.4140625,32070.68359375,34014.2109375,36428.73046875,37826.85546875,39831.8125,41794.09765625,18707.266
2020-11-22 14:15,13811.580078125,15031.302734375,15838.251953125,17704.0234375,19786.857421875,20432.4375,22680.734375,25526.65625,27834.12109375,32877.69921875,36614.734375,20387.4
2020-11-22 14:30,19312.890625,20708.7578125,23080.82421875,24676.099609375,25783.46875,26663.7890625,28098.00390625,29641.30859375,31470.109375,35539.671875,38284.88671875,23248.133
2020-11-22 14:45,20089.0,21839.06640625,23646.298828125,24942.1875,25323.990234375,26508.06640625,27075.30078125,28304.4921875,29468.55859375,33236.0703125,35689.66015625,37976.2
2020-11-22 15:00,27768.5859375,30889.328125,35063.20703125,37343.94140625,39176.91796875,40419.51171875,41715.31640625,42947.5546875,43561.3828125,45251.90625,46422.33203125,39511.2
2020-11-22 15:15,29800.9921875,32968.7734375,36103.04296875,37327.67578125,37760.0546875,38410.1171875,38910.80859375,39121.62890625,39171.921875,40506.34765625,41051.38671875,37540.4
2020-11-22 15:30,30254.59375,32958.3125,35238.31640625,36072.3515625,36473.875,36891.22265625,37166.37109375,37252.6796875,37576.21484375,38146.41015625,38876.37109375,35175.062
2020-11-22 15:45,24162.6875,26799.171875,29661.3671875,30934.375,31724.7421875,32471.2265625,33055.78125,33735.2421875,34754.27734375,35614.13671875,36597.13671875,33131.066
2020-11-22 16:00,25379.712890625,27413.7421875,29491.3203125,30113.4921875,30656.96484375,31136.51171875,31491.43359375,32064.44140625,32602.84375,33387.62890625,34334.6171875,30901.73
2020-11-22 16:15,23412.13671875,24834.59765625,26609.3828125,26888.890625,27528.546875,27860.60546875,28134.234375,28680.30859375,29186.55859375,30027.21875,30806.640625,28216.664
2020-11-22 16:30,22122.3515625,23101.80859375,24291.90625,24545.4765625,24914.9765625,25114.791015625,25230.037109375,25695.1171875,26032.423828125,26816.15234375,27588.59765625,25306.266
2020-11-22 16:45,19852.013671875,20601.140625,21452.458984375,21736.53125,21954.96484375,22073.76953125,22172.6875,22457.701171875,22750.25,23397.0625,24139.63671875,21528.732
2020-11-22 17:00,15946.640625,16587.435546875,17318.31640625,17674.45703125,17847.7421875,18028.333984375,18256.73046875,18458.0234375,18855.06640625,19448.28125,20197.3984375,15796.932
2020-11-22 17:15,8384.4619140625,9141.8740234375,9993.6796875,10792.966796875,11039.7568359375,11541.1083984375,11944.689453125,12421.66015625,13134.2060546875,14007.83984375,14899.46484375,8452.466
2020-11-22 17:30,3324.177734375,3820.59228515625,3989.193359375,4848.95703125,4848.95703125,5292.23876953125,5441.77978515625,5883.86328125,6304.609375,7147.3759765625,8065.69873046875,4425.9995
2020-11-22 17:45,2070.015625,2118.41064453125,2231.9521484375,2539.638671875,2572.7919921875,2790.58544921875,2876.26611328125,2890.00146484375,3033.22412109375,3424.24755859375,3815.380859375,1903.9326
2020-11-22 18:00,577.2275390625,577.2275390625,652.404296875,907.236328125,974.765625,1134.2080078125,1173.7060546875,1173.7060546875,1396.2138671875,1529.3076171875,1665.224609375,185.06543
2020-11-23 09:00,0.0,107.060546875,287.607421875,449.7890625,547.853515625,700.8271484375,835.53515625,903.1826171875,1201.2109375,1491.11865234375,1583.94921875,478.5996
2020-11-23 09:15,308.451171875,684.3916015625,844.48828125,1012.0205078125,1156.1474609375,1319.712890625,1497.53125,1562.423828125,1876.8623046875,2249.97705078125,2414.11865234375,3708.2666
2020-11-23 09:30,6181.4453125,6970.6767578125,7429.1728515625,7999.265625,8395.3583984375,8861.251953125,9101.697265625,9320.25390625,9801.6455078125,10257.505859375,10587.88671875,6903.7324
2020-11-23 09:45,9787.5048828125,10445.78125,11099.8818359375,11311.005859375,11462.4296875,11936.8017578125,11985.4990234375,12217.72265625,12485.478515625,13000.9326171875,13280.87890625,13997.266
2020-11-23 10:00,16637.4375,17259.44921875,18261.828125,18584.22265625,18897.7421875,19140.0625,19140.0625,19341.72265625,19607.236328125,19876.43359375,20005.78125,20700.666
2020-11-23 10:15,23066.7265625,23413.287109375,23881.62890625,24109.0078125,24109.0078125,24321.30859375,24321.30859375,24321.30859375,24321.30859375,24321.30859375,24321.30859375,24376.133
2020-11-23 10:30,24970.61328125,25660.19140625,26175.78515625,26801.359375,26900.64453125,27395.46484375,27409.81640625,27768.71875,27867.453125,28112.56640625,28436.1484375,27358.664
2020-11-23 10:45,27814.29296875,28579.03125,29060.25390625,29535.66796875,29641.57421875,30026.1171875,30115.953125,30481.05859375,30576.48046875,30884.10546875,31255.94140625,29923.863
2020-11-23 11:00,30655.71875,31376.01953125,31763.14453125,32024.2265625,32064.8515625,32376.66796875,32409.38671875,32763.16796875,32810.08203125,33071.9609375,33431.2421875,32253.062
2020-11-23 11:15,32445.02734375,33213.0234375,33609.78515625,33878.8203125,33915.34375,34232.5234375,34244.68359375,34631.390625,34708.62890625,34988.2890625,35412.7265625,34354.133
2020-11-23 11:30,34478.87890625,35211.4765625,35539.23046875,35790.828125,35797.31640625,36074.21484375,36074.21484375,36384.66015625,36445.57421875,36701.03515625,37154.96484375,36068.2
2020-11-23 11:45,36419.87109375,37091.6171875,37350.22265625,37608.25,37608.25,37855.0546875,37855.0546875,38103.875,38128.02734375,38342.28125,38806.08984375,37592.33
2020-11-23 12:00,37865.28515625,38525.50390625,38746.13671875,39064.2265625,39064.2265625,39328.1015625,39328.1015625,39589.203125,39592.5546875,39796.11328125,40296.1953125,38775.867
2020-11-23 12:15,38528.00390625,39249.8359375,39478.484375,39907.3046875,39907.3046875,40238.78125,40238.78125,40570.6640625,40602.83984375,40843.0625,41420.63671875,39496.4
2020-11-23 12:30,39046.953125,39790.64453125,40010.71484375,40475.89453125,40494.8359375,40807.27734375,40807.27734375,41172.515625,41220.14453125,41482.4609375,42092.6953125,40151.266
2020-11-23 12:45,40046.15625,40722.80078125,40870.70703125,41289.6953125,41289.6953125,41556.7734375,41556.7734375,41866.421875,41870.12109375,42110.23046875,42692.3671875,40634.8
2020-11-23 13:00,40215.671875,40917.9375,41066.80078125,41564.0078125,41579.19140625,41881.67578125,41881.67578125,42229.19921875,42246.24609375,42498.58203125,43114.76171875,40915.996
2020-11-23 13:15,41111.69140625,41647.05078125,41722.53125,42088.11328125,42088.11328125,42338.0390625,42338.0390625,42604.4140625,42604.4140625,42813.5625,43460.671875,40829.93
2020-11-23 13:30,39228.82421875,39993.44140625,40267.40234375,41023.078125,41023.078125,41451.703125,41559.578125,41996.4296875,42079.74609375,42437.84765625,43196.9296875,41877.33
2020-11-23 13:45,41118.88671875,41660.12109375,41886.40625,42379.625,42379.625,42671.75390625,42671.75390625,42958.33203125,42958.33203125,43216.8203125,43835.0078125,42608.996
2020-11-23 14:00,41897.23046875,42358.94921875,42486.63671875,42934.31640625,42934.31640625,43190.80078125,43190.80078125,43407.3125,43407.3125,43610.09375,44202.75,42259.33
2020-11-23 14:15,40911.5859375,41490.46875,41599.15625,42201.296875,42201.296875,42505.390625,42505.390625,42820.41796875,42820.41796875,43103.0078125,43806.6484375,41896.258
2020-11-23 14:30,40433.890625,41012.609375,41086.11328125,41637.48828125,41637.48828125,41853.86328125,41853.86328125,42114.5546875,42114.5546875,42358.6796875,43061.69921875,41152.2
2020-11-23 14:45,39707.8828125,40251.65234375,40323.4609375,40821.40625,40821.40625,40983.515625,40983.515625,41186.5703125,41186.5703125,41411.25,42079.3125,40029.73
2020-11-23 15:00,38144.57421875,38705.65625,38878.421875,39356.76953125,39356.76953125,39553.3046875,39553.3046875,39765.609375,39816.73046875,40053.53515625,40714.4921875,38734.2
2020-11-23 15:15,36013.375,36614.83203125,37011.65234375,37379.7734375,37382.078125,37657.54296875,37692.42578125,37933.0546875,38099.62890625,38344.16796875,38992.91796875,37080.13
2020-11-23 15:30,33835.3046875,34392.12890625,34971.015625,35155.140625,35282.05859375,35485.28515625,35615.48828125,35819.5390625,36076.36328125,36354.24609375,36949.0703125,35249.465
2020-11-23 15:45,32768.265625,33052.84765625,33440.59765625,33533.75390625,33553.37109375,33698.2578125,33742.2421875,33849.53125,34055.7578125,34293.515625,34786.47265625,33201.797
2020-11-23 16:00,30633.734375,30746.46875,31137.83984375,31238.91796875,31246.4375,31426.11328125,31465.8359375,31627.5078125,31827.16796875,32063.65625,32463.15625,30834.129
2020-11-23 16:15,27866.84765625,27914.71875,28370.01953125,28502.0234375,28502.0234375,28701.9609375,28800.2109375,29088.9921875,29262.60546875,29563.40625,29907.86328125,28136.0
2020-11-23 16:30,24691.708984375,24767.33203125,25168.5546875,25397.79296875,25397.79296875,25573.1171875,25725.53125,26092.09765625,26209.0390625,26590.09765625,26990.65234375,25182.598
2020-11-23 16:45,21519.130859375,21660.494140625,21850.51171875,22113.76171875,22113.76171875,22183.560546875,22369.392578125,22655.888671875,22702.08203125,23082.048828125,23605.515625,21312.135
2020-11-23 17:00,16069.90234375,16336.2890625,16683.306640625,17207.56640625,17276.34765625,17548.30078125,17900.646484375,18179.294921875,18452.119140625,18960.271484375,19675.65625,13792.398
2020-11-23 17:15,6664.1826171875,7247.02978515625,7764.04345703125,9035.3203125,9127.41796875,9834.234375,10209.44140625,10985.21484375,11607.048828125,12588.59375,13662.015625,6373.1997
2020-11-23 17:30,2524.4423828125,2925.85205078125,2925.85205078125,3722.73583984375,3722.73583984375,4061.23291015625,4103.28466796875,4537.26171875,4826.6982421875,5486.0263671875,6251.130859375,2116.5327
2020-11-23 17:45,1120.0625,1129.1171875,1152.7763671875,1496.69677734375,1514.181640625,1695.03466796875,1695.03466796875,1695.03466796875,1836.201171875,1980.38818359375,2261.48486328125,404.73242
2020-11-23 18:00,0.0,0.2587890625,121.421875,358.19921875,465.9951171875,502.986328125,502.986328125,502.986328125,767.0556640625,767.0556640625,767.0556640625,49.466797
2020-11-24 09:00,0.0,218.556640625,381.765625,549.193359375,641.8603515625,794.5458984375,923.625,999.4990234375,1278.078125,1575.2412109375,1683.10546875,989.8662
2020-11-24 09:15,1070.998046875,1524.47607421875,1679.01611328125,1887.61767578125,2059.30615234375,2244.111328125,2431.44287109375,2515.5537109375,2838.90771484375,3239.27099609375,3424.28857421875,1851.8662
2020-11-24 09:30,1981.84326171875,2626.79833984375,2910.48828125,3200.43115234375,3444.62353515625,3681.814453125,3896.5283203125,4062.55078125,4427.34130859375,4991.3544921875,5363.72705078125,2107.8667
2020-11-24 09:45,886.5576171875,1602.70849609375,1987.650390625,2415.99560546875,2674.5595703125,3024.31298828125,3263.57421875,3658.82080078125,3988.57080078125,4819.02099609375,5542.388671875,2863.3325
2020-11-24 10:00,2745.88037109375,3520.65771484375,3784.15380859375,4265.23828125,4529.283203125,4937.62158203125,5171.32470703125,5604.01708984375,5950.39208984375,6808.951171875,7723.61328125,4098.266
2020-11-24 10:15,3618.46533203125,4368.3525390625,4653.6669921875,5233.32275390625,5510.99853515625,5994.8193359375,6295.013671875,6860.740234375,7289.46875,8348.6337890625,9504.296875,6434.9995
2020-11-24 10:30,6524.55517578125,7421.6171875,7965.423828125,8655.1015625,9089.5048828125,9652.759765625,10118.244140625,10694.892578125,11296.755859375,12452.97265625,13751.27734375,10312.0
2020-11-24 10:45,9301.1572265625,10530.4423828125,11632.0546875,12529.8203125,13185.47265625,13823.73828125,14546.9189453125,15165.328125,16002.412109375,17381.71875,18759.9296875,12775.199
2020-11-24 11:00,11187.5712890625,12375.10546875,13539.56640625,14110.0478515625,14711.94921875,15227.2646484375,15880.31640625,16412.640625,17163.1171875,18674.90625,20044.609375,10181.2
2020-11-24 11:15,8006.3291015625,8576.4853515625,9939.98046875,10582.572265625,11333.7939453125,12242.4208984375,13069.759765625,14004.255859375,14944.048828125,16819.337890625,18582.96875,11155.866
2020-11-24 11:30,9720.5986328125,10455.486328125,11341.9013671875,12168.17578125,12814.05859375,13425.615234375,14093.29296875,14914.123046875,15800.63671875,17671.8671875,19628.546875,12800.733
2020-11-24 11:45,11301.490234375,12244.6826171875,13271.916015625,14236.1650390625,14832.1142578125,15439.20703125,16040.767578125,16909.751953125,17813.8046875,19622.30078125,21642.80078125,14418.465
2020-11-24 12:00,12040.2373046875,12999.2666015625,14050.8984375,14852.4638671875,15382.25390625,15890.78515625,16422.26953125,17219.51953125,18033.36328125,19814.59375,21916.556640625,14336.865
2020-11-24 12:15,12280.509765625,13114.875,14086.5546875,14766.798828125,15146.580078125,15467.39453125,15891.64453125,16568.724609375,17249.265625,18893.60546875,20892.046875,14794.865
2020-11-24 12:30,12858.7880859375,13716.1875,14641.49609375,15336.201171875,15583.28515625,15806.966796875,16196.025390625,16744.10546875,17294.53515625,18621.87890625,20339.00390625,17929.6
2020-11-24 12:45,15544.462890625,16854.3515625,18541.55078125,19491.22265625,20192.34375,20747.4140625,21489.21875,22342.8125,23107.11328125,24470.1328125,26088.16796875,21731.867
2020-11-24 13:00,18344.86328125,19943.580078125,22127.390625,22736.71484375,23703.8671875,24334.373046875,25397.00390625,26104.7734375,27054.953125,28753.97265625,30513.03515625,22430.8
2020-11-24 13:15,17525.328125,18881.41015625,20910.31640625,21412.7421875,22370.0,22731.87109375,23549.75390625,24218.685546875,25029.19921875,27032.76953125,28991.375,27753.531
2020-11-24 13:30,21574.0625,23708.90625,26433.98046875,27686.26953125,28755.3515625,29786.7265625,30905.76953125,31839.91015625,32876.18359375,34503.20703125,36157.73046875,27518.2
2020-11-24 13:45,18346.015625,20241.517578125,23206.84375,24179.8359375,25566.48828125,26331.8984375,27469.01171875,28405.41015625,29366.9140625,31485.6328125,33372.66796875,25236.666
2020-11-24 14:00,18337.93359375,19893.7734375,21810.15625,22927.03125,23815.37890625,24421.625,25112.703125,26195.8203125,27046.25,29289.7734375,31249.00390625,25865.664
2020-11-24 14:15,19586.65234375,21518.76171875,23290.3828125,24350.87890625,25069.3515625,25660.4765625,26123.3515625,27070.01953125,27821.51953125,29893.5859375,31882.25,23747.531
2020-11-24 14:30,15703.4619140625,17075.076171875,18925.33203125,20147.4921875,21046.80078125,21628.64453125,22243.609375,23143.16796875,24176.087890625,26285.2734375,28322.1328125,21679.533
2020-11-24 14:45,16836.734375,18283.0625,19557.859375,20790.55859375,21008.50390625,21486.6171875,21747.0625,22558.01953125,23269.83984375,25165.625,26857.578125,20594.465
2020-11-24 15:00,15463.828125,16698.46484375,17970.3671875,18944.5859375,19224.177734375,19647.25390625,19999.3203125,20444.181640625,21106.5,22468.267578125,24050.38671875,14883.533
2020-11-24 15:15,8909.1171875,10105.900390625,11125.0302734375,12409.2841796875,12711.6416015625,13182.080078125,13754.1484375,14258.013671875,15398.0810546875,16643.5859375,17994.6796875,12640.465
2020-11-24 15:30,8689.009765625,10050.80078125,11038.1826171875,11852.7802734375,12098.470703125,12446.935546875,12878.51953125,13093.8232421875,13840.2958984375,14878.9609375,15935.0205078125,12508.932
2020-11-24 15:45,9125.00390625,10296.470703125,11353.9970703125,11901.6171875,12329.9609375,12677.4111328125,13228.388671875,13376.1328125,14004.51953125,14964.37890625,16084.1162109375,15448.332
2020-11-24 16:00,11204.96484375,12602.4296875,14176.921875,15280.798828125,16152.9765625,16866.6484375,17648.92578125,18397.09765625,19230.861328125,20590.51953125,22117.09765625,13601.933
2020-11-24 16:15,7767.78955078125,8614.322265625,9636.375,10244.333984375,10947.2529296875,11387.5458984375,12176.78515625,12606.6025390625,13456.8232421875,15004.9091796875,16641.50390625,14766.998
2020-11-24 16:30,8497.93359375,9720.2177734375,11069.83203125,12217.6943359375,13082.771484375,13759.6318359375,14537.4716796875,15189.5517578125,15927.904296875,17237.6640625,18788.9140625,17256.2
2020-11-24 16:45,10622.16015625,12011.203125,13752.203125,15310.9453125,16251.03515625,17118.609375,17978.82421875,18743.484375,19421.3515625,20821.15234375,22466.65625,10074.067
2020-11-24 17:00,2852.25439453125,3609.58447265625,4855.56884765625,5495.15283203125,6115.8935546875,6672.875,7556.57080078125,8209.912109375,9366.521484375,10898.41796875,12177.927734375,13791.666
2020-11-24 17:15,6444.1513671875,7750.22021484375,9440.3095703125,11062.4345703125,12015.7412109375,13106.04296875,13779.4375,14763.875,15626.4892578125,16378.33984375,17636.5546875,6633.9995
2020-11-24 17:30,1095.37109375,1537.3017578125,2354.40869140625,2778.7578125,3206.423828125,3788.3759765625,4399.6298828125,4919.8759765625,5866.98681640625,6939.34375,7783.04296875,3373.7324
2020-11-24 17:45,855.1884765625,919.103515625,1194.4833984375,1391.2392578125,1460.2822265625,1678.060546875,1897.3818359375,2067.6572265625,2315.376953125,2659.4111328125,2981.44384765625,1186.1992
2020-11-24 18:00,22.6650390625,34.11328125,200.7138671875,303.27734375,357.349609375,442.9951171875,493.7138671875,541.953125,768.0126953125,860.3349609375,930.0693359375,144.2666
2020-11-25 09:00,0.0,163.9658203125,327.95703125,514.1689453125,580.376953125,749.03515625,863.03515625,946.291015625,1236.5654296875,1505.17724609375,1563.44482421875,884.8662
2020-11-25 09:15,962.150390625,1356.0703125,1521.76220703125,1730.25830078125,1880.3916015625,2067.0595703125,2249.68896484375,2324.1416015625,2665.55224609375,3025.61767578125,3139.39404296875,2431.2666
2020-11-25 09:30,3413.68359375,4066.3115234375,4341.5732421875,4677.50732421875,4926.9677734375,5173.2265625,5390.53759765625,5534.51416015625,5931.603515625,6430.1015625,6710.73681640625,4599.2666
2020-11-25 09:45,6737.8818359375,7404.46044921875,7791.24658203125,8210.4736328125,8423.595703125,8824.07421875,8943.2001953125,9249.03515625,9571.4931640625,10141.775390625,10628.1689453125,8881.733
2020-11-25 10:00,13012.361328125,13625.1455078125,14143.9296875,14324.9833984375,14583.822265625,14928.767578125,15033.6220703125,15275.912109375,15530.7958984375,15979.548828125,16291.5048828125,15525.465
2020-11-25 10:15,18495.29296875,18949.25,19579.328125,19764.146484375,20040.064453125,20190.818359375,20190.818359375,20316.625,20481.20703125,20800.71484375,20983.76171875,19834.133
2020-11-25 10:30,21894.658203125,22369.177734375,22826.15234375,23111.85546875,23291.37890625,23563.8359375,23567.828125,23765.26171875,23879.236328125,24173.15234375,24395.216796875,22979.266
2020-11-25 10:45,24916.88671875,25420.482421875,25747.94140625,26010.78515625,26203.375,26419.953125,26512.46875,26691.546875,26814.32421875,27137.58203125,27475.13671875,25630.998
2020-11-25 11:00,27063.53515625,27625.6171875,27993.984375,28209.8046875,28401.47265625,28607.64453125,28753.609375,28961.55078125,29122.3125,29473.30859375,29847.88671875,27965.133
2020-11-25 11:15,29009.43359375,29602.7421875,30005.69140625,30174.0078125,30338.3046875,30536.91015625,30673.25390625,30896.17578125,31075.07421875,31426.08984375,31842.4140625,30157.996
2020-11-25 11:30,31078.46484375,31622.953125,31956.02734375,32068.98828125,32174.94140625,32336.91015625,32392.6015625,32602.33203125,32753.66015625,33060.59765625,33485.43359375,32107.066
2020-11-25 11:45,33105.140625,33561.40625,33818.57421875,33915.21484375,33962.8046875,34118.3828125,34118.3828125,34317.94140625,34417.05859375,34665.3359375,35082.4140625,33631.797
2020-11-25 12:00,34259.49609375,34735.5546875,34999.15234375,35150.453125,35176.37109375,35371.21484375,35371.21484375,35618.92578125,35707.3046875,35939.90234375,36404.0234375,34960.465
2020-11-25 12:15,35226.203125,35733.015625,35998.71484375,36185.05078125,36216.3046875,36424.921875,36424.921875,36685.36328125,36783.81640625,36992.80859375,37516.62890625,36026.332
2020-11-25 12:30,36134.26171875,36639.609375,36873.42578125,37080.5546875,37098.58203125,37294.19140625,37294.19140625,37545.30859375,37633.1484375,37829.140625,38374.55078125,36920.996
2020-11-25 12:45,37138.21875,37589.55078125,37768.703125,37981.49609375,37981.49609375,38161.359375,38161.359375,38377.87890625,38430.84375,38599.03125,39135.86328125,37632.062
2020-11-25 13:00,37546.890625,38022.16015625,38200.65625,38476.25390625,38476.25390625,38685.98046875,38685.98046875,38932.54296875,38985.84375,39153.27734375,39724.64453125,38285.066
2020-11-25 13:15,37830.48046875,38341.8671875,38527.26953125,38833.23046875,38840.63671875,39066.28125,39066.28125,39318.13671875,39387.30078125,39557.7734375,40167.12890625,38648.33
2020-11-25 13:30,37933.3359375,38474.83203125,38665.15234375,38994.08984375,38994.08984375,39210.18359375,39210.18359375,39469.56640625,39540.92578125,39727.78515625,40338.52734375,38786.6
2020-11-25 13:45,37967.62109375,38512.99609375,38701.90234375,39050.69921875,39050.69921875,39241.3828125,39241.3828125,39481.97265625,39544.5703125,39726.796875,40309.37890625,38914.6
2020-11-25 14:00,38203.30859375,38691.44140625,38873.21875,39182.61328125,39182.61328125,39373.2890625,39373.2890625,39558.97265625,39611.5390625,39782.7421875,40363.4453125,38360.926
2020-11-25 14:15,36741.06640625,37379.61328125,37705.60546875,38159.66796875,38159.66796875,38439.890625,38448.03125,38770.23828125,38910.98828125,39147.66796875,39812.859375,37450.066
2020-11-25 14:30,35518.63671875,36175.76171875,36589.484375,36954.4375,36954.4375,37181.5625,37210.06640625,37519.72265625,37684.3984375,37928.24609375,38593.05078125,36666.6
2020-11-25 14:45,34970.8515625,35490.55859375,35818.94140625,36079.28515625,36079.28515625,36202.25,36202.25,36391.05859375,36514.4921875,36729.44140625,37343.484375,35688.33
2020-11-25 15:00,33897.6484375,34309.66796875,34632.14453125,34865.02734375,34865.02734375,34983.61328125,34983.61328125,35124.76171875,35253.140625,35454.6953125,36026.1171875,34575.332
2020-11-25 15:15,32467.79296875,32800.4140625,33172.8984375,33351.00390625,33351.00390625,33513.0546875,33513.0546875,33681.2421875,33826.05859375,34026.37109375,34571.69140625,32903.53
2020-11-25 15:30,30198.734375,30463.59765625,30963.23046875,31079.12109375,31142.328125,31368.75,31387.55078125,31692.046875,31862.82421875,32121.4140625,32649.51953125,30731.598
2020-11-25 15:45,28039.296875,28185.1328125,28629.125,28683.84375,28733.3046875,28947.6015625,28957.4609375,29328.8359375,29423.53515625,29714.9765625,30224.2890625,28720.598
2020-11-25 16:00,26022.203125,26131.26953125,26428.23828125,26503.62890625,26503.62890625,26639.49609375,26639.49609375,26971.65234375,26971.65234375,27197.11328125,27687.41796875,26077.664
2020-11-25 16:15,22429.9609375,22634.267578125,23035.923828125,23261.1171875,23300.05859375,23538.9765625,23641.05078125,24031.98828125,24106.25390625,24396.046875,24950.6171875,23052.334
2020-11-25 16:30,19176.39453125,19416.11328125,19680.13671875,19934.287109375,19964.7265625,20159.93359375,20318.189453125,20580.5546875,20684.25,21030.677734375,21636.46484375,19623.668
2020-11-25 16:45,14466.7724609375,14797.556640625,15128.78125,15403.115234375,15504.646484375,15723.0,15993.958984375,16165.0654296875,16432.9375,16880.2578125,17453.427734375,15796.066
2020-11-25 17:00,10251.40625,10718.408203125,11025.8359375,11137.728515625,11280.6796875,11429.890625,11641.6484375,11790.7529296875,12031.048828125,12490.9345703125,12925.4267578125,10503.866
2020-11-25 17:15,4790.46875,5261.60009765625,5548.17529296875,5897.9951171875,6054.8857421875,6273.14013671875,6483.1201171875,6667.208984375,6970.81884765625,7405.8955078125,7847.24169921875,5468.8667
2020-11-25 17:30,2223.34521484375,2367.86181640625,2473.9873046875,2781.9931640625,2845.39453125,3019.81884765625,3104.70556640625,3172.42626953125,3365.39697265625,3620.61474609375,3902.03173828125,2611.8667
2020-11-25 17:45,855.5908203125,884.9912109375,987.02734375,1223.9609375,1285.6240234375,1425.5263671875,1452.6025390625,1487.029296875,1723.50732421875,1836.8134765625,1905.8193359375,1123.1992
2020-11-25 18:00,0.0,0.0,91.306640625,281.1455078125,362.28125,428.564453125,437.306640625,438.03515625,757.2861328125,803.74609375,803.74609375,142.0
2020-11-26 09:00,0.0,97.09765625,257.939453125,461.7841796875,503.5166015625,683.6923828125,788.0205078125,880.626953125,1174.9482421875,1426.3759765625,1454.173828125,822.7998
2020-11-26 09:15,962.294921875,1318.962890625,1493.7109375,1712.08203125,1848.66015625,2041.95703125,2226.7041015625,2298.2626953125,2655.37890625,2991.67724609375,3056.572265625,2626.4668
2020-11-26 09:30,4095.052734375,4718.61767578125,5021.84521484375,5390.75244140625,5646.64013671875,5905.2216796875,6123.7216796875,6264.748046875,6684.13623046875,7150.0029296875,7368.384765625,4970.2666
2020-11-26 09:45,7325.20751953125,7925.95703125,8374.6357421875,8813.3740234375,8995.0302734375,9432.2490234375,9502.603515625,9828.3994140625,10133.40234375,10668.0283203125,11073.2890625,9202.067
2020-11-26 10:00,13446.490234375,13955.8671875,14431.8857421875,14537.83203125,14744.263671875,15054.458984375,15117.626953125,15320.095703125,15525.0,15906.796875,16103.9443359375,16132.531
2020-11-26 10:15,19338.515625,19703.23046875,20270.3671875,20486.0078125,20716.4921875,20895.1484375,20895.1484375,20986.7109375,21143.953125,21348.7890625,21486.185546875,20522.799
2020-11-26 10:30,22459.96484375,22922.5078125,23332.3359375,23658.98046875,23851.58203125,24144.45703125,24144.45703125,24335.8203125,24466.078125,24741.279296875,24966.625,23941.066
2020-11-26 10:45,26536.98046875,26917.2890625,27086.50390625,27225.33203125,27343.20703125,27496.8125,27496.8125,27629.515625,27674.765625,27885.41015625,28156.25390625,26836.2
2020-11-26 11:00,28359.62890625,28887.09375,29172.4375,29352.17578125,29503.2578125,29709.1015625,29824.53125,30030.17578125,30139.1328125,30424.44921875,30761.3984375,29391.066
2020-11-26 11:15,30619.77734375,31162.03515625,31461.2421875,31581.3046875,31698.453125,31885.96484375,31983.59375,32205.64453125,32312.81640625,32588.09375,32966.171875,31648.465
2020-11-26 11:30,32483.671875,33030.109375,33319.36328125,33431.88671875,33515.8515625,33698.33984375,33740.3046875,33992.8046875,34098.46875,34356.23828125,34760.53125,33498.332
2020-11-26 11:45,34392.30859375,34872.25,35106.9140625,35202.47265625,35230.90625,35411.96875,35411.96875,35656.12890625,35713.7421875,35929.625,36344.5390625,35275.53
2020-11-26 12:00,35906.37109375,36367.59375,36583.2265625,36711.265625,36711.265625,36928.92578125,36928.92578125,37176.234375,37202.78125,37388.421875,37848.140625,36830.53
2020-11-26 12:15,37172.875,37654.57421875,37847.40234375,38028.64453125,38028.64453125,38263.98828125,38263.98828125,38519.421875,38538.8828125,38712.1171875,39229.859375,37913.465
2020-11-26 12:30,37853.921875,38394.7109375,38586.34765625,38854.46484375,38854.46484375,39098.25,39098.25,39400.76171875,39427.0625,39616.55078125,40176.67578125,38855.33
2020-11-26 12:45,38996.52734375,39467.0546875,39600.296875,39851.80078125,39851.80078125,40046.92578125,40046.92578125,40298.82421875,40298.82421875,40445.28125,40989.5546875,39812.53
2020-11-26 13:00,39713.8515625,40175.49609375,40279.7734375,40584.9375,40584.9375,40808.375,40808.375,41067.12109375,41067.12109375,41198.65234375,41773.4453125,40440.062
2020-11-26 13:15,39824.5546875,40362.57421875,40479.34375,40869.47265625,40869.47265625,41147.7734375,41147.7734375,41453.54296875,41453.54296875,41643.015625,42275.43359375,40878.598
2020-11-26 13:30,40100.5,40652.35546875,40760.18359375,41144.1875,41144.1875,41391.0390625,41391.0390625,41679.97265625,41679.97265625,41876.234375,42497.24609375,41112.53
2020-11-26 13:45,40232.078125,40794.58203125,40901.08203125,41314.7421875,41314.7421875,41537.7578125,41537.7578125,41814.7578125,41814.7578125,41999.1484375,42586.51171875,40937.26
2020-11-26 14:00,40184.12109375,40720.30859375,40822.23828125,41220.90234375,41220.90234375,41443.18359375,41443.18359375,41696.0,41696.0,41885.75390625,42497.09375,40567.4
2020-11-26 14:15,39083.44140625,39711.8125,39885.46484375,40375.2421875,40375.2421875,40645.453125,40645.453125,40959.5703125,41004.96484375,41238.11328125,41930.2109375,39949.47
2020-11-26 14:30,38181.18359375,38816.34765625,39034.19921875,39474.12890625,39474.12890625,39680.4453125,39680.4453125,39956.5078125,40009.82421875,40240.2421875,40920.40234375,39237.33
2020-11-26 14:45,37579.41015625,38121.765625,38325.01171875,38678.42578125,38678.42578125,38812.33203125,38812.33203125,38980.6640625,39021.12890625,39227.9140625,39853.92578125,38156.527
2020-11-26 15:00,36188.47265625,36710.85546875,36987.578125,37312.28515625,37312.28515625,37466.609375,37466.609375,37628.17578125,37723.30859375,37920.47265625,38534.0859375,36926.133
2020-11-26 15:15,34457.76171875,34964.5234375,35370.42578125,35610.7265625,35610.7265625,35814.8984375,35814.8984375,36012.046875,36179.703125,36375.73828125,36981.50390625,35400.465
2020-11-26 15:30,32333.2265625,32781.47265625,33318.4140625,33462.83203125,33559.96875,33776.94140625,33824.51171875,34061.48828125,34284.44921875,34523.08984375,35107.6796875,33359.664
2020-11-26 15:45,30702.62890625,30930.3125,31372.9140625,31440.0234375,31488.44921875,31687.4296875,31692.70703125,31935.265625,32097.109375,32354.80078125,32862.99609375,31322.398
2020-11-26 16:00,28806.6796875,28880.89453125,29235.1015625,29304.20703125,29304.20703125,29459.48828125,29459.48828125,29704.43359375,29781.95703125,30028.81640625,30439.3359375,28945.863
2020-11-26 16:15,25883.03125,25981.53125,26396.89453125,26510.11328125,26510.11328125,26724.87890625,26762.51171875,27142.0390625,27204.15625,27488.1953125,27896.5078125,26078.668
2020-11-26 16:30,22519.36328125,22679.37890625,23058.32421875,23271.779296875,23271.779296875,23507.330078125,23648.966796875,24014.138671875,24089.703125,24440.6875,24943.052734375,22865.6
2020-11-26 16:45,18715.19140625,18934.921875,19209.57421875,19485.2265625,19502.015625,19698.79296875,19943.67578125,20173.818359375,20301.78515625,20707.640625,21304.251953125,17869.664
2020-11-26 17:00,11220.150390625,11655.689453125,12262.919921875,12983.115234375,13193.1552734375,13629.953125,14080.0703125,14468.62109375,14997.751953125,15698.23828125,16447.326171875,11068.066
2020-11-26 17:15,4897.45703125,5494.8095703125,5763.9599609375,6599.1171875,6692.4033203125,7124.25732421875,7371.74853515625,7876.44775390625,8328.94921875,9152.7890625,9944.943359375,4188.1323
2020-11-26 17:30,1799.39453125,1963.43408203125,1963.43408203125,2458.9638671875,2458.9638671875,2684.46923828125,2700.6328125,2868.57373046875,3078.64306640625,3433.6962890625,3984.7705078125,1235.0
2020-11-26 17:45,571.6474609375,625.76953125,706.0302734375,947.5439453125,1033.5302734375,1088.140625,1096.318359375,1096.318359375,1296.6298828125,1337.041015625,1406.8095703125,538.0
2020-11-26 18:00,0.0,0.0,123.55859375,291.8291015625,447.5908203125,447.5908203125,447.5908203125,447.5908203125,736.912109375,736.912109375,736.912109375,29.666992
2020-11-27 09:15,0.0,177.83984375,282.8173828125,452.83203125,514.705078125,698.2109375,791.3212890625,900.125,1135.5498046875,1445.125,1593.9921875,953.5996
2020-11-27 09:30,792.2978515625,1251.302734375,1396.0771484375,1610.21435546875,1750.109375,1983.79150390625,2126.67041015625,2248.4169921875,2533.06689453125,2945.361328125,3180.35498046875,1975.9995
2020-11-27 09:45,1521.0595703125,2191.513671875,2391.5380859375,2765.97607421875,2958.09228515625,3269.4384765625,3438.18701171875,3677.95751953125,3988.78515625,4567.9189453125,5038.09326171875,3094.8667
2020-11-27 10:00,3011.41455078125,3857.83056640625,4070.49267578125,4640.5576171875,4861.24169921875,5267.21337890625,5466.162109375,5870.1962890625,6216.1484375,6956.484375,7715.48828125,3450.7998
2020-11-27 10:15,2193.1533203125,2947.7607421875,3187.1142578125,3774.73876953125,3967.31982421875,4409.06640625,4666.51220703125,5261.31689453125,5619.3095703125,6637.26220703125,7679.55419921875,6349.7993
2020-11-27 10:30,7101.12646484375,8218.4384765625,8853.2001953125,9739.544921875,10247.564453125,10907.1240234375,11388.6640625,12038.6611328125,12670.65625,13677.1787109375,14876.1875,17337.0
2020-11-27 10:45,13245.970703125,14602.0009765625,16727.921875,18466.08984375,19808.75,20752.8984375,21524.96875,22500.78125,23382.201171875,24515.4921875,25526.482421875,14858.799
2020-11-27 11:00,7970.716796875,9203.6142578125,12096.083984375,13363.90234375,14663.802734375,16103.9375,17184.3828125,18606.056640625,19755.3203125,21939.1796875,23159.2265625,27132.73
2020-11-27 11:15,19238.56640625,20781.984375,23783.265625,25864.87109375,27413.546875,28800.2578125,29378.90234375,30575.77734375,31134.40234375,31980.5859375,32910.87109375,29326.332
2020-11-27 11:30,22471.60546875,24682.18359375,27655.06640625,29200.9921875,29839.62890625,30746.20703125,30952.453125,31490.96875,31788.12890625,32842.71484375,33422.69921875,31637.93
2020-11-27 11:45,28028.44140625,30045.43359375,32157.640625,33068.66015625,33414.8828125,33982.15234375,34085.984375,34375.75390625,34448.765625,35021.86328125,35713.77734375,29227.133
2020-11-27 12:00,16315.001953125,19242.890625,23623.75,25473.357421875,26893.0859375,28441.359375,29740.30859375,31655.51171875,33167.60546875,34873.94921875,36382.20703125,21466.33
2020-11-27 12:15,12428.978515625,14183.375,16842.7578125,18171.876953125,20102.701171875,21454.73828125,23565.6015625,25395.09375,27537.265625,31330.765625,33862.86328125,20459.398
2020-11-27 12:30,14874.85546875,15907.76171875,17267.48828125,17968.484375,18774.16015625,19788.20703125,20543.21875,21586.232421875,23115.37890625,26441.8984375,28590.796875,27030.996
2020-11-27 12:45,22806.580078125,24787.43359375,27936.75,29867.67578125,31404.65234375,32889.46484375,33969.8671875,35466.625,36785.828125,38770.11328125,40440.03125,34615.996
2020-11-27 13:00,27762.734375,30197.89453125,33726.203125,35144.2265625,36262.52734375,37220.55078125,38185.5390625,38661.6484375,39284.77734375,40801.94921875,41727.4140625,34580.465
2020-11-27 13:15,28543.83984375,31102.84765625,34055.046875,35268.46484375,35607.5234375,36282.37109375,36651.98828125,37112.96875,37542.74609375,38631.69140625,39462.828125,32996.465
2020-11-27 13:30,25024.87109375,27543.07421875,30642.6015625,32047.1875,32597.12109375,33483.890625,33997.6796875,35040.953125,35982.08984375,37163.24609375,38482.36328125,32512.066
2020-11-27 13:45,26343.13671875,28445.12109375,30711.12109375,31541.015625,31765.76171875,32390.11328125,32658.79296875,33638.46875,34390.55859375,35632.890625,36960.4765625,39626.324
2020-11-27 14:00,31123.296875,33289.3671875,36631.8125,37976.6640625,39241.05078125,40185.80859375,40774.3984375,41397.1015625,41945.85546875,42576.8515625,43682.0625,39534.332
2020-11-27 14:15,30941.515625,33480.26953125,36297.484375,37807.70703125,38182.51171875,38906.5546875,39186.5625,39807.80078125,40250.30078125,41220.59765625,41881.640625,38616.332
2020-11-27 14:30,33305.87109375,35611.46484375,37507.6875,38409.1171875,38610.8515625,39076.67578125,39137.984375,39520.55859375,39794.37109375,40275.2578125,41075.6875,37514.8
2020-11-27 14:45,29415.8515625,31922.26171875,34097.2578125,35416.41796875,35819.35546875,36464.078125,36767.74609375,37417.96484375,38091.2578125,38828.8828125,39718.90625,34174.266
2020-11-27 15:00,25934.19921875,28181.4765625,30658.6640625,31599.25390625,32164.4453125,32808.9375,33329.39453125,34301.09765625,35159.97265625,36146.96484375,37125.71875,30627.398
2020-11-27 15:15,21407.9921875,23126.583984375,25638.88671875,26452.33984375,27453.32421875,28162.5859375,28921.4921875,30124.77734375,31276.5234375,32913.61328125,34187.39453125,32833.867
2020-11-27 15:30,23437.7890625,25417.5390625,28062.90625,29494.97265625,30382.8671875,31346.5234375,31840.23828125,32874.56640625,33569.234375,34727.47265625,35962.50390625,30713.266
2020-11-27 15:45,21171.60546875,22725.23046875,25214.796875,26164.25,27177.98828125,27916.84375,28559.4921875,29495.28125,30152.01171875,31702.3828125,32637.24609375,28702.465
2020-11-27 16:00,21630.625,23172.2890625,24930.03125,25715.119140625,26343.08984375,26868.5078125,27219.74609375,28008.55859375,28315.40234375,29371.23828125,30335.8515625,26244.0
2020-11-27 16:15,19222.59375,20304.62109375,21866.619140625,22437.390625,23084.36328125,23458.125,23872.80859375,24444.90625,24904.138671875,25905.1015625,26699.67578125,23302.135
2020-11-27 16:30,17844.3203125,18675.9609375,19618.76171875,20011.609375,20342.2109375,20553.50390625,20829.9765625,21173.40625,21522.708984375,22298.39453125,23050.4765625,19702.066
2020-11-27 16:45,13567.6611328125,14238.4482421875,15058.87109375,15453.8828125,15738.353515625,16012.64453125,16375.828125,16610.28515625,17137.5078125,17864.51171875,18563.423828125,15638.332
2020-11-27 17:00,9528.6015625,10184.94921875,10776.0869140625,11047.0185546875,11252.236328125,11476.4130859375,11751.7333984375,12008.1513671875,12435.318359375,13130.865234375,13723.83984375,10164.4
2020-11-27 17:15,4626.09521484375,5117.7109375,5461.92138671875,5891.76953125,6018.7841796875,6278.6943359375,6500.74169921875,6769.68408203125,7131.5205078125,7763.552734375,8367.6103515625,5347.4663
2020-11-27 17:30,2428.35498046875,2545.86279296875,2662.83544921875,2988.60302734375,3017.89599609375,3211.6240234375,3299.51171875,3403.62109375,3587.57275390625,3943.146484375,4310.44140625,2766.9321
2020-11-27 17:45,1026.4755859375,1043.283203125,1149.013671875,1405.546875,1440.1259765625,1590.34033203125,1621.26806640625,1677.73583984375,1905.63134765625,2064.82177734375,2171.68896484375,1053.0664
2020-11-27 18:00,0.0,0.0,100.259765625,302.6923828125,364.65625,435.181640625,442.3037109375,451.69140625,768.302734375,821.970703125,821.970703125,116.33301
2020-11-28 09:00,0.0,0.0,128.62890625,320.541015625,359.5693359375,531.5390625,621.412109375,720.3369140625,990.0751953125,1244.6748046875,1299.333984375,432.4668
2020-11-28 09:15,272.400390625,565.712890625,698.3369140625,896.107421875,976.5703125,1162.3330078125,1296.9248046875,1383.349609375,1674.66943359375,1993.16455078125,2090.64794921875,1873.4668
2020-11-28 09:30,2602.39208984375,3178.98193359375,3421.74609375,3729.3671875,3965.43896484375,4219.12255859375,4445.0341796875,4568.5732421875,4974.82373046875,5426.06689453125,5626.4501953125,3446.2666
2020-11-28 09:45,4224.34716796875,4923.982421875,5325.07373046875,5823.02587890625,6056.7724609375,6426.27490234375,6609.6982421875,6933.90625,7314.8271484375,7955.7646484375,8454.240234375,6681.4663
2020-11-28 10:00,10125.3046875,10835.810546875,11281.521484375,11676.3759765625,11924.181640625,12394.296875,12541.5888671875,12877.0966796875,13189.607421875,13738.3681640625,14250.857421875,12970.865
2020-11-28 10:15,15500.2158203125,16260.705078125,17203.482421875,17662.12109375,18098.564453125,18392.0078125,18524.19140625,18844.56640625,19186.267578125,19693.5859375,20060.3828125,18188.0
2020-11-28 10:30,20102.79296875,20696.828125,21333.59375,21553.359375,21777.994140625,21974.486328125,21974.486328125,22145.78125,22255.26171875,22620.123046875,22812.525390625,18434.197
2020-11-28 10:45,13666.142578125,15034.955078125,17157.853515625,18491.890625,19575.416015625,20706.33203125,21597.203125,22568.75390625,23706.7890625,24869.06640625,25727.625,20130.799
2020-11-28 11:00,19411.91015625,20457.595703125,21788.990234375,22397.8984375,23176.830078125,23794.2265625,24492.01953125,25146.005859375,25935.171875,27223.0390625,28268.9921875,19418.133
2020-11-28 11:15,15544.2421875,16469.716796875,18257.5625,19111.04296875,20128.099609375,21190.7109375,22011.83203125,23177.5234375,24463.40234375,26301.375,27598.71484375,29182.398
2020-11-28 11:30,23403.953125,24313.314453125,26760.66796875,28330.265625,29609.4765625,30688.234375,31228.109375,32228.5625,33070.57421875,33943.76171875,34987.37109375,30152.465
2020-11-28 11:45,24801.3828125,26356.53125,28783.4921875,30006.2890625,30735.80859375,31447.83203125,32016.515625,32553.55859375,33246.9609375,34543.9921875,35302.9765625,31682.598
2020-11-28 12:00,29212.24609375,30652.578125,32273.6484375,32942.640625,33287.671875,33763.75,34030.88671875,34374.078125,34726.61328125,35442.34765625,36273.87109375,32508.73
2020-11-28 12:15,26795.3671875,28531.1953125,30630.484375,31699.3359375,32243.5234375,32955.01953125,33434.390625,34158.4140625,34934.734375,35909.015625,36837.6875,29944.465
2020-11-28 12:30,22301.0625,24075.8671875,26868.453125,27965.63671875,28804.2890625,29814.71875,30652.984375,32049.57421875,33283.44921875,34870.3984375,36192.92578125,31779.398
2020-11-28 12:45,25962.951171875,27702.12109375,29857.90625,31051.3359375,31570.0234375,32500.16796875,32983.3359375,33880.14453125,34656.6875,36014.29296875,37392.96875,29496.863
2020-11-28 13:00,21295.689453125,22955.5390625,25759.548828125,26933.6328125,28005.71484375,29081.0078125,29933.79296875,31311.53515625,32583.625,34619.38671875,35999.4609375,32360.664
2020-11-28 13:15,25881.52734375,27751.578125,30286.90625,31775.41015625,32549.296875,33581.4375,34262.5078125,35254.47265625,36032.5234375,37399.54296875,38798.48828125,32046.598
2020-11-28 13:30,23853.77734375,25743.62109375,28438.484375,29541.43359375,30538.41015625,31435.1796875,32318.64453125,33343.12890625,34254.1953125,35976.36328125,37145.12890625,30545.332
2020-11-28 13:45,24851.4375,26555.44921875,28482.921875,29073.8046875,29800.296875,30534.859375,31233.15625,32174.61328125,32752.41015625,34209.32421875,35559.87890625,31657.797
2020-11-28 14:00,25062.1953125,26922.36328125,28817.14453125,29704.58984375,30440.6796875,31190.55859375,31729.37890625,32509.69921875,33063.3359375,34339.453125,35682.4609375,24840.8
2020-11-28 14:15,15563.048828125,17173.56640625,20131.48046875,21349.783203125,23125.83984375,24623.767578125,26029.95703125,28019.14453125,29786.81640625,32332.890625,34167.78125,22034.135
2020-11-28 14:30,17648.923828125,18849.5390625,20540.3984375,21512.515625,22377.43359375,23398.58984375,24082.3984375,25522.40625,26671.3125,29424.55078125,31482.41015625,24989.8
2020-11-28 14:45,17718.779296875,19472.365234375,21585.42578125,22689.26171875,23849.037109375,24849.69140625,25491.86328125,26499.13671875,27323.390625,29198.3046875,31042.26953125,24069.2
2020-11-28 15:00,17136.337890625,18399.359375,20050.64453125,20834.50390625,21822.3203125,22548.6796875,23066.41015625,23877.69921875,24718.001953125,26595.671875,28344.1796875,20235.467
2020-11-28 15:15,13048.05078125,14048.16015625,15459.326171875,16518.2734375,17364.158203125,18013.595703125,18657.8203125,19452.5390625,20626.4609375,22430.16796875,24004.61328125,26821.2
2020-11-28 15:30,17054.923828125,18950.69921875,21492.125,23391.66796875,24826.296875,25926.01171875,26866.1328125,27846.12890625,28779.41796875,29769.94140625,31108.77734375,20502.666
2020-11-28 15:45,10596.0771484375,11849.1826171875,14414.306640625,15865.3984375,17074.0234375,18132.68359375,19322.80859375,20377.021484375,21729.65234375,24024.55859375,25538.3828125,16972.666
2020-11-28 16:00,9019.2392578125,10116.21875,11386.685546875,12604.322265625,13107.0703125,13801.990234375,14383.080078125,15195.076171875,16331.8115234375,18289.451171875,19826.88671875,16394.4
2020-11-28 16:15,10240.080078125,11658.830078125,13148.056640625,14169.7451171875,14897.005859375,15488.4853515625,16075.5205078125,16825.580078125,17605.455078125,19051.849609375,20467.5234375,12037.799
2020-11-28 16:30,5856.45654296875,6660.2802734375,7507.05126953125,8055.126953125,8554.494140625,8908.1328125,9542.90625,9998.771484375,10936.7529296875,12370.240234375,13689.2900390625,15642.932
2020-11-28 16:45,8346.7431640625,9665.197265625,11276.3486328125,12645.2890625,13668.9912109375,14450.298828125,15152.560546875,15978.13671875,16766.490234375,17674.271484375,18920.5078125,9433.799
2020-11-28 17:00,3127.314453125,3806.3525390625,4638.5126953125,5185.2470703125,5580.96826171875,6021.7578125,6635.4267578125,7111.2236328125,7928.1806640625,9266.0166015625,10295.27734375,5961.132
2020-11-28 17:15,2241.900390625,2471.65966796875,2790.25390625,3129.70703125,3222.43505859375,3406.087890625,3672.5078125,3855.287109375,4132.5986328125,4766.89697265625,5322.28857421875,3829.5996
2020-11-28 17:30,1322.19140625,1347.6474609375,1496.7392578125,1709.578125,1709.578125,1862.275390625,1935.0712890625,2032.27490234375,2217.01513671875,2491.6025390625,2687.421875,2009.4673
2020-11-28 17:45,434.5048828125,447.55859375,572.57421875,752.455078125,755.134765625,873.849609375,887.5771484375,950.1083984375,1172.8994140625,1307.2431640625,1315.623046875,1113.7998
2020-11-28 18:00,0.0,0.0,38.974609375,185.185546875,238.4736328125,288.787109375,293.736328125,306.73828125,575.1455078125,658.6025390625,658.6025390625,250.7998
2020-11-29 09:15,0.0,210.1171875,322.6884765625,510.17578125,560.0556640625,751.791015625,847.7626953125,952.416015625,1213.466796875,1503.6748046875,1603.669921875,861.0664
2020-11-29 09:30,657.8583984375,1074.1884765625,1230.2421875,1453.580078125,1571.8994140625,1804.9833984375,1944.9970703125,2066.71337890625,2368.66259765625,2766.59326171875,2957.54833984375,1603.3999
2020-11-29 09:45,1040.0166015625,1622.572265625,1829.14306640625,2168.462890625,2320.404296875,2619.52978515625,2771.166015625,2993.80908203125,3298.9228515625,3843.8046875,4240.9775390625,2341.0
2020-11-29 10:00,1767.6748046875,2470.7109375,2660.91015625,3123.49755859375,3290.53515625,3660.724609375,3815.27099609375,4164.640625,4462.3818359375,5133.599609375,5758.9736328125,2795.8662
2020-11-29 10:15,1571.3984375,2247.15673828125,2410.5908203125,2866.03173828125,3016.98193359375,3397.89306640625,3569.78662109375,4028.84326171875,4300.640625,5117.79345703125,5953.767578125,2995.399
2020-11-29 10:30,1924.9287109375,2525.8369140625,2701.25830078125,3080.31201171875,3242.56103515625,3592.7705078125,3756.47607421875,4191.3310546875,4449.68212890625,5270.05908203125,6187.091796875,3199.7324
2020-11-29 10:45,2230.4677734375,2782.1494140625,2989.521484375,3342.474609375,3527.416015625,3849.63818359375,4009.58935546875,4416.87060546875,4683.55322265625,5467.55810546875,6428.5478515625,3448.2666
2020-11-29 11:00,2640.6103515625,3195.36376953125,3400.935546875,3770.4423828125,3981.65478515625,4284.50341796875,4454.17724609375,4867.39111328125,5156.58349609375,5949.6044921875,6962.0498046875,7183.3994
2020-11-29 11:15,6840.33349609375,8029.8271484375,8951.1494140625,10079.3466796875,10823.4423828125,11565.525390625,12140.89453125,12968.521484375,13809.546875,14899.416015625,16212.044921875,23305.266
2020-11-29 11:30,17157.384765625,18944.44921875,21288.671875,23544.87890625,25411.7578125,26516.44140625,27202.625,28459.33984375,29637.796875,30659.23828125,31915.98046875,32456.398
2020-11-29 11:45,24524.578125,27239.31640625,29826.80859375,31549.6875,32778.953125,33775.9375,33907.95703125,34332.6953125,35199.84375,36129.29296875,36867.63671875,34128.066
2020-11-29 12:00,28803.265625,31089.48046875,33305.99609375,34699.37890625,35017.8359375,35942.828125,35942.828125,36366.43359375,36641.0078125,37405.65625,38139.51171875,33530.465
2020-11-29 12:15,21961.09375,24550.875,28172.421875,30327.40234375,31244.66015625,32735.21875,33361.1015625,34971.96484375,36062.0546875,37474.30859375,39094.43359375,18099.4
2020-11-29 12:30,7345.095703125,9704.087890625,12656.044921875,14802.7265625,16671.439453125,18639.544921875,21180.3984375,24372.5234375,27547.04296875,31269.90234375,34121.26171875,34543.2
2020-11-29 12:45,25131.60546875,27791.94921875,31921.234375,33625.79296875,36642.796875,37652.390625,39155.1015625,40223.421875,41159.953125,42975.30078125,44027.3359375,38099.195
2020-11-29 13:00,28541.92578125,32135.6171875,35937.30859375,37424.98828125,38705.5078125,39607.38671875,40158.3203125,40158.3203125,40762.4453125,42219.50390625,42705.51171875,18977.332
2020-11-29 13:15,8541.8828125,11621.310546875,15980.1845703125,18153.806640625,20557.99609375,22522.984375,25178.294921875,27686.6015625,30948.41015625,33960.8125,36268.9296875,14636.4
2020-11-29 13:30,8278.9912109375,9750.044921875,12247.2705078125,13961.3681640625,15511.73828125,17233.044921875,18621.56640625,20732.310546875,23380.556640625,27788.18359375,30522.21875,20461.732
2020-11-29 13:45,16328.9775390625,17930.0859375,20812.080078125,23179.5,24871.0625,26943.16796875,28369.8828125,30250.17578125,32413.3046875,35382.04296875,37382.48828125,12096.533
2020-11-29 14:00,6580.2177734375,7263.5341796875,9222.978515625,10448.1455078125,11982.6787109375,13602.4951171875,15202.3671875,17180.591796875,19648.10546875,23426.078125,25797.015625,10844.533
2020-11-29 14:15,7809.259765625,8624.2802734375,10047.6875,11637.4912109375,12612.576171875,13994.18359375,15200.8115234375,16864.23828125,18852.61328125,21848.986328125,24223.17578125,17369.8
2020-11-29 14:30,11751.8798828125,12518.6728515625,14139.158203125,16351.685546875,17819.115234375,19564.58203125,21110.13671875,22564.140625,24194.0234375,26845.21875,29348.21484375,29485.598
2020-11-29 14:45,15612.3828125,17593.66015625,19733.828125,21654.248046875,23756.4921875,25506.17578125,27220.37890625,28300.125,29728.1171875,31913.0390625,34070.8515625,24489.531
2020-11-29 15:00,11346.2685546875,13116.869140625,15600.40234375,17375.390625,18926.3984375,20562.26953125,21743.19921875,23017.8984375,24594.29296875,27888.390625,30376.84375,16727.734
2020-11-29 15:15,9114.8681640625,9981.0625,11560.244140625,12917.921875,13805.609375,14793.873046875,15644.2841796875,16705.1953125,18408.310546875,21622.94140625,24045.30078125,9757.466
2020-11-29 15:30,5520.50830078125,6426.1201171875,6967.1669921875,8206.7568359375,8444.2900390625,8814.552734375,9445.2255859375,10545.5205078125,11826.69921875,14563.9599609375,16575.59765625,10185.733
2020-11-29 15:45,7419.73291015625,8796.595703125,10299.7080078125,11772.8330078125,12586.703125,13262.134765625,14139.3212890625,15355.001953125,16544.20703125,18644.2265625,20342.205078125,11680.4
2020-11-29 16:00,7864.9443359375,8816.3701171875,9728.353515625,10985.716796875,11719.728515625,12479.119140625,13363.490234375,14295.3388671875,15409.759765625,17643.20703125,19665.771484375,13936.332
2020-11-29 16:15,9046.787109375,10208.9921875,11621.240234375,13187.4443359375,14185.056640625,15136.046875,16120.830078125,17121.080078125,18136.423828125,20243.1484375,22395.931640625,8745.599
2020-11-29 16:30,3917.3486328125,4610.40771484375,5436.134765625,6011.4794921875,6649.447265625,7151.556640625,7877.51318359375,8435.828125,9556.5029296875,11437.2294921875,13264.12890625,13287.398
2020-11-29 16:45,6505.38330078125,7755.802734375,9284.6630859375,10816.81640625,11886.7421875,12856.8701171875,13714.0078125,14736.4697265625,15688.0107421875,16812.15625,18309.259765625,11963.332
2020-11-29 17:00,6302.2158203125,7220.880859375,8215.8359375,9179.947265625,9782.6904296875,10489.05859375,11073.6826171875,11645.1220703125,12446.2705078125,13938.806640625,15326.4111328125,7741.3325
2020-11-29 17:15,2789.63330078125,3196.6162109375,3921.08837890625,4236.0244140625,4517.734375,4878.84814453125,5273.04541015625,5480.142578125,6094.8994140625,6999.044921875,7944.9443359375,4955.9995
2020-11-29 17:30,2247.92724609375,2328.43701171875,2616.43603515625,2777.15869140625,2812.486328125,2966.9267578125,3139.46728515625,3241.55029296875,3466.8837890625,3814.779296875,4205.9892578125,2477.733
2020-11-29 17:45,799.03515625,800.927734375,969.4609375,1128.833984375,1142.4365234375,1268.0078125,1325.73828125,1408.775390625,1631.013671875,1792.66650390625,1945.46728515625,882.4668
2020-11-29 18:00,0.0,15.1787109375,148.341796875,280.078125,337.619140625,396.501953125,418.36328125,435.5703125,708.2763671875,772.5205078125,772.5205078125,69.66699
2020-11-30 09:00,0.0,59.583984375,209.134765625,412.9638671875,445.7919921875,613.6796875,695.689453125,794.60546875,1058.63671875,1309.29296875,1345.556640625,546.0664
2020-11-30 09:15,469.1083984375,745.0693359375,886.8408203125,1105.6494140625,1192.248046875,1381.158203125,1506.73828125,1606.78759765625,1897.61865234375,2228.59912109375,2320.7119140625,951.7324
2020-11-30 09:30,536.54296875,938.568359375,1146.828125,1393.4599609375,1515.26416015625,1734.0400390625,1876.1044921875,2028.6064453125,2328.353515625,2781.39306640625,3022.50244140625,2089.1997
2020-11-30 09:45,1892.18212890625,2499.4736328125,2756.68115234375,3158.12646484375,3345.29833984375,3654.3515625,3820.75634765625,4056.3994140625,4385.2294921875,4945.94140625,5359.67724609375,3419.0664
2020-11-30 10:00,3442.2509765625,4184.3349609375,4490.0146484375,5090.77587890625,5304.05908203125,5745.3291015625,5926.65087890625,6359.27294921875,6721.5263671875,7450.5546875,8147.86181640625,3863.9326
2020-11-30 10:15,3166.08935546875,3785.970703125,4227.31298828125,4773.72216796875,4993.85888671875,5476.544921875,5695.09765625,6262.4453125,6644.88134765625,7578.2109375,8461.7900390625,5916.8667
2020-11-30 10:30,6058.1142578125,6784.60595703125,7324.90234375,7990.14306640625,8333.716796875,8879.1513671875,9205.767578125,9764.384765625,10242.8056640625,11231.5302734375,12292.2568359375,9802.533
2020-11-30 10:45,9527.9453125,10604.962890625,11640.2685546875,12668.1865234375,13307.265625,13998.146484375,14643.94921875,15316.8564453125,16078.4716796875,17322.8046875,18583.48046875,10629.866
2020-11-30 11:00,9359.8203125,10000.412109375,11043.32421875,11743.1640625,12307.6640625,13012.8408203125,13624.9931640625,14305.224609375,15087.4345703125,16666.859375,17959.1484375,13978.066
2020-11-30 11:15,12399.810546875,13566.703125,14822.2470703125,15742.236328125,16393.17578125,17058.0390625,17650.455078125,18376.109375,19148.8671875,20531.65625,21952.4453125,13284.866
2020-11-30 11:30,9633.890625,10120.0322265625,11517.455078125,12423.7587890625,13223.052734375,14095.787109375,14848.919921875,15839.689453125,16805.1875,18665.61328125,20380.494140625,14093.932
2020-11-30 11:45,11915.6416015625,12848.3828125,14043.1943359375,15142.177734375,15813.869140625,16468.734375,17098.630859375,18061.962890625,18945.62109375,20747.10546875,22565.29296875,16120.797
2020-11-30 12:00,12765.36328125,13902.66015625,15225.11328125,16255.69140625,16938.7265625,17577.43359375,18200.78125,19133.58203125,20003.55859375,21854.81640625,23853.55859375,15743.199
2020-11-30 12:15,12257.7119140625,13108.8740234375,14330.5615234375,15158.837890625,15671.62109375,16129.1279296875,16615.3515625,17417.8671875,18246.328125,20113.0390625,22180.533203125,15293.133
2020-11-30 12:30,12940.576171875,13812.611328125,14783.857421875,15596.82421875,15784.08984375,16056.404296875,16379.986328125,17016.265625,17630.1796875,19150.130859375,20895.73828125,14483.933
2020-11-30 12:45,11219.4501953125,12047.23046875,13051.05078125,13918.4384765625,14105.26953125,14412.28125,14823.75,15290.083984375,15945.517578125,17026.31640625,18457.494140625,17594.732
2020-11-30 13:00,14233.6005859375,15644.15234375,17505.71484375,18799.91015625,19555.24609375,20318.302734375,21079.2578125,22073.291015625,22967.375,24238.9765625,25672.31640625,15878.865
2020-11-30 13:15,11205.2109375,12070.33203125,13632.591796875,14546.4169921875,15231.44921875,15833.3115234375,16743.18359375,17464.310546875,18477.4765625,20262.279296875,22075.91015625,11182.933
2020-11-30 13:30,7306.5419921875,8226.3095703125,8924.9501953125,10079.392578125,10196.4833984375,10553.3740234375,11092.279296875,11739.21875,12702.9052734375,14160.5947265625,15670.662109375,13051.199
2020-11-30 13:45,9490.576171875,11022.0,12727.2822265625,14038.900390625,14796.626953125,15542.8759765625,16387.587890625,17317.978515625,18342.4140625,19749.84375,21034.45703125,14631.332
2020-11-30 14:00,11288.5283203125,12385.5888671875,13694.8115234375,14682.650390625,15345.947265625,16025.88671875,17006.076171875,17716.21484375,18662.265625,20570.6875,22421.34375,19368.531
2020-11-30 14:15,13624.6767578125,15081.345703125,17104.099609375,18478.2890625,19621.87890625,20571.7890625,21844.880859375,22846.56640625,23888.6328125,25964.966796875,28082.71484375,19410.133
2020-11-30 14:30,12786.1982421875,14143.7265625,15878.654296875,16672.564453125,17666.78515625,18273.853515625,19288.45703125,19925.890625,20929.1015625,23327.24609375,25734.9609375,19008.598
2020-11-30 14:45,13162.541015625,14539.197265625,16163.669921875,17039.6484375,17560.16796875,18030.18359375,18675.91796875,19105.25,19903.0859375,21805.494140625,23891.5390625,18223.398
2020-11-30 15:00,12576.8779296875,13782.818359375,15338.396484375,16235.52734375,16615.8046875,17059.54296875,17688.30078125,18012.76171875,18733.328125,20138.5,21792.83203125,17093.8
2020-11-30 15:15,12356.732421875,13501.0380859375,14872.212890625,15717.83203125,15974.888671875,16377.4755859375,16959.19921875,17229.744140625,17934.47265625,19074.66796875,20449.318359375,16751.066
2020-11-30 15:30,12387.0859375,13614.896484375,15016.318359375,15795.955078125,16103.92578125,16521.87890625,17157.625,17408.83984375,18075.650390625,19101.58984375,20378.505859375,15977.398
2020-11-30 15:45,12317.3994140625,13415.6328125,14696.970703125,15291.458984375,15560.5224609375,15933.4833984375,16531.142578125,16662.353515625,17284.5078125,18211.728515625,19425.33203125,12977.799
2020-11-30 16:00,8708.7373046875,9653.3232421875,10693.9814453125,11286.017578125,11508.3291015625,11805.7529296875,12368.91015625,12404.61328125,13190.6123046875,13905.22265625,14965.91796875,11646.666
2020-11-30 16:15,7591.771484375,8655.69921875,9603.732421875,10111.822265625,10405.3720703125,10660.306640625,11162.7802734375,11252.5673828125,11870.14453125,12534.251953125,13390.1240234375,10415.0
2020-11-30 16:30,7428.5185546875,8335.845703125,9182.6396484375,9637.3388671875,10030.9912109375,10330.833984375,10848.763671875,11028.314453125,11583.50390625,12400.8603515625,13356.2685546875,8325.066
2020-11-30 16:45,5975.87451171875,6519.25,7034.564453125,7381.9833984375,7584.06640625,7829.537109375,8194.2724609375,8318.0302734375,8808.3671875,9587.2099609375,10513.6552734375,6543.1997
2020-11-30 17:00,4162.14111328125,4524.17626953125,4858.32958984375,5137.4970703125,5232.48291015625,5418.43701171875,5635.173828125,5729.380859375,6106.7841796875,6678.626953125,7345.7470703125,3781.1992
2020-11-30 17:15,2198.04296875,2366.693359375,2531.1279296875,2729.7529296875,2775.1669921875,2894.90673828125,2997.63134765625,3050.03271484375,3363.8779296875,3728.73681640625,4148.35888671875,2463.1997
2020-11-30 17:30,1215.3427734375,1346.0732421875,1452.849609375,1612.44775390625,1672.24560546875,1781.07470703125,1837.16162109375,1895.9296875,2163.90673828125,2405.412109375,2557.154296875,1544.4668
2020-11-30 17:45,399.857421875,512.4521484375,630.3740234375,759.17578125,845.0634765625,916.666015625,942.8564453125,977.2587890625,1245.5302734375,1429.669921875,1452.2080078125,554.1992
2020-11-30 18:00,0.0,36.4912109375,161.150390625,266.4189453125,376.455078125,399.2294921875,421.8828125,421.8828125,686.80859375,816.5263671875,816.5263671875,9.266602
2020-12-01 09:15,0.0,61.1875,179.271484375,372.81640625,399.265625,575.79296875,660.197265625,762.3642578125,1012.7412109375,1286.427734375,1362.4765625,802.9326
2020-12-01 09:30,709.7314453125,1059.0546875,1222.7099609375,1460.7939453125,1560.55908203125,1781.009765625,1925.01904296875,2036.0712890625,2341.40869140625,2713.91064453125,2849.20458984375,1578.3325
2020-12-01 09:45,1057.3369140625,1566.64208984375,1793.765625,2152.7158203125,2283.1044921875,2575.24755859375,2720.96826171875,2944.00390625,3255.9970703125,3780.5595703125,4113.6259765625,2082.4668
2020-12-01 10:00,1474.3369140625,2071.95263671875,2298.27685546875,2742.67822265625,2881.82861328125,3238.43310546875,3367.80859375,3708.87158203125,3994.7421875,4628.89013671875,5173.2841796875,3033.3994
2020-12-01 10:15,2438.046875,3102.75732421875,3354.36865234375,3881.4619140625,4063.92822265625,4488.42333984375,4635.9267578125,5089.50927734375,5391.1611328125,6148.583984375,6901.7236328125,2518.399
2020-12-01 10:30,1081.9619140625,1504.9130859375,1753.50048828125,2078.7470703125,2224.998046875,2581.1416015625,2720.076171875,3231.615234375,3478.77783203125,4329.1171875,5269.8642578125,2438.9995
2020-12-01 10:45,1585.73388671875,2004.08837890625,2219.291015625,2434.91259765625,2570.9765625,2829.8779296875,2943.9189453125,3260.68017578125,3459.98388671875,4101.7666015625,4909.2431640625,2778.1997
2020-12-01 11:00,1989.490234375,2473.81982421875,2722.37255859375,3009.51806640625,3218.494140625,3507.40625,3639.66162109375,3976.58349609375,4240.759765625,4885.08203125,5683.74853515625,5396.0664
2020-12-01 11:15,4593.9013671875,5581.1474609375,6210.7548828125,7046.2900390625,7586.490234375,8184.06787109375,8566.2431640625,9260.0029296875,9877.2802734375,10860.765625,11915.994140625,8075.5996
2020-12-01 11:30,6571.15087890625,7468.28857421875,8201.306640625,9141.4697265625,9680.232421875,10328.380859375,10950.01171875,11717.232421875,12492.5546875,13989.4306640625,15435.3447265625,7478.9995
2020-12-01 11:45,5284.24658203125,5729.34375,6433.0546875,7119.1142578125,7536.689453125,8102.50927734375,8618.8115234375,9283.9658203125,9973.9150390625,11579.8232421875,13171.6826171875,10034.6
2020-12-01 12:00,8492.537109375,9489.1298828125,10666.6787109375,11814.927734375,12520.60546875,13223.41015625,13893.517578125,14731.46484375,15511.20703125,16896.0546875,18517.125,11452.333
2020-12-01 12:15,8045.91845703125,8756.7353515625,9751.8291015625,10748.998046875,11384.6103515625,12048.5244140625,12745.1923828125,13551.486328125,14379.09765625,16153.244140625,18022.48046875,16873.734
2020-12-01 12:30,11849.56640625,13177.28125,15262.224609375,16847.93359375,18021.59765625,19027.49609375,20133.98046875,21288.65234375,22420.9453125,24104.8203125,25865.48046875,22517.064
2020-12-01 12:45,13545.2646484375,15697.1015625,18449.02734375,19569.83984375,20937.927734375,21924.994140625,23214.59765625,23999.30859375,25405.2421875,27270.06640625,29042.390625,27316.195
2020-12-01 13:00,16812.224609375,20132.552734375,23722.64453125,24771.4765625,26172.67578125,27116.3828125,28478.2890625,29056.359375,30631.296875,32277.41015625,33955.01953125,21373.266
2020-12-01 13:15,11669.837890625,13894.62890625,17659.87890625,18785.81640625,20752.48046875,21850.328125,23607.1953125,25190.482421875,26988.8984375,29946.89453125,32363.73046875,28139.195
2020-12-01 13:30,18684.6328125,20829.98828125,23708.880859375,25684.34375,26985.6640625,28596.8671875,29933.65234375,31024.171875,32370.55078125,34297.17578125,36103.41015625,25447.133
2020-12-01 13:45,15701.587890625,17450.8125,20142.0625,21299.5625,22863.22265625,24318.25390625,25533.6171875,26603.0078125,28157.23828125,30917.2890625,32922.44921875,25573.602
2020-12-01 14:00,17805.2109375,19750.431640625,21817.33203125,23011.53515625,24161.859375,25265.66015625,26119.64453125,27194.08203125,28456.671875,31062.0703125,33230.75390625,22393.2
2020-12-01 14:15,14300.91015625,15691.6826171875,17840.525390625,18902.8671875,20219.001953125,21156.90625,21994.66015625,23233.10546875,24721.20703125,27730.875,29993.7265625,28446.266
2020-12-01 14:30,19043.453125,21047.669921875,23741.35546875,25667.724609375,27057.08984375,28385.328125,29605.0703125,30772.34765625,31832.21875,33490.41796875,35125.0234375,28507.133
2020-12-01 14:45,19479.083984375,21647.91015625,24114.515625,24843.17578125,26176.11328125,26977.6328125,27935.0546875,28644.9296875,29590.9453125,31652.56640625,33390.0546875,32528.062
2020-12-01 15:00,20459.931640625,23406.787109375,26392.73828125,27589.22265625,29065.40625,29995.51953125,31131.66015625,31755.1171875,32492.234375,33829.13671875,35374.0625,24578.266
2020-12-01 15:15,11244.0078125,13016.103515625,16293.4111328125,17874.38671875,19623.109375,20986.71484375,22545.9609375,24056.880859375,25950.296875,28480.06640625,30199.73046875,26450.531
2020-12-01 15:30,15093.6884765625,17117.234375,19697.537109375,21730.83203125,23206.75390625,24552.5234375,25774.75,26787.7578125,28031.2265625,29705.6796875,31381.2421875,29682.398
2020-12-01 15:45,16672.537109375,19425.35546875,22450.228515625,23774.14453125,25532.07421875,26612.52734375,27849.078125,28426.18359375,29347.82421875,30714.2734375,32138.1875,30475.398
2020-12-01 16:00,17670.74609375,20723.140625,23739.8203125,24713.53515625,26067.52734375,26561.8046875,27481.7578125,27819.93359375,28370.56640625,29541.03125,30735.36328125,27614.465
2020-12-01 16:15,17064.8515625,19309.8671875,21936.44921875,22634.25,23711.140625,23870.40625,24492.7109375,24833.720703125,25387.5,26455.12890625,27463.90625,24526.133
2020-12-01 16:30,16450.908203125,18020.390625,19825.43359375,20445.65625,21119.07421875,21249.43359375,21670.0078125,21979.14453125,22557.791015625,23560.2109375,24499.421875,20846.4
2020-12-01 16:45,13813.94140625,14981.2294921875,16268.927734375,16864.251953125,17297.71875,17504.220703125,17872.005859375,18096.203125,18752.234375,19707.81640625,20618.2890625,16067.865
2020-12-01 17:00,9191.974609375,10101.1435546875,11015.9365234375,11637.4150390625,11928.052734375,12236.66796875,12599.51171875,12884.025390625,13607.2197265625,14569.154296875,15497.2890625,9627.933
2020-12-01 17:15,4382.58544921875,4977.39794921875,5340.478515625,6008.6025390625,6068.22900390625,6421.68408203125,6651.5546875,6946.33349609375,7445.0986328125,8263.251953125,9189.94140625,5278.5327
2020-12-01 17:30,2802.56298828125,2955.00244140625,3120.1806640625,3455.546875,3493.7822265625,3669.21875,3802.13720703125,3846.162109375,4028.9013671875,4480.21923828125,4993.97607421875,2759.4668
2020-12-01 17:45,1237.8818359375,1252.9453125,1372.9560546875,1673.87841796875,1707.1025390625,1854.873046875,1916.9228515625,1963.68359375,2182.71630859375,2412.919921875,2643.66748046875,989.2666
2020-12-01 18:00,43.4345703125,98.4599609375,207.1357421875,444.73046875,499.2802734375,579.779296875,610.7041015625,622.78515625,932.244140625,1024.6044921875,1058.794921875,81.59961
2020-12-02 09:00,0.0,0.0,78.5625,259.0888671875,281.3017578125,482.2978515625,559.8095703125,675.111328125,932.12890625,1165.3779296875,1223.8212890625,364.7998
2020-12-02 09:15,67.25390625,395.8056640625,511.0068359375,692.53515625,751.4482421875,965.3779296875,1083.7314453125,1184.8291015625,1457.3017578125,1746.90380859375,1848.01806640625,2132.8003
2020-12-02 09:30,4096.52587890625,4761.486328125,5107.0927734375,5433.9609375,5796.1962890625,6119.94921875,6379.4619140625,6515.6318359375,7015.64453125,7415.5947265625,7580.4501953125,5067.4663
2020-12-02 09:45,8103.447265625,8710.6611328125,9194.98828125,9644.6650390625,9857.171875,10334.7841796875,10406.2197265625,10720.49609375,11087.376953125,11565.962890625,11958.8173828125,7759.8667
2020-12-02 10:00,8962.462890625,9619.173828125,10497.67578125,10982.4951171875,11347.1904296875,11993.509765625,12273.2666015625,12686.1728515625,13160.314453125,13878.6845703125,14286.4609375,14460.732
2020-12-02 10:15,17653.17578125,18299.552734375,19266.337890625,19758.57421875,20301.95703125,20669.3125,20982.17578125,21248.14453125,21710.390625,22031.40625,22456.796875,21597.8
2020-12-02 10:30,23102.9453125,23583.26171875,24340.484375,24764.79296875,24968.80859375,25296.71484375,25296.71484375,25386.34765625,25558.408203125,25682.75,25895.62109375,25505.2
2020-12-02 10:45,26831.859375,27455.4375,27943.33984375,28271.46484375,28377.56640625,28659.83203125,28659.83203125,28846.765625,28896.2109375,29062.71875,29380.63671875,28422.996
2020-12-02 11:00,29453.55078125,30188.05859375,30576.53125,30844.08984375,30924.3671875,31225.1953125,31240.84765625,31539.28515625,31590.5,31769.140625,32180.671875,30972.73
2020-12-02 11:15,31353.09765625,32179.78515625,32596.42578125,32871.7578125,32948.8125,33272.83984375,33309.2421875,33671.65625,33756.03515625,33977.83984375,34445.40234375,33378.066
2020-12-02 11:30,33754.37890625,34513.1484375,34853.85546875,35058.58984375,35077.875,35365.54296875,35365.54296875,35672.3359375,35706.53125,35898.953125,36360.125,35465.465
2020-12-02 11:45,35782.46875,36491.4921875,36803.10546875,37037.93359375,37037.93359375,37321.62109375,37321.62109375,37600.9296875,37600.9296875,37749.4140625,38212.21484375,37289.734
2020-12-02 12:00,37475.16796875,38179.61328125,38458.1953125,38755.2265625,38755.2265625,39042.74609375,39042.74609375,39333.65625,39333.65625,39441.5703125,39940.33984375,38838.527
2020-12-02 12:15,38804.5859375,39541.07421875,39768.8671875,40133.05078125,40133.05078125,40429.63671875,40429.63671875,40732.703125,40732.703125,40853.44140625,41403.87109375,39960.73
2020-12-02 12:30,39789.8046875,40550.35546875,40733.234375,41150.54296875,41150.54296875,41428.453125,41428.453125,41757.62109375,41757.62109375,41894.80078125,42467.66015625,40750.33
2020-12-02 12:45,40666.88671875,41409.5625,41547.8984375,41996.19140625,41996.19140625,42247.12890625,42247.12890625,42582.83984375,42582.83984375,42700.375,43273.2578125,41260.598
2020-12-02 13:00,40938.72265625,41715.9296875,41831.1484375,42367.45703125,42367.45703125,42650.99609375,42650.99609375,43025.51171875,43025.51171875,43186.54296875,43799.234375,41483.47
2020-12-02 13:15,40813.98828125,41643.50390625,41757.75390625,42358.7421875,42358.7421875,42667.3984375,42685.44921875,43075.57421875,43075.57421875,43305.89453125,43977.8125,41662.266
2020-12-02 13:30,40979.26953125,41786.75390625,41864.3671875,42434.64453125,42434.64453125,42676.60546875,42683.19921875,43048.55859375,43048.55859375,43256.73046875,43931.3828125,41704.266
2020-12-02 13:45,40819.5859375,41639.578125,41712.984375,42335.26953125,42335.26953125,42539.15234375,42539.15234375,42905.82421875,42905.82421875,43081.4921875,43738.1953125,41464.6
2020-12-02 14:00,40550.828125,41351.0859375,41447.6328125,42081.23046875,42081.23046875,42286.609375,42286.609375,42602.54296875,42602.54296875,42794.5703125,43469.1015625,40826.465
2020-12-02 14:15,39305.80078125,40179.6484375,40345.88671875,41046.3203125,41046.3203125,41286.56640625,41291.015625,41627.6171875,41664.40234375,41931.296875,42689.171875,40101.19
2020-12-02 14:30,38304.00390625,39152.20703125,39353.94921875,39938.62890625,39938.62890625,40114.78125,40119.53515625,40426.0,40466.26171875,40713.17578125,41464.4296875,39353.46
2020-12-02 14:45,37518.6875,38268.96875,38505.484375,38998.14453125,38998.14453125,39151.06640625,39151.06640625,39374.140625,39407.484375,39619.5078125,40315.515625,38213.47
2020-12-02 15:00,35903.69921875,36618.05859375,36981.83203125,37413.00390625,37413.00390625,37615.08203125,37615.08203125,37830.9140625,37935.37109375,38132.390625,38780.1796875,36814.73
2020-12-02 15:15,34239.875,34864.328125,35334.73046875,35624.546875,35662.078125,35863.09375,35879.4375,36085.54296875,36252.4765625,36437.3828125,37059.7265625,35418.668
2020-12-02 15:30,32747.15234375,33197.41015625,33659.3125,33870.0390625,33939.3828125,34120.16796875,34124.12109375,34318.51953125,34471.171875,34662.30859375,35247.265625,33919.863
2020-12-02 15:45,31033.34765625,31302.31640625,31709.78515625,31933.80078125,31998.37890625,32217.44140625,32217.44140625,32408.9921875,32509.83984375,32710.05078125,33244.61328125,31756.332
2020-12-02 16:00,29045.16796875,29183.8828125,29531.1171875,29735.4375,29735.4375,29940.04296875,29940.04296875,30192.1953125,30229.51953125,30436.05078125,30861.32421875,29616.398
2020-12-02 16:15,26856.1328125,26997.50390625,27260.953125,27455.6640625,27455.6640625,27586.1484375,27586.1484375,27886.8359375,27886.8359375,28037.171875,28431.28515625,27061.797
2020-12-02 16:30,23912.3125,24106.08984375,24363.201171875,24553.74609375,24553.74609375,24660.23046875,24700.79296875,25042.990234375,25048.83203125,25233.57421875,25638.55078125,23715.133
2020-12-02 16:45,19716.765625,20003.759765625,20331.5390625,20587.01953125,20587.01953125,20776.203125,21035.900390625,21272.38671875,21418.52734375,21702.677734375,22187.4453125,18569.732
2020-12-02 17:00,11967.029296875,12452.5390625,13168.03125,13894.712890625,14112.197265625,14583.55078125,15145.345703125,15519.1015625,16098.994140625,16789.0859375,17502.59765625,11031.667
2020-12-02 17:15,4837.51904296875,5432.8251953125,5675.552734375,6733.53173828125,6781.12109375,7353.8857421875,7700.3447265625,8322.26171875,8817.076171875,9817.203125,10814.1689453125,6231.3994
2020-12-02 17:30,2924.06103515625,3084.76611328125,3084.76611328125,3526.8681640625,3540.64013671875,3762.62353515625,3878.4326171875,3960.6005859375,4096.82080078125,4625.38330078125,5233.78955078125,3380.7324
2020-12-02 17:45,1592.373046875,1592.373046875,1693.72314453125,1971.86572265625,2070.72314453125,2214.05908203125,2306.9111328125,2306.9111328125,2467.30029296875,2712.22412109375,2962.09326171875,715.2666
2020-12-02 18:00,0.0,0.0,29.556640625,297.724609375,369.1943359375,480.2919921875,513.8818359375,518.8427734375,819.0908203125,869.3447265625,961.1845703125,0.0
2020-12-03 09:00,0.0,0.0,13.7568359375,226.1923828125,238.08984375,427.904296875,496.40625,612.5830078125,886.5849609375,1113.376953125,1131.611328125,376.53223
2020-12-03 09:15,275.888671875,549.1865234375,682.0009765625,892.0,961.4580078125,1167.35546875,1287.505859375,1381.5390625,1690.3671875,1977.86962890625,2027.70556640625,1660.7998
2020-12-03 09:30,2775.64697265625,3334.3603515625,3611.990234375,3905.04443359375,4162.80126953125,4419.2890625,4649.7490234375,4759.88623046875,5207.1484375,5629.04541015625,5766.7001953125,4386.0664
2020-12-03 09:45,7247.93603515625,7848.240234375,8266.8017578125,8751.40234375,8981.43359375,9412.3603515625,9506.3798828125,9807.32421875,10170.3974609375,10635.7001953125,11003.9033203125,7075.2656
2020-12-03 10:00,9302.66015625,9875.1171875,10572.6279296875,10930.1552734375,11156.73046875,11722.9775390625,11848.33984375,12251.072265625,12586.7666015625,13169.6318359375,13510.2705078125,13274.266
2020-12-03 10:15,16771.84375,17360.1171875,18156.361328125,18474.4140625,18875.22265625,19153.9296875,19345.86328125,19569.275390625,19912.015625,20211.9453125,20492.66015625,20576.467
2020-12-03 10:30,22071.68359375,22555.52734375,23301.859375,23742.23046875,23945.791015625,24265.8828125,24265.8828125,24365.884765625,24544.17578125,24646.11328125,24838.296875,24844.064
2020-12-03 10:45,26182.4921875,26776.9765625,27267.0546875,27606.296875,27683.125,27951.375,27951.375,28091.76171875,28134.0234375,28248.0546875,28490.8046875,27828.668
2020-12-03 11:00,28851.4375,29582.9609375,29994.33984375,30302.66796875,30363.58203125,30667.99609375,30667.99609375,30956.90234375,31012.99609375,31161.0859375,31519.22265625,30414.0
2020-12-03 11:15,30813.37109375,31644.72265625,32092.65234375,32405.2421875,32474.3203125,32803.57421875,32826.17578125,33186.63671875,33292.57421875,33495.546875,33914.72265625,32536.73
2020-12-03 11:30,32788.2734375,33598.88671875,34006.546875,34263.3046875,34306.21875,34599.28125,34599.28125,34938.9609375,35038.25390625,35245.16015625,35671.890625,34378.863
2020-12-03 11:45,34618.12890625,35376.45703125,35746.08984375,35995.41796875,36004.75390625,36289.03515625,36289.03515625,36584.84375,36643.3984375,36826.96875,37260.48046875,35861.6
2020-12-03 12:00,35975.078125,36736.20703125,37086.03515625,37388.140625,37388.140625,37684.73046875,37684.73046875,38002.015625,38046.53515625,38229.609375,38702.99609375,37317.13
2020-12-03 12:15,37302.703125,38056.234375,38364.8359375,38693.9609375,38693.9609375,38994.6875,38994.6875,39292.703125,39326.6796875,39508.66015625,40026.92578125,38531.598
2020-12-03 12:30,38350.89453125,39109.17578125,39372.203125,39735.13671875,39735.13671875,40014.82421875,40014.82421875,40318.73046875,40330.4375,40522.08984375,41059.30078125,39297.867
2020-12-03 12:45,39188.36328125,39941.1953125,40161.2421875,40568.51171875,40568.51171875,40823.0,40823.0,41148.10546875,41148.10546875,41321.890625,41864.6796875,39895.6
2020-12-03 13:00,39521.53515625,40306.72265625,40505.90234375,40990.921875,40990.921875,41271.1796875,41271.1796875,41626.31640625,41626.31640625,41823.12109375,42401.734375,40428.13
2020-12-03 13:15,39817.015625,40602.7421875,40777.25390625,41276.1328125,41276.1328125,41562.87109375,41562.87109375,41901.73046875,41913.359375,42128.703125,42739.19140625,40665.332
2020-12-03 13:30,39889.2578125,40683.4765625,40835.046875,41341.765625,41341.765625,41598.5703125,41598.5703125,41938.9375,41939.6015625,42172.71484375,42792.0,40777.2
2020-12-03 13:45,39884.8203125,40673.63671875,40817.0390625,41353.67578125,41353.67578125,41568.4765625,41568.4765625,41913.91796875,41913.91796875,42108.20703125,42698.94921875,40605.664
2020-12-03 14:00,39676.9140625,40458.4140625,40622.0625,41181.03125,41181.03125,41401.921875,41401.921875,41715.5390625,41715.5390625,41925.39453125,42535.375,40383.93
2020-12-03 14:15,39155.6796875,39942.0390625,40104.9140625,40665.203125,40665.203125,40884.2421875,40884.2421875,41152.11328125,41183.96875,41412.44140625,42073.8203125,39880.465
2020-12-03 14:30,38170.3125,38979.9375,39165.3515625,39715.40234375,39715.40234375,39906.2890625,39906.2890625,40178.19140625,40224.984375,40451.72265625,41134.296875,39078.863
2020-12-03 14:45,37334.8515625,38083.734375,38296.8046875,38780.375,38780.375,38934.515625,38934.515625,39157.84375,39193.31640625,39391.19921875,40048.69921875,38286.2
2020-12-03 15:00,36148.859375,36841.6953125,37122.203125,37577.671875,37577.671875,37751.12109375,37751.12109375,37929.6171875,37998.9453125,38169.26171875,38800.2421875,37054.332
2020-12-03 15:15,34527.2265625,35160.71875,35542.27734375,35915.21875,35915.21875,36129.09765625,36129.09765625,36321.0546875,36451.30859375,36625.82421875,37242.68359375,35571.4
2020-12-03 15:30,32902.21484375,33385.19921875,33786.63671875,34032.1875,34064.03125,34267.90234375,34267.90234375,34470.2578125,34599.41796875,34779.91015625,35367.91015625,33914.066
2020-12-03 15:45,31055.74609375,31364.8359375,31734.39453125,31939.8359375,31984.68359375,32207.0078125,32207.0078125,32423.2421875,32507.8125,32697.12890625,33240.66015625,31904.996
2020-12-03 16:00,29166.078125,29345.046875,29648.4609375,29838.88671875,29838.88671875,30043.7109375,30043.7109375,30297.24609375,30308.92578125,30501.91796875,30964.01171875,29578.0
2020-12-03 16:15,26782.4765625,26940.2109375,27230.84375,27382.1171875,27382.1171875,27537.7265625,27537.7265625,27881.30859375,27881.30859375,28060.72265625,28466.73828125,26711.332
2020-12-03 16:30,23481.37109375,23683.71484375,24003.1328125,24177.21484375,24177.21484375,24333.025390625,24433.3515625,24794.8984375,24848.65234375,25086.8359375,25518.44921875,23270.2
2020-12-03 16:45,19282.9296875,19568.505859375,19906.888671875,20175.134765625,20180.345703125,20381.98828125,20661.67578125,20900.703125,21077.15625,21423.6640625,21957.3359375,17950.998
2020-12-03 17:00,11332.1220703125,11840.80078125,12549.84765625,13342.673828125,13575.4130859375,14063.630859375,14612.9765625,15014.904296875,15637.0390625,16404.412109375,17195.595703125,10532.333
2020-12-03 17:15,4739.13134765625,5320.216796875,5487.77099609375,6544.3505859375,6570.890625,7115.9716796875,7401.7431640625,7975.1484375,8449.1494140625,9437.3974609375,10494.7509765625,5977.199
2020-12-03 17:30,2930.0732421875,3065.3115234375,3065.3115234375,3500.1826171875,3521.87939453125,3714.16064453125,3814.056640625,3849.93310546875,3977.59765625,4480.14794921875,5102.990234375,3212.9321
2020-12-03 17:45,1523.33642578125,1523.33642578125,1602.24169921875,1895.712890625,1981.88427734375,2124.8935546875,2194.3359375,2194.3359375,2348.85546875,2580.00146484375,2841.69921875,1016.0664
2020-12-03 18:00,14.20703125,14.20703125,118.2109375,383.013671875,455.8857421875,563.759765625,596.3486328125,603.611328125,903.638671875,972.5625,1056.96484375,75.93262
2020-12-04 09:00,0.0,0.0,85.9677734375,295.947265625,321.556640625,499.1728515625,595.388671875,689.802734375,982.7197265625,1223.7255859375,1243.0947265625,367.3994
2020-12-04 09:15,203.3681640625,458.8837890625,609.404296875,819.546875,890.1171875,1074.296875,1216.994140625,1294.515625,1612.6943359375,1914.615234375,1968.61669921875,1108.0664
2020-12-04 09:30,1452.927734375,1904.78466796875,2170.205078125,2407.10302734375,2612.42529296875,2815.9228515625,3037.03955078125,3113.07958984375,3517.85693359375,3941.080078125,4075.59130859375,3022.2666
2020-12-04 09:45,4122.6220703125,4795.09619140625,5136.18701171875,5629.3671875,5884.853515625,6210.9453125,6412.6484375,6656.6875,7053.55078125,7635.15625,8048.30517578125,4022.7998
2020-12-04 10:00,3593.73876953125,4299.0712890625,4917.23486328125,5611.0390625,5879.0537109375,6437.2646484375,6655.03369140625,7239.251953125,7652.0400390625,8538.9453125,9258.2333984375,9882.066
2020-12-04 10:15,12146.7919921875,13194.3974609375,14481.044921875,15594.716796875,16357.94921875,17183.751953125,17622.546875,18292.9140625,18864.703125,19640.2734375,20470.54296875,17408.533
2020-12-04 10:30,15771.83984375,16929.7734375,18525.8671875,19387.23046875,20158.078125,20616.5703125,20844.35546875,21268.5,21662.30859375,22495.08984375,23013.4453125,20957.998
2020-12-04 10:45,19851.890625,20975.59765625,22329.12890625,22895.484375,23351.0,23716.125,23946.498046875,24290.5859375,24524.125,25141.0703125,25535.09375,20359.734
2020-12-04 11:00,14681.107421875,16270.52734375,18897.70703125,20230.1328125,21235.28125,22323.236328125,23292.9921875,24364.1953125,25467.7734375,26688.98046875,27627.54296875,27026.398
2020-12-04 11:15,22222.2890625,23754.57421875,26152.03125,27604.48046875,28478.7578125,29354.57421875,29870.1640625,30612.9765625,31240.24609375,32087.0,33068.75,29684.195
2020-12-04 11:30,26358.3984375,28004.27734375,29979.52734375,30755.5546875,31287.0703125,31726.51953125,32066.9140625,32375.359375,32726.0078125,33499.4921875,34020.62890625,31979.8
2020-12-04 11:45,29886.75,31407.8125,32864.28125,33438.0,33749.1015625,34166.28515625,34331.953125,34609.0390625,34843.203125,35346.75,35929.953125,33834.33
2020-12-04 12:00,32072.05078125,33468.90625,34573.1796875,35056.171875,35234.61328125,35611.3515625,35727.0546875,36059.43359375,36280.30859375,36725.2578125,37255.3125,35302.734
2020-12-04 12:15,34080.25,35309.53515625,36126.1953125,36519.15234375,36612.078125,36973.76171875,36989.23828125,37334.58203125,37504.28125,37844.4921875,38389.56640625,36592.4
2020-12-04 12:30,35384.47265625,36521.4375,37180.20703125,37569.53125,37642.24609375,37968.125,37968.125,38292.46484375,38429.83203125,38724.79296875,39263.75390625,37616.867
2020-12-04 12:45,36587.65625,37637.53125,38203.90625,38603.71484375,38644.92578125,38951.6875,38951.6875,39257.4453125,39345.80078125,39591.25,40115.421875,38160.535
2020-12-04 13:00,36962.671875,38029.61328125,38551.73828125,39051.7578125,39078.22265625,39403.9375,39403.9375,39777.484375,39880.23046875,40132.21484375,40695.5390625,38562.527
2020-12-04 13:15,37221.3359375,38262.62109375,38732.87109375,39236.49609375,39276.890625,39586.65234375,39586.65234375,39949.47265625,40072.71875,40323.42578125,40929.828125,38811.867
2020-12-04 13:30,37445.1015625,38437.39453125,38847.40234375,39313.203125,39347.7734375,39613.24609375,39613.24609375,39942.8984375,40047.11328125,40290.640625,40892.81640625,38779.73
2020-12-04 13:45,37227.26171875,38201.203125,38596.29296875,39094.99609375,39094.99609375,39353.3203125,39353.3203125,39698.05859375,39774.6953125,40010.9609375,40594.6640625,38789.996
2020-12-04 14:00,37296.609375,38203.78125,38603.453125,39088.01953125,39088.01953125,39343.7890625,39343.7890625,39635.94921875,39703.828125,39924.234375,40505.96875,38592.465
2020-12-04 14:15,36934.96484375,37827.23046875,38210.53125,38704.546875,38704.546875,38958.76171875,38958.76171875,39215.796875,39324.4375,39555.8359375,40169.43359375,37991.664
2020-12-04 14:30,35941.87890625,36837.3203125,37224.921875,37712.8984375,37712.8984375,37947.06640625,37947.06640625,38228.12890625,38361.5625,38598.23828125,39235.453125,33235.13
2020-12-04 14:45,23843.92578125,25648.283203125,28408.08203125,29756.9375,30807.45703125,31718.79296875,32699.84765625,34048.17578125,35228.30078125,36301.23828125,37428.16796875,29736.398
2020-12-04 15:00,25390.85546875,26111.12890625,27515.43359375,27823.640625,28188.69140625,28514.55078125,29130.796875,30016.29296875,30646.5390625,32200.96875,33484.3828125,35059.664
2020-12-04 15:15,27157.7265625,28495.265625,31256.16015625,32691.62890625,33747.78515625,34797.48828125,35538.32421875,36422.70703125,37108.03125,37975.3671875,38970.56640625,33537.0
2020-12-04 15:30,24577.4375,26116.88671875,28680.64453125,29770.7734375,30587.8515625,31426.5,32187.68359375,33123.1328125,33658.19921875,35086.86328125,35971.1875,31770.465
2020-12-04 15:45,24843.08203125,26440.3359375,28228.8125,29059.125,29667.6484375,30386.80859375,30876.76171875,31756.421875,32002.48046875,32968.37109375,34089.8828125,29789.863
2020-12-04 16:00,23979.572265625,25098.931640625,26492.61328125,26828.4765625,27424.4140625,27848.82421875,28235.09375,28909.84765625,29102.77734375,29968.9609375,30816.28125,27494.0
2020-12-04 16:15,22601.763671875,23445.91015625,24387.322265625,24628.990234375,24994.1171875,25285.74609375,25505.3046875,26097.17578125,26254.390625,26950.78515625,27739.1171875,24720.332
2020-12-04 16:30,20001.193359375,20615.640625,21309.447265625,21599.55859375,21846.703125,22069.81640625,22286.783203125,22691.765625,22944.33984375,23571.94921875,24321.2265625,21176.2
2020-12-04 16:45,16166.322265625,16700.5,17242.166015625,17640.21875,17791.21875,18025.98046875,18302.84765625,18550.37109375,18941.154296875,19599.2265625,20354.99609375,16146.133
2020-12-04 17:00,9967.3564453125,10596.0439453125,11151.9580078125,11793.2392578125,11971.615234375,12347.4853515625,12707.4658203125,13020.2841796875,13616.0771484375,14467.8603515625,15342.564453125,9355.0
2020-12-04 17:15,4515.248046875,5036.31494140625,5176.3798828125,6035.54150390625,6035.54150390625,6447.3349609375,6618.5068359375,6990.986328125,7405.30078125,8264.58203125,9310.0947265625,5561.4663
2020-12-04 17:30,3042.517578125,3125.80078125,3207.76708984375,3591.25439453125,3630.97900390625,3784.0693359375,3867.2060546875,3881.05859375,4003.24365234375,4488.23046875,5070.0888671875,3148.6665
2020-12-04 17:45,1434.919921875,1434.919921875,1520.80224609375,1839.80908203125,1885.38818359375,2040.30615234375,2070.2998046875,2104.41162109375,2284.31005859375,2535.244140625,2798.556640625,1260.2666
2020-12-04 18:00,93.1904296875,106.15625,221.513671875,480.08984375,522.8232421875,640.5146484375,652.5771484375,676.6865234375,965.12109375,1072.490234375,1147.615234375,156.59961
2020-12-05 09:00,0.0,0.0,112.6142578125,310.21484375,353.7470703125,519.9970703125,633.626953125,714.7333984375,1014.7490234375,1272.0634765625,1312.5830078125,238.93262
2020-12-05 09:15,35.1904296875,287.3984375,442.8330078125,635.2255859375,709.5205078125,880.3037109375,1027.720703125,1094.94921875,1407.068359375,1718.77294921875,1800.171875,1241.0664
2020-12-05 09:30,1975.68359375,2448.56640625,2717.7314453125,2940.04541015625,3183.70751953125,3378.60009765625,3625.65771484375,3677.79736328125,4105.23486328125,4524.85302734375,4655.86572265625,3584.1328
2020-12-05 09:45,5996.873046875,6601.0341796875,6992.2470703125,7428.482421875,7709.046875,8056.8720703125,8220.2666015625,8455.853515625,8838.75390625,9338.7109375,9707.5888671875,5874.133
2020-12-05 10:00,7877.1044921875,8450.927734375,9086.189453125,9479.986328125,9705.0283203125,10264.498046875,10377.103515625,10813.83984375,11137.7802734375,11769.8935546875,12209.865234375,10522.066
2020-12-05 10:15,14465.376953125,15034.7841796875,15643.333984375,15762.9130859375,16087.2939453125,16383.0,16555.96484375,16769.685546875,17066.22265625,17480.029296875,17757.166015625,17880.332
2020-12-05 10:30,19186.390625,19809.056640625,20728.21875,21240.458984375,21596.09765625,21932.19140625,21932.19140625,22234.3515625,22522.013671875,22795.80859375,23094.833984375,22408.73
2020-12-05 10:45,23404.91796875,24039.80078125,24729.03515625,25093.8515625,25263.869140625,25493.95703125,25493.95703125,25697.40234375,25817.40625,26027.94140625,26244.7265625,25578.266
2020-12-05 11:00,26508.5,27211.1875,27756.7109375,28069.82421875,28188.04296875,28421.9453125,28432.53125,28680.37890625,28800.671875,28982.5078125,29297.7109375,28225.062
2020-12-05 11:15,28428.41015625,29248.81640625,29843.9375,30194.171875,30334.16015625,30622.3515625,30690.78515625,30999.98046875,31203.94921875,31459.44140625,31843.2421875,30585.93
2020-12-05 11:30,30825.66015625,31590.53515625,32099.45703125,32347.18359375,32448.25,32699.1484375,32704.84765625,32981.98828125,33158.2578125,33391.62890625,33770.23046875,32534.129
2020-12-05 11:45,32748.8359375,33477.6484375,33945.26953125,34186.90625,34256.7109375,34507.40234375,34507.40234375,34762.65625,34907.6796875,35115.390625,35496.33203125,34224.133
2020-12-05 12:00,34266.18359375,35003.94921875,35452.83203125,35731.69921875,35769.19921875,36047.38671875,36047.38671875,36332.4375,36455.80859375,36656.703125,37076.87109375,35610.2
2020-12-05 12:15,35410.3671875,36171.5078125,36591.23828125,36905.6484375,36945.79296875,37235.41015625,37235.41015625,37541.73046875,37667.1640625,37876.52734375,38361.25390625,36696.4
2020-12-05 12:30,36455.4609375,37199.5546875,37559.33203125,37870.30078125,37907.59375,38170.57421875,38170.57421875,38467.56640625,38572.76953125,38771.77734375,39281.984375,37648.863
2020-12-05 12:45,37440.19921875,38159.921875,38477.58984375,38808.875,38819.2109375,39077.5625,39077.5625,39378.47265625,39437.9453125,39618.9453125,40131.9765625,38388.332
2020-12-05 13:00,37965.16796875,38708.90625,39007.23828125,39412.42578125,39412.42578125,39694.5703125,39694.5703125,40028.125,40083.3046875,40269.3828125,40810.51171875,38923.2
2020-12-05 13:15,38236.046875,38996.375,39273.24609375,39712.8671875,39725.8984375,40012.0859375,40012.0859375,40352.21484375,40428.62109375,40632.4609375,41209.9765625,39412.797
2020-12-05 13:30,38655.640625,39387.15625,39619.22265625,40019.21484375,40032.0390625,40281.22265625,40281.22265625,40591.89453125,40640.76953125,40845.25,41415.046875,39702.668
2020-12-05 13:45,38750.13671875,39480.45703125,39699.9296875,40140.25,40140.25,40375.89453125,40375.89453125,40715.46484375,40724.7265625,40929.14453125,41473.23046875,39591.33
2020-12-05 14:00,38637.26953125,39367.0390625,39598.125,40072.53515625,40072.53515625,40312.6796875,40312.6796875,40646.78125,40663.4921875,40873.1171875,41433.796875,39066.066
2020-12-05 14:15,37572.37890625,38386.85546875,38678.20703125,39224.6875,39224.6875,39518.671875,39525.89453125,39868.97265625,39981.34765625,40216.2890625,40866.5078125,38618.4
2020-12-05 14:30,36961.1796875,37732.3515625,37983.82421875,38435.3125,38435.3125,38637.73828125,38637.73828125,38926.4375,39016.60546875,39228.55859375,39877.30859375,37948.13
2020-12-05 14:45,36174.62890625,36877.91015625,37133.08984375,37562.78515625,37562.78515625,37735.31640625,37735.31640625,37966.65625,38028.64453125,38218.92578125,38851.9609375,37014.797
2020-12-05 15:00,34759.74609375,35416.35546875,35734.5390625,36165.5859375,36165.5859375,36356.3515625,36356.3515625,36581.41015625,36667.77734375,36854.421875,37472.94140625,35591.664
2020-12-05 15:15,33014.1015625,33576.4296875,33986.49609375,34320.796875,34320.796875,34561.7734375,34561.7734375,34813.30859375,34946.3515625,35149.93359375,35758.07421875,34144.137
2020-12-05 15:30,31508.5390625,31892.29296875,32265.59375,32490.953125,32509.6328125,32734.578125,32734.578125,32966.45703125,33059.54296875,33269.33984375,33853.98046875,32225.469
2020-12-05 15:45,29325.921875,29572.1640625,29937.0,30090.31640625,30148.1171875,30377.96484375,30377.96484375,30685.125,30729.20703125,30965.13671875,31515.5859375,30095.668
2020-12-05 16:00,27319.609375,27500.23828125,27766.046875,27908.296875,27908.296875,28104.68359375,28104.68359375,28437.74609375,28437.74609375,28625.18359375,29142.2890625,27584.664
2020-12-05 16:15,24622.4609375,24813.94140625,25089.55859375,25224.6953125,25224.6953125,25404.90234375,25419.45703125,25809.177734375,25809.177734375,26021.080078125,26525.18359375,24636.867
2020-12-05 16:30,21267.4453125,21498.35546875,21756.01953125,21964.5625,21968.22265625,22129.1328125,22257.76953125,22553.30078125,22640.669921875,22915.052734375,23463.8671875,21003.6
2020-12-05 16:45,16647.40625,16984.833984375,17311.6484375,17667.552734375,17723.78125,17942.5625,18221.62890625,18408.88671875,18688.51953125,19126.51171875,19766.208984375,15685.799
2020-12-05 17:00,9506.3505859375,10096.962890625,10587.7099609375,11306.7568359375,11472.546875,11882.6396484375,12268.7685546875,12596.5029296875,13146.57421875,13900.38671875,14734.986328125,9019.0
2020-12-05 17:15,4149.89111328125,4657.0283203125,4751.3671875,5590.28076171875,5596.578125,5992.185546875,6143.01953125,6461.84765625,6825.17919921875,7522.818359375,8456.150390625,5183.3994
2020-12-05 17:30,2581.98779296875,2655.5185546875,2720.73779296875,3080.1962890625,3126.78271484375,3270.7294921875,3339.24951171875,3339.24951171875,3422.0205078125,3755.2353515625,4225.97021484375,2705.933
2020-12-05 17:45,1052.3291015625,1052.3291015625,1136.6572265625,1430.5673828125,1489.53955078125,1633.20654296875,1651.33251953125,1660.30810546875,1859.6181640625,2011.59326171875,2197.84521484375,775.4668
2020-12-06 09:15,0.0,231.0078125,367.1005859375,560.892578125,614.984375,801.5498046875,927.0947265625,1010.052734375,1303.8662109375,1595.05908203125,1665.63330078125,1115.667
2020-12-06 09:30,1639.5732421875,2105.765625,2347.4306640625,2573.734375,2785.12060546875,3004.1533203125,3228.25830078125,3298.01611328125,3703.5927734375,4106.92529296875,4229.33740234375,3379.5327
2020-12-06 09:45,5453.91943359375,6101.71875,6470.5927734375,6942.056640625,7222.4296875,7580.2548828125,7759.0869140625,8003.4208984375,8408.5732421875,8918.421875,9288.7421875,5722.3994
2020-12-06 10:00,8059.20263671875,8651.0341796875,9218.9990234375,9631.279296875,9835.912109375,10367.1005859375,10465.4189453125,10880.9736328125,11204.07421875,11789.7265625,12233.935546875,10136.599
2020-12-06 10:15,14193.517578125,14743.1376953125,15280.2255859375,15382.0966796875,15654.048828125,15945.74609375,16092.853515625,16292.7607421875,16576.7578125,16968.50390625,17239.6875,17329.8
2020-12-06 10:30,19237.6953125,19822.19140625,20630.15625,21074.3359375,21396.48828125,21698.630859375,21698.630859375,21965.07421875,22239.8984375,22466.32421875,22758.06640625,21961.865
2020-12-06 10:45,23192.126953125,23810.64453125,24412.87109375,24768.17578125,24918.12109375,25166.537109375,25166.537109375,25354.5,25469.1796875,25654.6171875,25889.01953125,25020.6
2020-12-06 11:00,26084.98046875,26794.375,27295.71875,27631.41796875,27750.49609375,28006.265625,28022.92578125,28276.18359375,28411.7421875,28583.1328125,28926.46484375,27789.863
2020-12-06 11:15,28353.53125,29141.52734375,29667.33203125,29982.25390625,30105.6328125,30376.6484375,30418.74609375,30698.71875,30879.65625,31094.09375,31481.5703125,30118.598
2020-12-06 11:30,30497.51953125,31266.43359375,31752.44140625,32004.4609375,32113.01171875,32361.7109375,32369.05859375,32634.109375,32806.9140625,33030.10546875,33425.2421875,32189.398
2020-12-06 11:45,32462.5,33193.1953125,33663.01953125,33908.6484375,33993.67578125,34245.07421875,34245.07421875,34496.32421875,34633.234375,34836.84375,35237.05078125,33824.4
2020-12-06 12:00,33972.80859375,34718.515625,35171.3203125,35448.21484375,35498.0078125,35770.85546875,35770.85546875,36058.33984375,36176.12890625,36378.13671875,36809.00390625,35444.26
2020-12-06 12:15,35517.4609375,36248.52734375,36651.765625,36926.3515625,36963.76171875,37238.37109375,37238.37109375,37513.88671875,37609.484375,37798.91796875,38272.72265625,36803.066
2020-12-06 12:30,36785.59765625,37506.3515625,37850.3125,38139.34375,38167.68359375,38423.25,38423.25,38706.22265625,38768.6171875,38953.3203125,39445.45703125,37748.6
2020-12-06 12:45,37674.21484375,38405.671875,38710.046875,39050.00390625,39055.546875,39314.38671875,39314.38671875,39637.5703125,39663.6484375,39841.69921875,40353.71875,38405.863
2020-12-06 13:00,38101.38671875,38867.26171875,39149.69140625,39564.62890625,39569.328125,39848.58984375,39848.58984375,40208.42578125,40242.8359375,40426.44921875,40979.0390625,38558.266
2020-12-06 13:15,37842.48828125,38675.11328125,38978.4140625,39479.5078125,39511.71875,39807.2421875,39833.03125,40224.69140625,40315.4765625,40540.57421875,41159.62890625,38534.664
2020-12-06 13:30,37784.26171875,38595.8515625,38866.96875,39317.25390625,39326.3828125,39576.83984375,39604.5703125,39964.578125,40037.98046875,40265.21484375,40894.76171875,38666.133
2020-12-06 13:45,37714.9375,38472.625,38716.37890625,39155.6875,39155.6875,39351.6015625,39351.6015625,39697.69140625,39715.796875,39922.50390625,40520.796875,39529.33
2020-12-06 14:00,38222.4140625,38915.0390625,39318.5078125,39800.234375,39841.1875,40141.39453125,40141.39453125,40480.24609375,40508.75390625,40742.828125,41325.12109375,38927.934
2020-12-06 14:15,39343.40234375,39841.91015625,40067.5078125,40348.90234375,40348.90234375,40542.95703125,40542.95703125,40696.046875,40696.046875,40938.0078125,41580.34765625,38264.066
2020-12-06 14:30,34244.85546875,35260.85546875,36098.109375,37144.6328125,37303.2265625,37906.5390625,38186.26171875,38754.98046875,39162.15625,39643.578125,40549.09375,37454.0
2020-12-06 14:45,35942.578125,36598.40234375,37040.12890625,37397.01171875,37397.01171875,37533.9921875,37586.70703125,37884.83984375,37976.19921875,38265.703125,38936.9140625,36345.13
2020-12-06 15:00,33526.98828125,34244.87890625,34861.12890625,35193.08203125,35193.5625,35484.29296875,35576.00390625,35874.515625,36083.82421875,36361.70703125,37018.35546875,35035.668
2020-12-06 15:15,32602.390625,33091.01953125,33592.26953125,33732.25,33732.25,33927.55859375,33956.140625,34171.015625,34348.62109375,34576.02734375,35184.4921875,33751.133
2020-12-06 15:30,30988.65234375,31295.4375,31750.21875,31853.1796875,31859.25390625,32102.421875,32102.421875,32313.78515625,32464.69921875,32716.828125,33264.21484375,32534.664
2020-12-06 15:45,29885.6796875,30018.30859375,30267.5625,30501.91015625,30501.91015625,30710.33984375,30710.33984375,30809.953125,30837.5078125,31058.10546875,31555.2890625,30084.066
2020-12-06 16:00,26308.875,26495.28125,27032.09765625,27365.0625,27374.24609375,27769.42578125,27773.24609375,28189.20703125,28314.8125,28638.22265625,29056.0390625,27673.8
2020-12-06 16:15,24769.38671875,24923.3828125,25156.30859375,25319.375,25319.375,25465.896484375,25465.896484375,25759.013671875,25759.013671875,25929.966796875,26343.59375,24662.066
2020-12-06 16:30,19947.849609375,20246.2734375,20772.265625,21166.794921875,21240.9921875,21594.1171875,21845.62890625,22175.65234375,22368.736328125,22727.359375,23219.533203125,21065.332
2020-12-06 16:45,16057.30859375,16364.455078125,16732.45703125,16997.779296875,17061.5078125,17285.744140625,17597.888671875,17783.45703125,17992.3046875,18433.38671875,18924.58984375,15663.465
2020-12-06 17:00,8504.943359375,9029.8447265625,9618.7529296875,10231.5966796875,10423.912109375,10842.4140625,11264.9921875,11639.3818359375,12152.4091796875,12820.09375,13410.845703125,9059.8
2020-12-06 17:15,3642.78759765625,4081.720703125,4231.0576171875,4861.447265625,4889.9453125,5281.80517578125,5446.29345703125,5760.56982421875,6082.884765625,6643.6455078125,7225.90478515625,5107.3994
2020-12-06 17:30,2178.37646484375,2318.2392578125,2444.9296875,2721.53125,2840.40478515625,2992.51123046875,3108.162109375,3157.787109375,3321.57421875,3619.11376953125,3885.01025390625,2708.267
2020-12-06 17:45,856.4423828125,876.6630859375,982.2744140625,1254.412109375,1348.580078125,1487.7626953125,1548.9765625,1608.947265625,1857.8720703125,2002.18505859375,2121.48388671875,796.2666
2020-12-06 18:00,0.0,0.0,0.0,204.142578125,282.498046875,355.279296875,390.4990234375,408.75390625,741.732421875,794.609375,794.609375,12.399414
2020-12-07 09:15,0.0,8.2509765625,138.78515625,332.4453125,367.703125,549.1474609375,655.67578125,748.2822265625,1028.38671875,1307.0693359375,1378.88671875,816.3994
2020-12-07 09:30,1499.486328125,1918.5634765625,2165.60302734375,2360.9091796875,2578.751953125,2789.44482421875,3009.2021484375,3064.16796875,3470.81884765625,3848.96826171875,3940.05908203125,1521.2666
2020-12-07 09:45,1468.357421875,2039.24560546875,2500.94677734375,2852.59765625,3162.80517578125,3459.43359375,3681.0283203125,3910.8017578125,4322.29248046875,4922.08642578125,5277.791015625,2044.9321
2020-12-07 10:00,897.8779296875,1580.20947265625,2011.8173828125,2495.72998046875,2770.2724609375,3191.205078125,3397.82177734375,3871.4228515625,4205.81689453125,5038.7177734375,5769.35546875,3530.9326
2020-12-07 10:15,3462.9609375,4291.677734375,4698.94873046875,5308.025390625,5638.3154296875,6186.2099609375,6415.21484375,6987.5009765625,7408.9462890625,8311.4501953125,9218.716796875,3995.5322
2020-12-07 10:30,2529.62841796875,3099.552734375,3519.93212890625,4097.09619140625,4338.0576171875,4916.73388671875,5190.42529296875,5921.7646484375,6365.8916015625,7534.79833984375,8673.0205078125,8878.266
2020-12-07 10:45,8866.822265625,10138.01171875,11679.8720703125,13176.7568359375,14130.283203125,15211.552734375,15999.21875,17001.9609375,17999.2890625,19186.197265625,20509.9453125,22884.066
2020-12-07 11:00,18065.283203125,19520.1875,21910.140625,23940.19140625,25611.3984375,26639.45703125,27175.953125,28173.77734375,28916.37109375,29858.9609375,30678.42578125,29165.0
2020-12-07 11:15,25725.66796875,27661.71875,29719.94140625,31036.9765625,31566.6484375,32380.859375,32380.859375,32562.015625,32891.11328125,33530.4921875,33815.69140625,31342.863
2020-12-07 11:30,28304.54296875,30182.171875,31983.3359375,33129.78515625,33429.4453125,34129.65625,34129.65625,34611.7421875,34708.7734375,35335.9375,35929.65625,33294.664
2020-12-07 11:45,27165.03515625,29253.3515625,31362.19140625,32830.12109375,33279.9375,34145.0078125,34440.109375,35335.26171875,35823.703125,36696.76171875,37691.24609375,34921.47
2020-12-07 12:00,32713.31640625,34378.4609375,35640.125,36290.46484375,36331.65234375,36845.8046875,36854.23828125,37351.45703125,37416.8828125,37941.984375,38696.58203125,36357.598
2020-12-07 12:15,33833.6171875,35511.0078125,36532.828125,37138.16015625,37165.15234375,37644.1875,37644.1875,38057.953125,38148.6953125,38606.12109375,39291.0703125,37810.266
2020-12-07 12:30,35830.1171875,37286.5546875,38065.12109375,38543.95703125,38543.95703125,38885.2265625,38885.2265625,39125.0625,39157.796875,39507.32421875,40100.30859375,38013.734
2020-12-07 12:45,35908.125,37364.0703125,38120.40625,38722.73828125,38722.73828125,39056.58203125,39056.58203125,39405.03125,39495.21484375,39868.26953125,40443.6328125,39155.062
2020-12-07 13:00,37644.03125,38851.0859375,39483.84375,39912.45703125,39912.45703125,40184.90625,40184.90625,40381.83984375,40407.25390625,40667.4140625,41183.00390625,39520.4
2020-12-07 13:15,36874.69921875,38222.08984375,38935.77734375,39612.03125,39675.22265625,40021.30859375,40047.6484375,40408.40234375,40542.41796875,40887.0078125,41507.21484375,37748.6
2020-12-07 13:30,31955.59765625,33732.1953125,35282.671875,36573.78515625,36911.49609375,37559.0625,37921.22265625,38675.8515625,39283.2890625,39950.17578125,40860.8671875,28921.465
2020-12-07 13:45,16799.21484375,19118.5546875,22582.76953125,24333.599609375,26278.16015625,27779.91796875,29495.546875,31824.796875,33634.53515625,36024.08203125,38076.03125,39070.266
2020-12-07 14:00,29752.453125,31552.33984375,35740.375,37388.70703125,39396.49609375,40319.3671875,41534.08203125,42362.078125,43168.97265625,44206.203125,44945.78515625,39192.2
2020-12-07 14:15,31862.8828125,34153.89453125,37065.9375,38321.484375,38579.8046875,39280.78515625,39525.0234375,39912.50390625,40128.5234375,41296.28125,41665.671875,38566.47
2020-12-07 14:30,33690.16796875,35796.2890625,37782.86328125,38707.77734375,38982.18359375,39482.90625,39608.015625,39767.08203125,40003.9375,40594.1171875,41222.171875,37753.53
2020-12-07 14:45,29951.9453125,32270.63671875,34469.2265625,35820.0390625,36208.234375,36832.53515625,37188.5078125,37654.75,38275.83984375,39090.1171875,39773.82421875,36471.93
2020-12-07 15:00,31783.6171875,33628.67578125,35088.41796875,35772.98046875,35888.87109375,36236.78125,36352.9375,36649.203125,36928.9765625,37432.49609375,38060.296875,35602.266
2020-12-07 15:15,29768.296875,31447.046875,32894.71484375,33437.26953125,33745.81640625,34043.45703125,34217.62890625,34543.16796875,34914.0390625,35422.62890625,36017.21484375,34418.73
2020-12-07 15:30,29356.609375,30643.5,31726.03515625,32121.58984375,32340.19140625,32584.203125,32626.0625,32917.40625,33143.34765625,33571.41015625,34160.5390625,26897.398
2020-12-07 15:45,15988.919921875,17616.375,20629.125,21998.634765625,23540.33203125,24727.080078125,26070.828125,27570.72265625,29222.9296875,31014.7421875,32193.5,28065.531
2020-12-07 16:00,18542.5546875,20406.517578125,23192.375,24816.939453125,25967.5703125,27016.1796875,27702.2421875,28984.1796875,29807.7109375,31154.12890625,32385.6484375,27750.934
2020-12-07 16:15,19730.3359375,21307.921875,23398.58203125,24072.296875,24933.7578125,25453.044921875,25905.97265625,26687.7109375,26957.4140625,28185.42578125,29133.34765625,17288.732
2020-12-07 16:30,9145.517578125,10043.31640625,12105.3828125,13512.224609375,14567.67578125,15841.728515625,16987.7265625,18751.421875,20470.099609375,22887.619140625,24408.78515625,20186.4
2020-12-07 16:45,11083.462890625,12861.244140625,15084.5107421875,16779.263671875,17974.302734375,18988.994140625,19818.744140625,20880.96875,21871.29296875,23213.71875,24566.51953125,19087.865
2020-12-07 17:00,11404.66796875,12817.7841796875,14467.728515625,15471.140625,16292.212890625,16917.904296875,17530.966796875,18023.96484375,18662.80078125,19967.576171875,21127.43359375,9861.266
2020-12-07 17:15,4011.79150390625,4766.783203125,5704.95947265625,6553.353515625,6987.2265625,7906.1279296875,8578.7373046875,9540.77734375,10675.4296875,12308.123046875,13633.083984375,5647.7324
2020-12-07 17:30,2976.6337890625,3165.005859375,3357.0439453125,3876.3857421875,3932.72802734375,4264.73828125,4570.64599609375,5088.71337890625,5425.54052734375,6442.416015625,7322.67919921875,2730.8662
2020-12-07 17:45,1226.6728515625,1226.6728515625,1233.533203125,1591.55078125,1591.55078125,1778.99169921875,1894.69677734375,2100.9482421875,2303.20166015625,2715.80126953125,3154.8603515625,278.5996
2020-12-08 09:15,0.0,0.0,86.173828125,272.3076171875,306.6982421875,461.603515625,579.6044921875,651.28515625,927.306640625,1220.0751953125,1308.80078125,42.79883
2020-12-08 09:30,0.0,163.2685546875,342.494140625,507.7822265625,571.6142578125,729.4482421875,869.9794921875,921.58984375,1205.7705078125,1543.45263671875,1683.92041015625,188.73242
2020-12-08 09:45,108.28125,381.16796875,598.5458984375,777.2314453125,872.826171875,1053.7470703125,1195.8291015625,1261.0849609375,1534.9609375,1927.56201171875,2154.9482421875,577.5322
2020-12-08 10:00,584.80859375,923.4140625,1132.05078125,1337.5224609375,1483.75634765625,1700.7978515625,1845.01513671875,1947.40478515625,2215.85302734375,2667.36572265625,2982.74853515625,680.4668
2020-12-08 10:15,391.7880859375,721.99609375,916.76171875,1076.2099609375,1236.8095703125,1452.298828125,1584.4970703125,1731.15625,1959.40966796875,2462.8681640625,2908.724609375,1343.4668
2020-12-08 10:30,1448.2978515625,1882.8642578125,2157.923828125,2378.505859375,2613.27880859375,2900.26318359375,3028.0361328125,3215.62109375,3469.82177734375,4037.2021484375,4535.35400390625,1847.7998
2020-12-08 10:45,1386.755859375,1763.0341796875,2089.75927734375,2374.5634765625,2593.05029296875,2941.88916015625,3001.5322265625,3310.0380859375,3537.78759765625,4188.36328125,4887.17041015625,2509.9995
2020-12-08 11:00,2217.72607421875,2641.9482421875,3025.79150390625,3374.75146484375,3640.86328125,4045.7373046875,4091.8662109375,4444.3349609375,4698.6875,5370.62939453125,6179.5400390625,2559.9321
2020-12-08 11:15,2101.267578125,2350.55224609375,2668.71630859375,2858.71044921875,3084.90087890625,3404.630859375,3424.140625,3749.3408203125,3950.70849609375,4629.54833984375,5575.73486328125,2954.3994
2020-12-08 11:30,2642.67041015625,2947.2568359375,3351.94580078125,3559.1484375,3823.4736328125,4129.76123046875,4145.20166015625,4401.80419921875,4614.52197265625,5222.47216796875,6121.5185546875,3492.7324
2020-12-08 11:45,2981.0029296875,3254.25341796875,3699.7041015625,3962.9853515625,4199.107421875,4514.4375,4514.4375,4762.33349609375,5008.62451171875,5591.49169921875,6515.353515625,3478.0664
2020-12-08 12:00,3239.14599609375,3461.77099609375,3843.84521484375,4066.28515625,4252.26953125,4530.16650390625,4530.16650390625,4712.6611328125,4950.49169921875,5469.28369140625,6379.24951171875,2831.3325
2020-12-08 12:15,3001.408203125,3106.58447265625,3343.99609375,3423.45849609375,3565.13916015625,3736.02490234375,3736.02490234375,3814.97998046875,3992.63232421875,4395.98828125,5279.27392578125,2859.9326
2020-12-08 12:30,3224.998046875,3399.8486328125,3666.39990234375,3823.20556640625,4008.755859375,4243.5146484375,4243.5146484375,4295.3466796875,4524.4814453125,4882.89990234375,5657.8857421875,2620.9326
2020-12-08 12:45,3066.9228515625,3124.78173828125,3320.6611328125,3453.11572265625,3571.68896484375,3786.5263671875,3786.5263671875,3786.5263671875,3969.0537109375,4252.7001953125,5038.2568359375,3618.7324
2020-12-08 13:00,3389.82421875,3688.42822265625,3986.4375,4339.220703125,4549.1279296875,4899.52001953125,4899.52001953125,5057.04541015625,5396.93994140625,5802.78369140625,6564.81201171875,3930.7993
2020-12-08 13:15,3849.18603515625,4075.80078125,4301.32470703125,4614.15380859375,4782.8583984375,5103.94384765625,5103.94384765625,5320.76171875,5642.77685546875,6157.291015625,7060.2646484375,5007.3994
2020-12-08 13:30,4296.2890625,4703.73779296875,5089.7373046875,5581.2265625,5840.67138671875,6256.66455078125,6312.70751953125,6709.052734375,7103.75537109375,7778.49658203125,8762.7119140625,5037.7993
2020-12-08 13:45,5166.908203125,5371.98583984375,5739.5869140625,6088.8193359375,6203.7939453125,6600.6875,6600.6875,6931.1484375,7254.9521484375,7869.91064453125,8856.47265625,3851.7998
2020-12-08 14:00,4236.81103515625,4307.3955078125,4555.01416015625,4750.92919921875,4784.0419921875,5039.1103515625,5039.1103515625,5267.662109375,5490.53759765625,5891.08740234375,6821.33349609375,4613.3325
2020-12-08 14:15,4047.04345703125,4435.921875,4774.9384765625,5129.06494140625,5337.7392578125,5614.61328125,5696.142578125,6003.130859375,6349.341796875,6857.49951171875,7675.5166015625,8058.8667
2020-12-08 14:30,6530.22314453125,7516.47119140625,8603.7802734375,9778.873046875,10530.06640625,11342.5732421875,11794.25390625,12801.95703125,13693.8642578125,14818.59375,16070.3828125,11157.2
2020-12-08 14:45,8834.8662109375,9729.068359375,10799.3193359375,12039.6455078125,12713.173828125,13566.2158203125,14220.962890625,15224.19140625,16213.0888671875,17899.310546875,19686.1484375,14730.6
2020-12-08 15:00,9815.025390625,11067.0263671875,12493.876953125,13928.484375,14705.431640625,15597.6923828125,16352.408203125,17285.19921875,18226.962890625,19981.62890625,21934.58984375,15286.465
2020-12-08 15:15,10130.8251953125,11237.3466796875,12683.6875,13663.58984375,14363.44140625,15062.5654296875,15624.76953125,16314.2099609375,17160.26171875,18787.1171875,20681.025390625,10586.933
2020-12-08 15:30,6470.4443359375,6892.3828125,7913.1865234375,8354.8984375,8969.7802734375,9487.076171875,10278.3603515625,10847.7294921875,11889.794921875,13365.6103515625,14986.732421875,14663.865
2020-12-08 15:45,8658.20703125,9884.5986328125,11684.9912109375,13239.9755859375,14371.2236328125,15231.5478515625,16237.1455078125,17303.388671875,18418.3203125,19677.87109375,21178.50390625,15302.133
2020-12-08 16:00,8819.173828125,9939.71484375,11458.2802734375,12764.6044921875,13807.2802734375,14641.123046875,15663.953125,16428.17578125,17448.4140625,19242.18359375,21059.37890625,13889.133
2020-12-08 16:15,6175.7197265625,7070.44140625,8367.125,9082.6474609375,9856.8876953125,10408.1923828125,11259.556640625,11643.1484375,12597.7724609375,14109.015625,15822.8115234375,13641.932
2020-12-08 16:30,7612.98046875,8728.7021484375,10328.548828125,11300.666015625,12138.1787109375,12787.0234375,13562.7314453125,14121.814453125,14908.3935546875,16037.974609375,17439.603515625,9621.466
2020-12-08 16:45,4695.8671875,5265.4052734375,6209.6416015625,6530.146484375,7037.44580078125,7387.7314453125,8054.951171875,8319.9951171875,9142.5078125,10204.1640625,11349.5302734375,6333.3994
2020-12-08 17:00,3325.5927734375,3608.1357421875,4128.6376953125,4377.69873046875,4588.71533203125,4766.3330078125,5115.43798828125,5272.60107421875,5733.412109375,6392.376953125,7124.21435546875,3414.5996
2020-12-08 17:15,2129.021484375,2214.884765625,2475.05322265625,2633.99072265625,2736.06201171875,2866.845703125,3031.716796875,3105.212890625,3406.18896484375,3796.17578125,4219.31640625,2438.7993
2020-12-08 17:30,1283.62890625,1361.3720703125,1515.8896484375,1662.6220703125,1742.3505859375,1872.51611328125,1966.27294921875,2040.16796875,2288.2607421875,2568.86767578125,2750.73486328125,1770.8667
2020-12-08 17:45,508.6962890625,611.509765625,739.0732421875,871.2705078125,957.98046875,1053.720703125,1116.8671875,1167.94140625,1419.3046875,1660.05419921875,1716.736328125,642.1328
2020-12-08 18:00,0.0,68.2099609375,190.333984375,296.6015625,388.109375,431.0595703125,472.9912109375,472.9912109375,721.501953125,897.94140625,897.94140625,25.466797
2020-12-09 09:15,0.0,31.6220703125,180.10546875,384.1513671875,420.2939453125,595.6298828125,717.607421875,797.6630859375,1093.890625,1378.2939453125,1434.3583984375,813.7324
2020-12-09 09:30,919.173828125,1276.6796875,1489.70068359375,1717.40185546875,1858.431640625,2058.41162109375,2258.150390625,2323.7216796875,2694.0029296875,3077.423828125,3176.75390625,2143.599
2020-12-09 09:45,2731.6953125,3304.5693359375,3647.0927734375,4030.71484375,4275.55712890625,4550.82666015625,4774.3212890625,4950.642578125,5366.1005859375,5899.3505859375,6186.189453125,4001.7324
2020-12-09 10:00,5758.0634765625,6380.4853515625,6818.24853515625,7295.13671875,7534.73046875,7943.62841796875,8090.453125,8447.541015625,8785.61328125,9370.9521484375,9856.7734375,6854.8667
2020-12-09 10:15,10183.8916015625,10750.38671875,11266.5009765625,11541.552734375,11769.7294921875,12234.4541015625,12355.7373046875,12702.3994140625,12997.615234375,13527.5048828125,13957.5693359375,12768.732
2020-12-09 10:30,16162.638671875,16817.234375,17593.50390625,17923.62109375,18330.390625,18595.03125,18768.765625,19016.14453125,19370.0546875,19801.693359375,20153.81640625,18544.467
2020-12-09 10:45,20896.12890625,21403.08203125,21941.7890625,22127.693359375,22303.859375,22469.95703125,22469.95703125,22579.537109375,22710.0703125,22956.990234375,23133.56640625,22708.6
2020-12-09 11:00,24884.51953125,25368.4453125,25714.41796875,25866.97265625,25929.4609375,26071.0546875,26071.0546875,26173.9375,26256.640625,26378.1171875,26586.796875,26516.867
2020-12-09 11:15,28387.453125,28895.6640625,29204.4375,29323.9140625,29366.98046875,29510.58984375,29510.58984375,29647.91015625,29724.25390625,29830.9375,30067.4140625,28860.332
2020-12-09 11:30,29454.796875,30182.9609375,30660.171875,30934.4375,31070.25,31309.41796875,31464.91015625,31701.953125,31902.87109375,32155.58984375,32489.96484375,31168.598
2020-12-09 11:45,32183.296875,32762.03125,33173.21875,33267.953125,33361.2109375,33519.81640625,33600.8671875,33812.07421875,33957.49609375,34141.359375,34418.703125,33456.066
2020-12-09 12:00,34118.359375,34677.7421875,35095.8203125,35178.6328125,35277.8359375,35461.6015625,35523.890625,35766.28125,35886.62109375,36074.5078125,36372.3359375,35084.867
2020-12-09 12:15,35208.640625,35840.953125,36293.56640625,36446.51171875,36580.62890625,36792.07421875,36884.8359375,37151.0546875,37290.015625,37526.609375,37897.125,36483.934
2020-12-09 12:30,36533.96484375,37155.40625,37575.2890625,37728.12109375,37859.01171875,38048.640625,38106.5234375,38367.1875,38499.14453125,38735.15625,39109.44921875,37620.465
2020-12-09 12:45,37706.734375,38313.3515625,38690.94140625,38869.70703125,38980.22265625,39174.69140625,39197.328125,39473.93359375,39574.28125,39803.80078125,40179.08203125,38771.4
2020-12-09 13:00,38680.6015625,39283.1953125,39618.16796875,39839.74609375,39936.796875,40159.44921875,40163.875,40439.80859375,40506.76171875,40729.7890625,41144.22265625,39264.133
2020-12-09 13:15,38462.46484375,39194.5,39564.30078125,39923.46484375,40032.09375,40304.35546875,40367.76171875,40676.7578125,40783.92578125,41052.3046875,41554.8046875,39593.863
2020-12-09 13:30,38792.83984375,39511.8984375,39843.046875,40156.16796875,40225.3984375,40457.6484375,40505.1953125,40783.015625,40874.23046875,41132.44140625,41621.48046875,39726.4
2020-12-09 13:45,38488.87109375,39270.2109375,39613.1953125,40004.19140625,40032.53515625,40278.796875,40303.125,40614.90234375,40709.93359375,40955.48046875,41429.33203125,39685.4
2020-12-09 14:00,38574.6796875,39312.87109375,39653.31640625,40014.359375,40039.37890625,40278.98046875,40282.2109375,40550.7578125,40638.19921875,40866.5859375,41358.28515625,39335.934
2020-12-09 14:15,37952.45703125,38708.61328125,39047.421875,39413.3671875,39413.3671875,39663.79296875,39696.8515625,39940.76953125,40047.99609375,40303.8125,40864.4375,38635.062
2020-12-09 14:30,36659.70703125,37453.9140625,37851.125,38220.64453125,38220.64453125,38444.44140625,38494.95703125,38759.2890625,38901.63671875,39155.41015625,39729.71875,37725.8
2020-12-09 14:45,35806.3984375,36521.16796875,36894.140625,37179.26171875,37179.26171875,37328.15625,37328.15625,37531.95703125,37659.03515625,37868.78125,38416.0,36293.53
2020-12-09 15:00,33869.72265625,34589.140625,35084.640625,35337.86328125,35337.86328125,35534.27734375,35562.5,35805.29296875,36001.65234375,36219.546875,36771.81640625,34958.867
2020-12-09 15:15,32522.86328125,33111.66015625,33604.76953125,33744.0,33748.828125,33934.75390625,33951.234375,34168.109375,34367.7421875,34554.04296875,35096.48828125,33402.133
2020-12-09 15:30,30612.71484375,31057.671875,31579.1640625,31653.88671875,31709.0546875,31902.1640625,31930.890625,32192.7890625,32384.046875,32612.5390625,33117.3984375,31657.996
2020-12-09 15:45,26802.8671875,27217.515625,27971.91015625,28433.671875,28668.0859375,29085.20703125,29146.59765625,29491.54296875,29679.08203125,30028.11328125,30576.85546875,29727.797
2020-12-09 16:00,25958.875,26198.80078125,26644.69921875,27035.12890625,27089.125,27450.97265625,27450.97265625,27836.0,27836.0,28168.4453125,28694.49609375,27164.066
2020-12-09 16:15,23607.25,23830.42578125,24324.796875,24548.87109375,24606.00390625,24846.7734375,24931.572265625,25332.66015625,25332.78125,25693.017578125,26138.75390625,24271.266
2020-12-09 16:30,19974.076171875,20281.6953125,20739.0859375,20989.88671875,21058.837890625,21276.0234375,21489.8671875,21796.796875,21908.28515625,22275.83203125,22797.1875,20195.799
2020-12-09 16:45,14623.5693359375,15021.22265625,15559.5546875,15976.513671875,16148.314453125,16441.744140625,16822.01953125,17053.056640625,17408.716796875,17973.20703125,18602.8203125,14384.199
2020-12-09 17:00,7652.974609375,8243.1279296875,8731.599609375,9450.9609375,9637.3740234375,10069.5478515625,10419.5419921875,10809.4326171875,11330.4541015625,12128.7373046875,12920.9111328125,8080.9326
2020-12-09 17:15,3686.9296875,4088.2109375,4165.18994140625,4757.3154296875,4787.4208984375,5096.87548828125,5194.18408203125,5383.22021484375,5643.736328125,6169.3125,6885.1171875,4643.8667
2020-12-09 17:30,2371.40283203125,2493.0625,2631.798828125,2919.904296875,3055.9873046875,3164.1748046875,3274.42724609375,3274.42724609375,3396.736328125,3708.59423828125,4067.32568359375,2380.7998
2020-12-09 17:45,779.77734375,807.4072265625,920.3447265625,1228.5107421875,1305.009765625,1414.0673828125,1466.9267578125,1518.7841796875,1745.478515625,1922.32275390625,2115.4912109375,749.2666
2020-12-09 18:00,0.0,0.0,5.546875,237.1513671875,306.658203125,359.259765625,391.71484375,403.44140625,714.45703125,796.849609375,816.251953125,9.666992
2020-12-10 09:15,0.0,4.541015625,159.791015625,348.013671875,396.373046875,556.8212890625,684.48046875,752.693359375,1045.7275390625,1343.998046875,1427.103515625,458.93262
2020-12-10 09:30,410.279296875,713.4580078125,913.7783203125,1104.6376953125,1218.5546875,1392.74609375,1573.5078125,1624.3134765625,1957.638671875,2333.8232421875,2465.13623046875,1954.9995
2020-12-10 09:45,2219.630859375,2770.60986328125,3050.9228515625,3417.23974609375,3642.34130859375,3903.86279296875,4142.67578125,4284.521484375,4686.4384765625,5205.88525390625,5490.22705078125,3342.5996
2020-12-10 10:00,4233.1845703125,4879.92822265625,5272.15576171875,5723.3701171875,5963.73779296875,6313.52197265625,6512.9755859375,6821.7900390625,7186.9306640625,7814.923828125,8309.0263671875,6258.9995
2020-12-10 10:15,9530.236328125,10202.1318359375,10717.2734375,11076.822265625,11335.2939453125,11793.1875,11945.6201171875,12294.8701171875,12601.455078125,13148.423828125,13653.5771484375,11974.533
2020-12-10 10:30,14663.0888671875,15416.01171875,16220.927734375,16570.810546875,16995.056640625,17277.216796875,17454.9765625,17729.8828125,18053.0703125,18665.328125,19076.6328125,16923.4
2020-12-10 10:45,19081.48046875,19632.00390625,20222.921875,20328.453125,20554.484375,20722.115234375,20742.544921875,20898.3828125,21009.6484375,21431.83984375,21624.673828125,20742.6
2020-12-10 11:00,22923.138671875,23412.90625,23778.4921875,23896.390625,24011.81640625,24163.375,24163.375,24290.705078125,24358.265625,24619.3203125,24847.421875,24151.732
2020-12-10 11:15,26092.88671875,26585.015625,26904.27734375,27030.9765625,27122.26171875,27245.6015625,27252.46875,27391.85546875,27483.42578125,27719.78515625,27982.17578125,26516.332
2020-12-10 11:30,27588.65234375,28200.8125,28625.078125,28829.31640625,28985.046875,29157.4453125,29259.05859375,29438.6796875,29642.74609375,29958.37890625,30279.83203125,29181.129
2020-12-10 11:45,30427.59375,30926.1796875,31273.83984375,31363.3359375,31467.94921875,31600.80859375,31602.05859375,31761.66796875,31900.01171875,32135.140625,32432.453125,31996.8
2020-12-10 12:00,32868.96484375,33328.1328125,33686.36328125,33762.0234375,33817.45703125,34000.90234375,34000.90234375,34165.49609375,34260.23046875,34457.24609375,34751.25390625,33857.53
2020-12-10 12:15,34245.2578125,34797.10546875,35147.79296875,35288.359375,35326.27734375,35546.37890625,35546.37890625,35791.06640625,35898.3359375,36110.765625,36479.40625,34981.668
2020-12-10 12:30,34889.77734375,35518.140625,35875.625,36069.2421875,36132.10546875,36354.8203125,36354.8203125,36652.43359375,36804.26171875,37009.13671875,37438.7421875,36127.664
2020-12-10 12:45,36196.8515625,36736.109375,37018.765625,37164.65234375,37190.7421875,37384.53515625,37384.53515625,37612.75390625,37718.40234375,37879.03515625,38297.64453125,37177.4
2020-12-10 13:00,36908.8125,37453.80078125,37720.4453125,37916.86328125,37928.3984375,38149.20703125,38149.20703125,38394.3359375,38485.9921875,38644.04296875,39099.27734375,38094.996
2020-12-10 13:15,37483.75,38045.8359375,38303.671875,38526.31640625,38547.26953125,38773.09765625,38773.09765625,39017.0703125,39115.625,39275.25,39766.4453125,38243.6
2020-12-10 13:30,37144.19140625,37810.1015625,38119.4921875,38425.3203125,38463.359375,38702.953125,38702.953125,39023.92578125,39161.19140625,39359.0625,39891.3984375,38384.73
2020-12-10 13:45,37214.61328125,37861.1171875,38149.15234375,38439.390625,38459.7109375,38668.6953125,38668.6953125,38935.421875,39058.859375,39227.88671875,39721.50390625,38215.734
2020-12-10 14:00,36937.15234375,37598.69921875,37908.25390625,38222.63671875,38228.90234375,38451.64453125,38451.64453125,38715.375,38840.8515625,39017.5703125,39531.265625,37526.066
2020-12-10 14:15,35914.66796875,36634.33203125,37017.68359375,37357.3515625,37357.3515625,37608.140625,37615.33984375,37922.5,38101.78515625,38316.57421875,38902.4140625,36733.996
2020-12-10 14:30,34724.484375,35430.8515625,35851.24609375,36141.34765625,36141.34765625,36358.73046875,36369.94921875,36663.6484375,36859.34765625,37067.203125,37652.44140625,36454.133
2020-12-10 14:45,34548.3984375,35088.50390625,35424.38671875,35702.75390625,35702.75390625,35894.765625,35894.765625,36049.1171875,36182.2109375,36362.3125,36910.6953125,35642.066
2020-12-10 15:00,33549.65234375,34039.37109375,34367.328125,34642.34765625,34642.34765625,34814.08203125,34814.08203125,34966.72265625,35076.39453125,35268.1875,35767.734375,34229.066
2020-12-10 15:15,31826.32421875,32292.0703125,32694.45703125,32902.0078125,32902.0078125,33130.69140625,33130.69140625,33373.65625,33521.5859375,33708.75,34208.62890625,32674.598
2020-12-10 15:30,30000.39453125,30360.37890625,30795.125,30899.41796875,30932.24609375,31171.3671875,31171.3671875,31468.48828125,31590.9765625,31793.703125,32278.4140625,30687.332
2020-12-10 15:45,24832.734375,25266.59375,26180.1640625,26791.53515625,27155.08984375,27645.9375,27825.9375,28261.39453125,28516.41015625,28933.67578125,29520.0703125,28587.934
2020-12-10 16:00,24095.333984375,24456.84375,25027.53515625,25537.0859375,25686.314453125,26094.66796875,26113.25,26620.2421875,26620.2421875,27061.13671875,27708.765625,24381.4
2020-12-10 16:15,18736.53515625,19164.328125,20270.87109375,21027.828125,21427.55078125,21958.20703125,22415.57421875,23045.46484375,23515.59375,24296.328125,25011.876953125,21826.332
2020-12-10 16:30,17129.35546875,17601.224609375,18127.8671875,18453.48046875,18606.03125,18812.388671875,19076.7265625,19404.29296875,19592.431640625,20263.826171875,20935.43359375,19224.8
2020-12-10 16:45,14370.978515625,14863.33984375,15239.48828125,15239.48828125,15391.2451171875,15488.40625,15708.515625,15779.09765625,15966.56640625,16447.833984375,16968.4609375,13636.0
2020-12-10 17:00,7160.3955078125,7790.43505859375,8280.970703125,8754.1630859375,8932.1533203125,9311.5498046875,9625.23828125,9878.884765625,10361.669921875,10946.83203125,11598.3203125,7471.7993
2020-12-10 17:15,3277.51318359375,3623.0361328125,3754.66064453125,4222.544921875,4277.80126953125,4541.7978515625,4666.5556640625,4807.1640625,5063.27001953125,5470.23681640625,6073.24169921875,4373.1997
2020-12-10 17:30,2093.2275390625,2187.6337890625,2339.513671875,2599.248046875,2727.6337890625,2853.17431640625,2952.30615234375,2994.9775390625,3142.5205078125,3419.82568359375,3695.82861328125,2343.0
2020-12-10 17:45,660.8505859375,691.1357421875,805.021484375,1086.2685546875,1148.30859375,1266.7890625,1311.2421875,1385.9736328125,1629.18505859375,1802.86328125,1944.1328125,846.0664
2020-12-10 18:00,0.0,0.0,0.0,212.7548828125,268.1875,330.3056640625,360.421875,380.2109375,683.7119140625,775.3837890625,775.3837890625,28.066406
2020-12-11 09:15,0.0,0.0,117.294921875,308.298828125,351.5927734375,513.8271484375,636.171875,711.220703125,999.9208984375,1296.0302734375,1380.3271484375,643.7998
2020-12-11 09:30,671.298828125,1000.451171875,1199.427734375,1405.6943359375,1532.74609375,1716.59912109375,1905.8974609375,1961.53369140625,2306.7568359375,2687.64013671875,2809.486328125,1848.6665
2020-12-11 09:45,2164.3134765625,2709.4921875,3015.427734375,3363.88330078125,3593.8330078125,3849.82421875,4079.77734375,4229.78515625,4628.26025390625,5156.4384765625,5448.04638671875,3637.5996
2020-12-11 10:00,5035.44775390625,5704.22216796875,6088.83935546875,6569.095703125,6821.18017578125,7192.2373046875,7383.62646484375,7704.1591796875,8059.32177734375,8673.25,9189.841796875,5868.5996
2020-12-11 10:15,8120.3427734375,8747.48828125,9259.306640625,9651.88671875,9878.560546875,10375.7197265625,10533.9130859375,10948.71484375,11280.29296875,11955.03125,12529.4921875,10863.866
2020-12-11 10:30,14220.349609375,14949.033203125,15697.3759765625,16033.71484375,16457.779296875,16811.5546875,17051.6171875,17353.77734375,17742.078125,18331.29296875,18803.8203125,16113.73
2020-12-11 10:45,18354.630859375,18916.7734375,19501.701171875,19633.548828125,19909.30859375,20096.8046875,20170.130859375,20334.58203125,20499.9453125,21002.09375,21281.28125,20000.934
2020-12-11 11:00,22223.96875,22714.2578125,23090.35546875,23194.1875,23328.921875,23475.099609375,23485.62109375,23610.5234375,23715.5,24005.095703125,24263.94921875,22818.266
2020-12-11 11:15,24399.203125,24975.046875,25399.9921875,25609.8671875,25782.203125,25945.8984375,26045.69140625,26206.53515625,26404.5859375,26736.37109375,27082.11328125,25883.2
2020-12-11 11:30,27402.53515625,27921.265625,28284.50390625,28406.90234375,28550.6171875,28656.265625,28692.78125,28820.91796875,28988.31640625,29270.13671875,29602.10546875,28731.066
2020-12-11 11:45,29955.2890625,30434.9296875,30793.1953125,30874.3359375,30994.53515625,31114.125,31114.125,31240.83984375,31376.0703125,31612.8359375,31907.71484375,30718.133
2020-12-11 12:00,31572.265625,32095.8359375,32454.54296875,32552.36328125,32637.3828125,32793.72265625,32812.5,32994.87890625,33136.6328125,33377.703125,33701.74609375,32174.0
2020-12-11 12:15,32486.07421875,33074.43359375,33471.26953125,33609.95703125,33705.2265625,33893.984375,33938.65234375,34168.875,34356.1640625,34596.4375,34993.9765625,28992.062
2020-12-11 12:30,20121.044921875,21814.92578125,24894.9453125,26201.41015625,27479.9609375,28555.734375,29727.25390625,31167.87109375,32576.17578125,33766.64453125,34857.59375,27932.863
2020-12-11 12:45,24501.646484375,25410.4921875,27070.2265625,27426.3515625,27713.00390625,28174.6171875,28673.9609375,29624.58203125,30350.07421875,31852.26171875,33073.3515625,27271.133
2020-12-11 13:00,24738.92578125,25386.44140625,26289.24609375,26440.30859375,26481.01171875,26696.1875,26779.1953125,27310.453125,27778.7734375,29045.359375,30193.76953125,25311.998
2020-12-11 13:15,23049.236328125,23385.97265625,24118.74609375,24275.33984375,24391.04296875,24505.46484375,24641.81640625,25027.833984375,25398.16796875,26521.71484375,27638.1171875,25116.4
2020-12-11 13:30,23341.44140625,23755.025390625,24464.478515625,24675.53515625,24675.53515625,24788.708984375,24809.30859375,25109.3359375,25326.41796875,26145.9296875,27046.5625,26246.062
2020-12-11 13:45,24114.94921875,24645.42578125,25521.2890625,26051.83984375,26065.3125,26350.421875,26350.421875,26759.97265625,27048.24609375,27824.94921875,28760.4921875,28191.465
2020-12-11 14:00,25725.2109375,26654.0625,27987.15625,28931.05078125,29120.56640625,29640.6796875,29813.6953125,30523.87890625,31014.64453125,31993.25390625,33015.3984375,27493.066
2020-12-11 14:15,25477.07421875,26079.72265625,27466.84375,27953.484375,28110.97265625,28418.734375,28667.2734375,29303.53515625,29720.26953125,30732.8203125,31658.87890625,27414.664
2020-12-11 14:30,26181.359375,26862.12890625,27877.65234375,28193.99609375,28204.6640625,28424.515625,28542.44140625,29140.33984375,29498.859375,30356.6640625,31272.390625,29103.934
2020-12-11 14:45,26719.76171875,27730.00390625,28966.6875,29636.9375,29792.80078125,30198.0546875,30388.60546875,31052.4921875,31488.03125,32369.6328125,33327.59765625,30678.398
2020-12-11 15:00,27852.07421875,28904.609375,30207.25390625,30803.86328125,31009.55078125,31383.0078125,31647.45703125,32209.3046875,32520.5546875,33326.65625,34130.78515625,30741.2
2020-12-11 15:15,28169.34375,29101.7421875,30119.14453125,30395.07421875,30584.75,30815.0234375,31026.6640625,31443.2734375,31626.64453125,32238.8671875,32903.83203125,29853.664
2020-12-11 15:30,26917.640625,27707.5,28510.625,28642.51171875,28904.56640625,29115.4921875,29276.9453125,29664.27734375,29830.49609375,30296.30078125,30959.89453125,27710.996
2020-12-11 15:45,21102.15234375,21871.0390625,23125.978515625,23792.875,24454.654296875,24930.775390625,25420.6328125,25936.96875,26445.53125,27123.640625,27923.578125,24156.8
2020-12-11 16:00,20087.35546875,20497.294921875,21122.03515625,21488.3359375,21746.62109375,22015.91015625,22323.21484375,22738.37109375,22962.92578125,23753.6484375,24558.697265625,22394.264
2020-12-11 16:15,18466.78125,19080.23046875,19597.1328125,19831.70703125,20031.46484375,20184.3828125,20348.86328125,20576.8828125,20683.82421875,21202.2734375,21966.830078125,19157.664
2020-12-11 16:30,13679.4765625,14223.4736328125,14848.728515625,15209.3828125,15435.80859375,15745.728515625,16059.07421875,16249.734375,16696.1875,17240.84375,17918.17578125,15944.266
2020-12-11 16:45,10739.869140625,11344.7060546875,11753.462890625,11847.34765625,12025.27734375,12156.37890625,12375.2607421875,12471.4462890625,12786.84765625,13281.48046875,13787.90234375,11185.466
2020-12-11 17:00,5946.95703125,6427.337890625,6779.83837890625,7024.1591796875,7213.21484375,7381.48291015625,7628.97900390625,7713.861328125,8045.79296875,8468.0732421875,9010.7880859375,6624.3994
2020-12-11 17:15,3068.259765625,3261.70751953125,3426.68896484375,3703.69970703125,3797.1689453125,3951.30615234375,4075.751953125,4122.86962890625,4316.64208984375,4617.107421875,5028.703125,3963.5996
2020-12-11 17:30,1685.90283203125,1743.07568359375,1858.6572265625,2107.98291015625,2168.6630859375,2304.28955078125,2364.17236328125,2437.00634765625,2618.38330078125,2853.572265625,3042.5283203125,2143.6665
2020-12-11 17:45,416.73046875,461.6181640625,567.1171875,804.9599609375,832.4833984375,950.2080078125,972.42578125,1043.716796875,1297.2666015625,1446.390625,1511.318359375,746.5996
2020-12-11 18:00,0.0,0.0,0.0,99.1611328125,144.7568359375,196.470703125,210.3896484375,219.861328125,514.4150390625,595.0458984375,595.0458984375,25.59961
2020-12-12 09:15,0.0,0.0,133.984375,327.1396484375,368.4228515625,543.689453125,662.158203125,742.794921875,1033.3974609375,1318.1845703125,1387.4462890625,721.9326
2020-12-12 09:30,839.41796875,1200.541015625,1404.396484375,1612.02880859375,1757.09912109375,1956.57177734375,2149.8173828125,2209.2646484375,2572.3798828125,2949.26025390625,3058.79150390625,2290.066
2020-12-12 09:45,3354.46240234375,3955.47265625,4290.525390625,4662.01416015625,4942.37109375,5223.3037109375,5452.64794921875,5616.49365234375,6044.92626953125,6555.1669921875,6842.412109375,4858.0664
2020-12-12 10:00,7836.9482421875,8442.8642578125,8862.9384765625,9291.0751953125,9522.416015625,9957.0,10058.9443359375,10390.5634765625,10689.716796875,11197.8974609375,11648.4384765625,7624.3325
2020-12-12 10:15,10378.2958984375,10957.4951171875,11596.5771484375,11868.5283203125,12120.404296875,12639.07421875,12795.6298828125,13148.1240234375,13476.2861328125,14086.126953125,14471.078125,14416.6
2020-12-12 10:30,17653.744140625,18258.1640625,19130.8828125,19570.44921875,20044.400390625,20364.75390625,20555.451171875,20833.255859375,21226.033203125,21596.66796875,21986.365234375,21677.865
2020-12-12 10:45,23209.89453125,23595.185546875,24290.697265625,24628.4375,24837.5234375,25112.62109375,25112.62109375,25205.923828125,25340.37109375,25509.056640625,25677.69921875,24982.934
2020-12-12 11:00,25762.6484375,26388.90234375,26983.80859375,27372.77734375,27583.59375,27880.0390625,28000.98046875,28256.3046875,28407.6953125,28733.41796875,29067.9609375,28522.797
2020-12-12 11:15,30024.86328125,30550.27734375,30878.0625,30984.734375,31078.265625,31262.859375,31276.04296875,31488.94921875,31516.01171875,31722.1328125,32065.15625,31848.0
2020-12-12 11:30,32564.4453125,33133.74609375,33403.10546875,33497.13671875,33540.859375,33767.625,33767.625,34023.96875,34030.9921875,34240.0,34608.34765625,29845.0
2020-12-12 11:45,22163.72265625,23835.30859375,26362.35546875,27835.6796875,28973.05078125,29984.6953125,31070.6484375,32324.19140625,33518.78515625,34660.87890625,35647.47265625,24834.664
2020-12-12 12:00,15364.25,16732.71875,19626.19921875,20821.4921875,22499.1015625,23627.55859375,25243.73828125,26819.7265625,28462.6328125,30725.73046875,32405.09375,21317.6
2020-12-12 12:15,14519.240234375,14951.44921875,16123.6640625,16631.689453125,17768.30078125,18374.36328125,19381.29296875,19892.232421875,21299.353515625,23564.044921875,25069.0,17739.732
2020-12-12 12:30,12451.474609375,12878.1142578125,13744.9931640625,14356.955078125,14793.1669921875,15263.474609375,15743.93359375,15898.1181640625,16689.435546875,17891.228515625,19169.8515625,15803.133
2020-12-12 12:45,12268.94921875,12856.3095703125,13642.6318359375,14282.041015625,14409.349609375,14839.5458984375,14996.25390625,15174.6767578125,15536.109375,16137.1513671875,17108.328125,15507.266
2020-12-12 13:00,13824.28515625,14296.1181640625,14851.4375,15256.0869140625,15356.7431640625,15755.51171875,15838.099609375,16014.46875,16245.5546875,16644.30859375,17578.794921875,14708.199
2020-12-12 13:15,13539.2353515625,13855.060546875,14314.505859375,14649.9267578125,14793.1259765625,15201.1796875,15293.1015625,15457.3203125,15672.4609375,15941.1630859375,16988.583984375,14720.332
2020-12-12 13:30,14252.39453125,14512.63671875,14838.021484375,15057.576171875,15165.0146484375,15523.86328125,15554.11328125,15723.857421875,15936.060546875,16147.76953125,17143.30859375,14729.799
2020-12-12 13:45,14019.2578125,14298.455078125,14577.9345703125,14895.83203125,14966.33984375,15326.2626953125,15326.2626953125,15478.2265625,15728.763671875,15899.892578125,16960.6875,14818.133
2020-12-12 14:00,14495.32421875,14737.880859375,14945.064453125,15179.794921875,15244.2470703125,15571.4423828125,15571.4423828125,15690.7421875,15944.1533203125,16114.4521484375,17155.48046875,16481.668
2020-12-12 14:15,16863.216796875,17092.9765625,17320.71484375,17536.28125,17733.33203125,18065.2734375,18139.609375,18401.5390625,18697.4609375,19078.265625,20256.34375,20954.332
2020-12-12 14:30,20908.1953125,21602.30859375,22523.326171875,23458.865234375,24338.4609375,24874.18359375,25462.86328125,26232.4375,27057.36328125,28237.30859375,29892.12890625,21195.465
2020-12-12 14:45,17241.216796875,17806.5625,19395.88671875,20306.95703125,21223.55859375,21747.416015625,22611.5703125,23275.328125,24163.50390625,25794.349609375,27560.3515625,21206.533
2020-12-12 15:00,19539.171875,20023.70703125,21040.90625,21309.8515625,21833.94921875,22046.48828125,22656.404296875,23114.75,23719.296875,25222.24609375,26602.96484375,21310.266
2020-12-12 15:15,20178.7421875,20561.7265625,21285.73046875,21468.68359375,21844.181640625,21972.8984375,22460.9375,22783.6953125,23232.978515625,24535.85546875,25900.642578125,18029.598
2020-12-12 15:30,13376.453125,13836.853515625,14983.361328125,15932.484375,16591.08984375,17162.755859375,17855.890625,18405.5390625,19356.744140625,20669.0,22302.3203125,17310.266
2020-12-12 15:45,13487.4873046875,14248.61328125,15267.32421875,16049.0400390625,16622.84765625,16966.25390625,17398.87890625,18059.1796875,18820.275390625,20258.65625,21599.8203125,17570.799
2020-12-12 16:00,15727.17578125,16386.45703125,17154.634765625,17582.07421875,18057.984375,18225.1328125,18603.59765625,19195.748046875,19832.93359375,21244.544921875,22505.923828125,20013.533
2020-12-12 16:15,19235.892578125,20223.947265625,21351.78125,22261.5703125,22915.564453125,23301.6484375,23732.59765625,24630.39453125,25410.48828125,26660.1484375,28107.19921875,22416.8
2020-12-12 16:30,21778.83984375,22583.04296875,23326.265625,23892.6484375,24261.52734375,24473.515625,24665.099609375,25109.9453125,25544.46875,26393.9453125,27483.31640625,22551.73
2020-12-12 16:45,20214.64453125,20819.25,21277.41015625,21634.9296875,21740.0078125,21895.78515625,21986.41796875,22198.71875,22425.04296875,22995.025390625,23728.443359375,17203.934
2020-12-12 17:00,8023.0146484375,8839.1728515625,10441.8095703125,11611.0,12162.017578125,13061.52734375,13860.826171875,14885.6279296875,16071.677734375,17179.052734375,18153.92578125,10026.6
2020-12-12 17:15,3482.31201171875,3848.970703125,4292.294921875,5009.78125,5201.10009765625,5762.4150390625,6282.1025390625,7031.064453125,7817.068359375,9066.763671875,10094.966796875,6192.7324
2020-12-12 17:30,2554.47900390625,2738.84423828125,3022.138671875,3177.11767578125,3346.34326171875,3493.15478515625,3813.912109375,3980.53173828125,4250.31982421875,4952.73291015625,5408.3935546875,3414.7998
2020-12-12 17:45,1147.8330078125,1147.8330078125,1323.5712890625,1511.0615234375,1638.2451171875,1767.31298828125,1975.322265625,2042.32470703125,2280.234375,2637.20361328125,2901.9228515625,1030.0664
2020-12-12 18:00,0.0,0.0,19.66796875,214.4267578125,303.4365234375,420.4140625,529.7744140625,544.20703125,840.685546875,974.2529296875,1077.1552734375,53.466797
2020-12-13 09:15,0.0,0.0,65.248046875,207.6044921875,285.271484375,474.1171875,598.4345703125,688.4013671875,950.689453125,1256.0380859375,1409.654296875,640.2666
2020-12-13 09:30,1060.7861328125,1585.35009765625,1804.99462890625,1925.50390625,2179.50927734375,2401.51513671875,2618.755859375,2659.10791015625,3030.857421875,3423.47412109375,3607.5244140625,3126.6665
2020-12-13 09:45,5953.8837890625,6677.1337890625,7089.96484375,7489.4794921875,7931.2041015625,8319.6630859375,8536.46875,8758.279296875,9222.78515625,9686.51171875,10104.09375,6102.3994
2020-12-13 10:00,9517.1669921875,10128.1923828125,10703.162109375,10983.8056640625,11282.0185546875,11776.0400390625,11926.2880859375,12236.8701171875,12592.1220703125,13150.203125,13604.1845703125,9334.466
2020-12-13 10:15,11029.890625,11667.841796875,12471.998046875,12836.923828125,13332.08984375,13901.48046875,14349.314453125,14570.6875,15107.19921875,15855.39453125,16324.404296875,16354.264
2020-12-13 10:30,19917.82421875,20435.72265625,21299.58203125,21735.453125,22313.12109375,22665.34375,22985.62890625,23225.810546875,23743.849609375,24013.39453125,24525.0390625,23853.533
2020-12-13 10:45,25744.0703125,25982.546875,26736.8515625,27023.2890625,27267.01171875,27595.265625,27595.265625,27701.30078125,27891.95703125,27992.55859375,28217.75390625,19540.066
2020-12-13 11:00,10422.3935546875,12141.45703125,15655.869140625,16614.482421875,18569.828125,20103.98828125,21945.75390625,23644.76953125,25264.818359375,26501.45703125,27574.37109375,30015.598
2020-12-13 11:15,25354.37890625,26265.68359375,29426.26171875,30718.27734375,32494.0078125,33525.68359375,34415.83203125,35131.09375,36060.91015625,36554.6171875,37514.2578125,32880.2
2020-12-13 11:30,30017.47265625,31261.96875,33343.265625,33873.87890625,34463.578125,34861.72265625,35092.5,35146.6484375,35450.31640625,36184.17578125,36466.8828125,34785.6
2020-12-13 11:45,34396.85546875,35359.1171875,36503.03125,36779.46875,37041.94921875,37414.9375,37414.9375,37526.98828125,37672.26171875,38027.86328125,38547.76171875,36386.934
2020-12-13 12:00,34110.98828125,35327.16796875,36443.375,37123.90234375,37397.3359375,37878.078125,38047.2578125,38478.26953125,38799.7109375,39345.640625,39977.4609375,37656.33
2020-12-13 12:15,37201.89453125,38129.546875,38761.17578125,39064.109375,39127.19921875,39438.08984375,39438.08984375,39724.26953125,39821.78515625,40167.26953125,40762.578125,38819.527
2020-12-13 12:30,37688.59375,38641.83203125,39186.8359375,39613.0078125,39677.2265625,40009.34765625,40009.34765625,40361.5234375,40470.37890625,40809.671875,41439.5234375,39763.734
2020-12-13 12:45,39431.7578125,40161.8125,40535.2421875,40836.71875,40836.71875,41087.1328125,41087.1328125,41290.42578125,41297.6640625,41552.69140625,42112.41015625,40638.867
2020-12-13 13:00,40057.78515625,40760.73828125,41065.2890625,41450.36328125,41450.36328125,41726.17578125,41726.17578125,41963.9453125,41963.9453125,42204.7265625,42793.29296875,41347.93
2020-12-13 13:15,40462.37890625,41167.5703125,41415.04296875,41848.05859375,41865.5390625,42141.88671875,42141.88671875,42390.6015625,42392.4375,42641.48046875,43274.19921875,41957.0
2020-12-13 13:30,40956.15625,41625.70703125,41823.8359375,42246.0234375,42246.0234375,42502.18359375,42502.18359375,42723.44140625,42723.44140625,42952.4140625,43573.58203125,40444.133
2020-12-13 13:45,36886.98828125,38081.53515625,38832.0078125,40001.18359375,40145.25,40706.421875,40891.7265625,41525.20703125,41863.97265625,42355.42578125,43199.6015625,34253.598
2020-12-13 14:00,22698.984375,24973.9765625,28554.296875,30088.1484375,31631.4921875,32819.28125,34285.3828125,36135.609375,37541.58203125,38974.4453125,40447.53515625,34379.53
2020-12-13 14:15,28485.8828125,30255.67578125,32563.1171875,33587.8828125,34004.828125,34777.09375,35532.42578125,36601.203125,37563.8359375,39286.2265625,40781.37890625,39833.13
2020-12-13 14:30,32423.1796875,34090.90625,36862.34765625,38181.16015625,39154.09765625,39989.4296875,40774.45703125,41286.68359375,41881.734375,42929.11328125,43918.05859375,40128.53
2020-12-13 14:45,35679.2265625,37003.875,38718.48046875,39457.02734375,39646.59375,40064.515625,40336.60546875,40564.91796875,40628.53515625,41538.06640625,41954.98828125,38699.734
2020-12-13 15:00,35768.86328125,36827.2890625,37773.578125,38240.984375,38282.5078125,38625.078125,38657.98828125,38889.625,38974.72265625,39471.75,40025.53515625,37253.13
2020-12-13 15:15,33295.53515625,34394.50390625,35348.03515625,35914.71484375,36076.97265625,36458.0234375,36591.97265625,36964.61328125,37236.48828125,37734.54296875,38419.55078125,35776.734
2020-12-13 15:30,31976.39453125,32843.421875,33657.16015625,33927.12890625,34115.671875,34399.84375,34522.53515625,34858.34375,35089.49609375,35522.41796875,36176.87890625,33650.53
2020-12-13 15:45,27063.671875,27864.21484375,29160.67578125,29621.015625,30211.33203125,30713.51171875,31001.2265625,31488.30078125,32003.96875,32593.3671875,33243.2109375,31461.332
2020-12-13 16:00,27050.33203125,27516.25,28235.546875,28750.703125,28858.9296875,29356.35546875,29356.35546875,29818.11328125,29951.6484375,30507.8984375,31128.3046875,28920.266
2020-12-13 16:15,24087.390625,24441.033203125,25272.39453125,25687.12890625,25856.43359375,26253.703125,26428.25390625,26898.9921875,27115.4296875,27701.75390625,28158.6953125,26094.934
2020-12-13 16:30,21676.91796875,21989.08984375,22449.853515625,22748.0703125,22748.0703125,22978.28125,23135.453125,23479.046875,23589.0859375,24042.6953125,24529.6015625,22074.998
2020-12-13 16:45,15989.83203125,16401.6640625,17041.91796875,17569.1953125,17715.30078125,18040.80859375,18465.626953125,18758.8828125,19142.18359375,19713.904296875,20334.9609375,15631.133
2020-12-13 17:00,7604.80029296875,8206.1708984375,8896.4541015625,9867.3955078125,10049.9931640625,10594.8681640625,11090.796875,11692.021484375,12329.4765625,13290.1748046875,14187.6162109375,8922.933
2020-12-13 17:15,3459.2314453125,3892.80908203125,3981.43359375,4717.43212890625,4717.43212890625,5094.5029296875,5234.14794921875,5613.3408203125,5907.81591796875,6669.8583984375,7433.0595703125,5508.0664
2020-12-13 17:30,2448.607421875,2577.98193359375,2734.4130859375,3003.34814453125,3117.49560546875,3315.89501953125,3432.5966796875,3486.3271484375,3631.05810546875,4041.796875,4352.01953125,2841.6665
2020-12-13 17:45,836.6611328125,836.6611328125,955.3427734375,1243.44921875,1338.7998046875,1506.830078125,1596.6572265625,1659.78955078125,1902.24365234375,2120.1953125,2306.6083984375,926.1992
2020-12-13 18:00,0.0,0.0,0.0,139.001953125,230.7255859375,335.810546875,393.8232421875,404.9248046875,733.728515625,819.8271484375,853.771484375,69.53223
2020-12-14 09:15,0.0,0.0,105.9453125,291.900390625,341.21875,533.017578125,655.2919921875,744.294921875,1040.787109375,1325.2861328125,1408.3134765625,625.8662
2020-12-14 09:30,785.923828125,1200.193359375,1406.25,1589.65087890625,1754.92431640625,1968.45166015625,2167.09228515625,2221.32373046875,2595.427734375,2967.32421875,3088.3486328125,2422.4663
2020-12-14 09:45,4046.64501953125,4698.00048828125,5049.41796875,5418.2197265625,5747.7294921875,6053.32666015625,6283.552734375,6447.7734375,6898.998046875,7387.34765625,7686.8056640625,5067.1997
2020-12-14 10:00,8202.90625,8799.32421875,9233.0244140625,9632.5439453125,9865.71875,10320.5361328125,10400.4990234375,10737.375,11023.70703125,11535.5771484375,12000.453125,7806.7324
2020-12-14 10:15,10311.8271484375,10913.513671875,11598.208984375,11952.353515625,12274.97265625,12847.326171875,13070.6552734375,13421.2939453125,13801.822265625,14466.55078125,14904.6484375,13976.133
2020-12-14 10:30,18412.455078125,18882.22265625,19478.775390625,19685.935546875,20109.9140625,20343.67578125,20556.705078125,20707.921875,21065.81640625,21392.94921875,21769.05078125,21213.533
2020-12-14 10:45,23878.330078125,24091.12109375,24583.34765625,24789.92578125,24983.52734375,25235.796875,25235.796875,25295.04296875,25439.83984375,25561.56640625,25771.330078125,25546.998
2020-12-14 11:00,27746.93359375,28069.375,28356.10546875,28475.53125,28581.31640625,28791.0859375,28791.0859375,28936.671875,28975.96484375,29139.66796875,29419.6796875,28569.2
2020-12-14 11:15,29986.73828125,30511.78515625,30808.80859375,30968.9140625,31125.67578125,31368.578125,31451.05078125,31704.5,31782.68359375,32031.265625,32461.58203125,30997.465
2020-12-14 11:30,31335.09375,31995.09375,32382.60546875,32603.01953125,32793.890625,33051.44140625,33194.390625,33518.80859375,33672.83984375,34008.40234375,34508.70703125,32948.867
2020-12-14 11:45,33849.73828125,34359.72265625,34602.7109375,34664.3359375,34732.48828125,34918.25390625,34934.36328125,35239.40234375,35295.5390625,35558.9375,36019.6640625,34621.2
2020-12-14 12:00,35247.3828125,35737.3125,35958.4609375,36059.65234375,36089.40625,36315.51953125,36315.51953125,36654.1875,36685.42578125,36927.01953125,37434.984375,36038.996
2020-12-14 12:15,36216.85546875,36738.7109375,36971.5625,37147.265625,37181.81640625,37431.9609375,37431.9609375,37790.1953125,37832.88671875,38072.1015625,38652.8203125,37294.863
2020-12-14 12:30,37417.4140625,37899.42578125,38086.2421875,38268.171875,38270.625,38506.28515625,38506.28515625,38810.99609375,38828.7421875,39038.15625,39626.109375,38422.93
2020-12-14 12:45,38782.32421875,39160.82421875,39284.140625,39462.69140625,39462.69140625,39650.5859375,39650.5859375,39899.54296875,39899.54296875,40037.87109375,40596.35546875,39350.266
2020-12-14 13:00,39490.28515625,39870.6953125,39965.82421875,40223.88671875,40223.88671875,40439.4921875,40439.4921875,40712.3984375,40712.3984375,40836.05859375,41431.66796875,40066.996
2020-12-14 13:15,39700.734375,40152.83203125,40246.83984375,40595.68359375,40595.68359375,40861.640625,40861.640625,41172.203125,41172.203125,41344.4296875,41998.55078125,40451.4
2020-12-14 13:30,39840.65625,40327.09375,40419.515625,40797.23828125,40797.23828125,41046.921875,41046.921875,41357.72265625,41357.72265625,41553.16015625,42214.6171875,40717.0
2020-12-14 13:45,40067.00390625,40548.91015625,40621.51953125,41017.6953125,41017.6953125,41225.44140625,41225.44140625,41499.0703125,41499.0703125,41666.01953125,42280.66796875,40610.734
2020-12-14 14:00,39874.71484375,40381.62109375,40462.7421875,40893.4375,40893.4375,41112.6171875,41112.6171875,41378.3515625,41378.3515625,41564.03515625,42193.74609375,40319.332
2020-12-14 14:15,39392.32421875,39895.15625,39976.515625,40390.82421875,40390.82421875,40604.26171875,40604.26171875,40847.47265625,40866.37109375,41070.26171875,41760.18359375,39797.4
2020-12-14 14:30,38144.86328125,38699.48046875,38850.4765625,39323.984375,39323.984375,39537.74609375,39537.74609375,39816.83203125,39875.81640625,40103.3046875,40812.19921875,39040.8
2020-12-14 14:45,37721.54296875,38143.92578125,38260.84375,38608.2421875,38608.2421875,38717.93359375,38717.93359375,38867.50390625,38900.8046875,39094.88671875,39728.08203125,38188.535
2020-12-14 15:00,36530.2109375,36907.71484375,37068.52734375,37392.421875,37392.421875,37522.16796875,37522.16796875,37634.5703125,37711.53515625,37885.3046875,38498.3984375,36848.664
2020-12-14 15:15,34355.09765625,34774.265625,35135.53515625,35439.18359375,35439.18359375,35682.17578125,35682.17578125,35903.73046875,36093.60546875,36297.3828125,36918.8203125,35080.465
2020-12-14 15:30,32024.453125,32376.078125,32906.2421875,33080.953125,33173.7109375,33411.89453125,33502.84375,33751.78125,34008.0,34263.8984375,34843.03515625,33225.598
2020-12-14 15:45,29750.234375,29939.25390625,30454.50390625,30595.0703125,30725.3984375,31007.57421875,31034.53125,31315.3046875,31516.85546875,31779.98046875,32315.6484375,31251.332
2020-12-14 16:00,28611.5703125,28611.5703125,28798.16796875,29013.95703125,29013.95703125,29147.4765625,29147.4765625,29319.24609375,29331.09375,29568.79296875,29996.4765625,28962.465
2020-12-14 16:15,25681.8046875,25741.203125,26051.58984375,26299.96875,26299.96875,26456.26171875,26456.26171875,26809.0546875,26836.875,27082.53515625,27460.578125,26142.598
2020-12-14 16:30,22459.017578125,22613.8125,22887.0625,23120.36328125,23120.36328125,23253.18359375,23365.447265625,23669.390625,23711.822265625,23961.9609375,24386.30859375,22263.865
2020-12-14 16:45,16748.634765625,17066.482421875,17579.92578125,18060.52734375,18155.69140625,18467.3125,18873.33984375,19154.41796875,19458.001953125,19910.3671875,20493.15625,15813.332
2020-12-14 17:00,7693.453125,8267.8251953125,8966.92578125,10004.3583984375,10196.13671875,10783.6728515625,11302.90625,11946.4287109375,12592.0263671875,13497.857421875,14387.328125,9152.066
2020-12-14 17:15,3609.26416015625,4061.462890625,4159.8515625,4876.50732421875,4876.50732421875,5278.02734375,5417.787109375,5779.28759765625,6079.24609375,6763.17919921875,7479.556640625,5657.2666
2020-12-14 17:30,2539.1826171875,2716.021484375,2879.50732421875,3141.2578125,3283.01220703125,3460.5380859375,3593.82421875,3628.234375,3775.42578125,4163.25830078125,4475.15966796875,2990.9326
2020-12-14 17:45,943.53125,956.5966796875,1089.8994140625,1381.2587890625,1499.91015625,1651.8056640625,1763.76513671875,1820.2607421875,2050.99267578125,2283.40283203125,2494.9150390625,960.5996
2020-12-14 18:00,0.0,0.0,0.0,192.4990234375,291.5068359375,386.8310546875,460.0478515625,471.03125,788.09765625,889.0478515625,950.2568359375,76.33301
2020-12-15 09:15,0.0,0.0,37.44140625,234.05078125,261.2470703125,462.0625,565.001953125,665.1708984375,956.2666015625,1217.6337890625,1275.0205078125,559.9326
2020-12-15 09:30,715.8623046875,1098.9755859375,1296.0048828125,1489.849609375,1633.171875,1859.03564453125,2039.13720703125,2103.76318359375,2475.04248046875,2822.79248046875,2913.150390625,2395.1997
2020-12-15 09:45,3990.63232421875,4624.77685546875,4976.2177734375,5365.65380859375,5687.6650390625,6009.9755859375,6230.56201171875,6405.48046875,6871.33984375,7343.580078125,7607.32666015625,5231.3325
2020-12-15 10:00,8633.22265625,9203.1787109375,9632.3359375,10060.9697265625,10279.3701171875,10748.0439453125,10802.7255859375,11139.7373046875,11430.91796875,11902.02734375,12327.5625,8031.6665
2020-12-15 10:15,10341.025390625,10944.048828125,11687.1494140625,12093.1904296875,12416.640625,13009.69140625,13232.259765625,13593.49609375,13991.392578125,14645.2265625,15053.9755859375,14235.932
2020-12-15 10:30,18609.892578125,19067.609375,19653.421875,19874.96875,20282.5546875,20516.8515625,20731.5859375,20863.65234375,21222.73046875,21513.38671875,21869.99609375,21731.867
2020-12-15 10:45,24156.546875,24368.322265625,24907.439453125,25174.2578125,25367.62890625,25667.453125,25667.453125,25737.546875,25897.91015625,25984.75,26199.01953125,26193.93
2020-12-15 11:00,28296.3203125,28618.2578125,28905.79296875,29034.27734375,29115.08984375,29345.96484375,29345.96484375,29470.42578125,29487.76171875,29627.13671875,29899.953125,29254.266
2020-12-15 11:15,30792.25390625,31305.97265625,31546.921875,31678.5078125,31783.51953125,32040.17578125,32066.00390625,32333.40234375,32359.140625,32563.06640625,32989.42578125,31661.133
2020-12-15 11:30,31948.984375,32639.96875,32994.59375,33230.00390625,33386.84375,33672.25,33788.22265625,34146.80078125,34262.57421875,34577.77734375,35093.16015625,33749.2
2020-12-15 11:45,34660.8984375,35176.26953125,35379.82421875,35436.609375,35463.08984375,35673.23046875,35673.23046875,35983.66796875,35986.4921875,36220.97265625,36690.80859375,35479.867
2020-12-15 12:00,36038.8125,36549.390625,36733.35546875,36849.03515625,36849.03515625,37101.15234375,37101.15234375,37446.34375,37446.34375,37649.15625,38175.0546875,36902.2
2020-12-15 12:15,37094.72265625,37629.31640625,37811.23046875,37997.8828125,38000.89453125,38274.80859375,38274.80859375,38632.03125,38632.03125,38844.4765625,39440.96875,38114.0
2020-12-15 12:30,38157.92578125,38671.359375,38823.38671875,39038.82421875,39038.82421875,39282.80078125,39282.80078125,39612.06640625,39612.06640625,39797.0390625,40407.0859375,38992.996
2020-12-15 12:45,39250.05859375,39684.94140625,39784.06640625,40009.8515625,40009.8515625,40205.42578125,40205.42578125,40493.55859375,40493.55859375,40616.28125,41209.23828125,39725.47
2020-12-15 13:00,39783.7109375,40214.49609375,40289.65234375,40584.4296875,40584.4296875,40808.41796875,40808.41796875,41107.7890625,41107.7890625,41228.05859375,41860.97265625,40310.73
2020-12-15 13:15,39936.9296875,40418.3125,40491.25390625,40864.96484375,40864.96484375,41129.7421875,41129.7421875,41450.3125,41450.3125,41617.34375,42304.375,40513.996
2020-12-15 13:30,39850.2734375,40374.1484375,40460.1171875,40880.72265625,40880.72265625,41131.51171875,41131.51171875,41465.265625,41465.265625,41671.70703125,42373.16015625,40839.664
2020-12-15 13:45,40238.9609375,40717.96484375,40770.79296875,41174.625,41174.625,41360.0703125,41360.0703125,41620.3828125,41620.3828125,41774.7421875,42408.03515625,40868.664
2020-12-15 14:00,40148.91796875,40637.31640625,40697.625,41131.6953125,41131.6953125,41334.25,41334.25,41575.671875,41575.671875,41742.9453125,42382.515625,40507.465
2020-12-15 14:15,39546.04296875,40049.8125,40118.9140625,40556.42578125,40556.42578125,40763.546875,40763.546875,41003.03515625,41008.19140625,41223.51171875,41932.76171875,39950.793
2020-12-15 14:30,38370.77734375,38914.5703125,39039.57421875,39518.46484375,39518.46484375,39714.31640625,39714.31640625,39980.50390625,40022.2578125,40252.7421875,40974.31640625,39217.33
2020-12-15 14:45,37911.4453125,38330.390625,38430.76171875,38786.71484375,38786.71484375,38888.00390625,38888.00390625,39033.65234375,39055.12109375,39251.97265625,39897.3125,38285.266
2020-12-15 15:00,36560.6328125,36958.75,37129.75390625,37461.859375,37461.859375,37597.24609375,37597.24609375,37721.00390625,37802.1015625,37982.296875,38612.8046875,37093.934
2020-12-15 15:15,34613.21484375,35031.5234375,35365.3046875,35638.859375,35643.0546875,35877.421875,35877.421875,36070.25,36251.609375,36442.0,37078.78515625,35678.13
2020-12-15 15:30,33344.62890625,33600.5,33904.67578125,34057.27734375,34057.27734375,34217.19921875,34217.19921875,34347.71875,34508.90625,34700.39453125,35254.93359375,33914.332
2020-12-15 15:45,30941.02734375,31093.89453125,31450.6953125,31608.65625,31668.140625,31922.20703125,31922.20703125,32129.84375,32311.140625,32527.33984375,33046.89453125,31860.266
2020-12-15 16:00,29436.875,29436.875,29580.40625,29741.95703125,29741.95703125,29841.26953125,29841.26953125,29985.38671875,30036.0234375,30227.07421875,30625.5390625,29478.133
2020-12-15 16:15,26096.29296875,26158.4375,26516.6171875,26744.18359375,26744.18359375,26948.4609375,26978.40234375,27333.3515625,27417.6640625,27665.13671875,28034.25,26620.598
2020-12-15 16:30,23229.81640625,23342.123046875,23591.46875,23771.52734375,23771.52734375,23882.390625,23973.373046875,24272.41796875,24296.5703125,24548.765625,24960.02734375,22522.865
2020-12-15 16:45,16577.865234375,16916.517578125,17560.037109375,18166.59765625,18318.84765625,18707.240234375,19189.86328125,19529.9375,19923.01171875,20456.5,21091.05859375,16094.465
2020-12-15 17:00,8065.97900390625,8588.6328125,9276.890625,10336.4833984375,10545.3759765625,11103.2900390625,11645.6376953125,12280.9375,12925.25390625,13909.380859375,14859.025390625,9335.8
2020-12-15 17:15,3685.140625,4140.197265625,4243.8271484375,5003.466796875,5003.466796875,5411.5673828125,5576.06884765625,5948.20703125,6249.3828125,6998.111328125,7764.0703125,5765.9995
2020-12-15 17:30,2547.6123046875,2724.37744140625,2867.97021484375,3141.3154296875,3267.22509765625,3445.0908203125,3577.435546875,3589.69140625,3719.36572265625,4116.8173828125,4453.75537109375,3048.7324
2020-12-15 17:45,1050.072265625,1070.5263671875,1204.669921875,1492.84619140625,1623.46484375,1765.72412109375,1887.4833984375,1927.091796875,2142.99609375,2388.18896484375,2608.09375,797.0
2020-12-15 18:00,0.0,0.0,0.0,168.4033203125,271.5546875,361.8271484375,436.7939453125,439.220703125,753.3173828125,847.083984375,924.013671875,12.799805
2020-12-16 09:15,0.0,0.0,3.5224609375,201.7080078125,223.6728515625,427.8642578125,520.302734375,626.7744140625,913.0947265625,1167.6328125,1223.6728515625,540.8662
2020-12-16 09:30,580.673828125,952.251953125,1129.521484375,1329.361328125,1448.7900390625,1680.60546875,1841.97216796875,1920.43115234375,2275.24169921875,2615.18994140625,2709.0498046875,2227.599
2020-12-16 09:45,3598.98193359375,4235.21044921875,4571.5634765625,4944.17578125,5254.7919921875,5575.7861328125,5798.611328125,5966.85302734375,6433.6435546875,6900.4228515625,7151.482421875,5086.5327
2020-12-16 10:00,8597.47265625,9180.01953125,9601.4052734375,10042.6923828125,10271.708984375,10738.59375,10801.7568359375,11133.5693359375,11439.802734375,11894.5244140625,12318.1611328125,7790.7993
2020-12-16 10:15,9661.99609375,10301.16015625,11124.38671875,11598.4755859375,11945.0283203125,12582.0302734375,12823.5888671875,13231.4248046875,13661.287109375,14365.390625,14805.908203125,13668.133
2020-12-16 10:30,18129.20703125,18609.40234375,19177.34765625,19360.408203125,19770.66015625,19997.90625,20246.81640625,20350.34375,20713.619140625,21034.111328125,21398.171875,21367.332
2020-12-16 10:45,23734.689453125,23973.9140625,24575.220703125,24888.69921875,25111.59375,25442.431640625,25442.431640625,25555.744140625,25746.78125,25844.16796875,26092.26171875,24580.268
2020-12-16 11:00,25179.921875,25810.94140625,26476.08984375,26978.46875,27284.95703125,27659.765625,27884.6640625,28148.98046875,28417.97265625,28817.13671875,29236.22265625,29305.266
2020-12-16 11:15,30872.96484375,31317.546875,31754.28125,31923.4921875,32064.00390625,32353.8671875,32353.8671875,32569.11328125,32622.40625,32788.23046875,33226.80859375,31911.266
2020-12-16 11:30,31376.62890625,32202.66015625,32799.953125,33218.9609375,33444.0546875,33827.140625,33986.9609375,34419.1953125,34593.140625,35015.12890625,35558.6953125,33940.0
2020-12-16 11:45,34898.95703125,35464.33984375,35739.33203125,35823.015625,35837.2421875,36080.609375,36080.609375,36391.90625,36391.90625,36630.21484375,37116.31640625,35656.266
2020-12-16 12:00,35912.73046875,36534.24609375,36791.78125,36979.30859375,36984.14453125,37286.88671875,37286.88671875,37703.98828125,37703.98828125,37954.34765625,38518.75,37284.797
2020-12-16 12:15,37516.7421875,38066.91015625,38244.046875,38412.12890625,38412.12890625,38673.38671875,38673.38671875,39013.60546875,39013.60546875,39190.73828125,39793.140625,38498.863
2020-12-16 12:30,38339.796875,38906.22265625,39074.20703125,39329.1171875,39329.1171875,39596.26171875,39596.26171875,39955.078125,39955.078125,40141.59765625,40773.5234375,39565.598
2020-12-16 12:45,39770.4375,40202.26171875,40299.60546875,40513.4921875,40513.4921875,40708.8984375,40708.8984375,40976.19921875,40976.19921875,41065.99609375,41658.91796875,40248.066
2020-12-16 13:00,40157.26953125,40620.4140625,40698.390625,41027.20703125,41027.20703125,41266.1953125,41266.1953125,41588.06640625,41588.06640625,41706.359375,42350.3359375,40753.336
2020-12-16 13:15,40303.48046875,40813.765625,40881.328125,41272.75,41272.75,41544.79296875,41544.79296875,41882.37890625,41882.37890625,42048.4921875,42746.20703125,40973.535
2020-12-16 13:30,40254.42578125,40797.15234375,40867.921875,41297.25,41297.25,41549.20703125,41549.20703125,41891.49609375,41891.49609375,42090.73828125,42797.7265625,40536.598
2020-12-16 13:45,39541.9140625,40176.1875,40297.67578125,40839.40625,40839.40625,41079.95703125,41079.95703125,41464.046875,41470.1328125,41714.74609375,42422.3671875,37286.73
2020-12-16 14:00,29937.9140625,31471.01171875,33430.6875,34973.08984375,35583.1953125,36484.78125,37210.83203125,38331.21484375,39217.03125,40027.41796875,41161.87890625,35749.797
2020-12-16 14:15,33034.26171875,33904.43359375,35081.7578125,35231.40625,35231.40625,35528.41015625,36018.578125,36592.703125,36936.63671875,37644.5234375,38555.10546875,34258.863
2020-12-16 14:30,30145.41796875,30879.58203125,31990.59765625,32055.03125,32358.4375,32516.7421875,33071.94140625,33397.27734375,33904.48046875,34655.15234375,35530.05859375,33215.133
2020-12-16 14:45,30762.0859375,31226.71484375,31908.546875,32190.06640625,32226.41015625,32331.88671875,32636.109375,32793.5390625,33175.0859375,33936.4453125,34759.328125,33194.867
2020-12-16 15:00,31574.4296875,31826.0546875,32418.5390625,32762.625,32762.625,32885.21875,33095.26171875,33176.87109375,33412.1875,34050.88671875,34656.97265625,33423.664
2020-12-16 15:15,32352.19921875,32510.625,33016.24609375,33321.3515625,33321.3515625,33445.63671875,33544.93359375,33699.37109375,33840.15625,34324.94140625,34804.9609375,32908.8
2020-12-16 15:30,31705.03515625,31849.3046875,32230.95703125,32418.09765625,32418.09765625,32506.9921875,32528.046875,32734.1875,32804.1875,33186.5078125,33604.37109375,31591.2
2020-12-16 15:45,29630.984375,29827.171875,30159.859375,30292.17578125,30292.17578125,30495.6015625,30504.59375,30791.30078125,30883.51171875,31195.69140625,31662.4375,30140.73
2020-12-16 16:00,27941.4921875,28081.63671875,28297.73828125,28333.5859375,28333.5859375,28466.125,28466.125,28719.56640625,28743.14453125,28978.76171875,29403.84375,30035.0
2020-12-16 16:15,27039.609375,27255.84765625,27391.28515625,27624.890625,27624.890625,27863.5625,27863.5625,28026.18359375,28026.18359375,28141.046875,28615.296875,27208.332
2020-12-16 16:30,22393.453125,22763.2578125,23441.453125,23862.34375,23989.390625,24415.412109375,24610.5234375,25061.880859375,25315.6796875,25702.078125,26129.15234375,23227.4
2020-12-16 16:45,18039.4296875,18391.240234375,19001.81640625,19384.673828125,19547.640625,19853.583984375,20246.205078125,20593.20703125,20910.36328125,21424.23046875,21975.234375,16612.533
2020-12-16 17:00,8184.0419921875,8742.3564453125,9652.8134765625,10732.328125,11044.0244140625,11697.125,12336.76171875,13076.2626953125,13866.2216796875,14871.35546875,15816.900390625,9692.6
2020-12-16 17:15,3878.6708984375,4338.32666015625,4507.859375,5268.61865234375,5281.94873046875,5735.85009765625,5939.7119140625,6395.453125,6785.43359375,7624.19775390625,8412.9130859375,6024.5327
2020-12-16 17:30,2612.185546875,2823.63330078125,2981.5478515625,3257.625,3371.59033203125,3560.70947265625,3702.2587890625,3747.9267578125,3904.232421875,4348.11083984375,4699.154296875,3240.3994
2020-12-16 17:45,1139.716796875,1166.6640625,1310.7373046875,1587.24560546875,1720.06982421875,1867.14404296875,2004.6298828125,2046.8271484375,2255.548828125,2519.9306640625,2752.10107421875,980.667
2020-12-16 18:00,0.0,0.0,0.0,242.0068359375,348.9580078125,443.806640625,534.326171875,541.7763671875,845.6337890625,956.546875,1049.109375,77.399414
2020-12-17 09:15,0.0,0.0,25.9970703125,223.0517578125,243.568359375,441.7392578125,532.779296875,638.8720703125,915.697265625,1174.8076171875,1238.1162109375,530.3994
2020-12-17 09:30,514.2587890625,870.400390625,1038.017578125,1238.142578125,1344.0498046875,1570.29150390625,1725.0986328125,1807.53076171875,2143.35205078125,2484.58544921875,2587.83349609375,1926.9326
2020-12-17 09:45,2805.42041015625,3420.45458984375,3733.35791015625,4076.32666015625,4355.00048828125,4656.56494140625,4880.72412109375,5037.09521484375,5476.763671875,5954.5078125,6205.1416015625,4478.1997
2020-12-17 10:00,7375.30419921875,8033.59765625,8420.474609375,8919.0693359375,9177.935546875,9622.17578125,9738.3154296875,10081.15234375,10418.416015625,10934.1240234375,11421.26171875,6834.9995
2020-12-17 10:15,8650.25390625,9313.4306640625,10068.4990234375,10581.154296875,10895.23828125,11539.8173828125,11747.69921875,12223.5439453125,12646.4033203125,13392.1669921875,13925.255859375,12045.4
2020-12-17 10:30,16630.1484375,17175.181640625,17705.419921875,17857.78125,18258.00390625,18511.51171875,18767.3671875,18902.451171875,19263.294921875,19703.90234375,20116.23046875,19417.268
2020-12-17 10:45,21933.443359375,22290.48828125,22874.466796875,23178.677734375,23451.736328125,23730.640625,23730.640625,23905.09765625,24114.58984375,24334.927734375,24640.384765625,23595.133
2020-12-17 11:00,25488.958984375,25935.8046875,26329.1171875,26530.953125,26707.1015625,26908.734375,26959.0390625,27108.61328125,27226.83984375,27486.90625,27781.546875,27107.664
2020-12-17 11:15,29221.125,29658.45703125,29884.0625,29941.71484375,30080.5390625,30226.7265625,30244.94140625,30395.28125,30457.515625,30655.4140625,31022.6640625,29802.73
2020-12-17 11:30,30478.09375,31121.3359375,31469.20703125,31649.4765625,31849.70703125,32067.5859375,32197.47265625,32448.171875,32599.25390625,32919.30078125,33371.28515625,31783.668
2020-12-17 11:45,32843.03125,33373.98046875,33614.08984375,33662.8359375,33766.12109375,33924.859375,33969.859375,34217.484375,34293.6015625,34562.58984375,34996.0703125,32802.266
2020-12-17 12:00,32468.26953125,33195.703125,33659.2734375,33936.88671875,34126.89453125,34401.046875,34555.32421875,34927.1796875,35138.91796875,35500.9921875,36070.9296875,34120.6
2020-12-17 12:15,34388.65625,34978.93359375,35297.265625,35413.65234375,35494.4765625,35690.7265625,35728.609375,36012.23046875,36133.5,36400.65625,36961.79296875,36694.332
2020-12-17 12:30,36683.15234375,37114.10546875,37437.06640625,37551.4765625,37602.5390625,37853.25390625,37853.25390625,38098.54296875,38141.93359375,38353.234375,38888.20703125,37831.934
2020-12-17 12:45,37790.1953125,38244.3828125,38486.65625,38694.80859375,38694.80859375,38912.51171875,38912.51171875,39209.19921875,39209.19921875,39408.56640625,39944.8515625,37005.93
2020-12-17 13:00,34856.42578125,35728.21875,36411.46484375,37130.98046875,37320.1796875,37780.32421875,37977.765625,38565.625,38863.03125,39271.08984375,40055.890625,38938.793
2020-12-17 13:15,37662.44921875,38298.22265625,38766.9375,39132.87109375,39214.8203125,39543.25,39543.25,39858.1171875,39960.875,40204.4140625,40916.890625,40327.664
2020-12-17 13:30,39330.05078125,39839.12109375,40160.8671875,40454.26171875,40454.26171875,40729.30859375,40729.30859375,40968.8203125,40968.8203125,41195.73046875,41785.67578125,39602.13
2020-12-17 13:45,37814.25390625,38570.91796875,38971.140625,39585.98046875,39589.26953125,39981.04296875,39981.04296875,40462.55078125,40565.4609375,40883.96484375,41584.12890625,40010.26
2020-12-17 14:00,38954.2109375,39527.34375,39759.54296875,40132.19140625,40132.19140625,40359.24609375,40359.24609375,40630.6796875,40653.90625,40853.8828125,41475.43359375,39214.2
2020-12-17 14:15,36823.48046875,37642.3359375,38085.11328125,38716.82421875,38744.0,39140.234375,39167.25,39602.86328125,39774.359375,40084.3515625,40862.94140625,38920.6
2020-12-17 14:30,37513.703125,38081.06640625,38293.25390625,38625.84375,38625.84375,38764.87109375,38764.87109375,38994.05078125,39031.2734375,39257.96484375,39931.28125,38443.867
2020-12-17 14:45,36863.59375,37338.6015625,37524.5078125,37862.3515625,37862.3515625,37986.80859375,37986.80859375,38146.03125,38169.765625,38373.12109375,39002.55859375,37690.73
2020-12-17 15:00,35808.91015625,36217.0,36416.88671875,36723.625,36723.625,36870.9296875,36870.9296875,36966.4296875,37036.0390625,37192.83203125,37806.86328125,36669.066
2020-12-17 15:15,34542.046875,34904.08203125,35141.953125,35410.2109375,35410.2109375,35574.85546875,35574.85546875,35678.6796875,35787.73828125,35938.99609375,36532.21875,35099.066
2020-12-17 15:30,32451.08203125,32771.5234375,33136.0546875,33372.07421875,33372.07421875,33630.328125,33630.328125,33824.32421875,33997.28125,34191.0703125,34751.66796875,31690.398
2020-12-17 15:45,26796.6640625,27263.19140625,28413.7265625,28817.515625,29205.0390625,29660.8828125,30054.04296875,30609.59765625,31161.71875,31696.2421875,32286.94921875,31219.797
2020-12-17 16:00,26711.2578125,27213.984375,28033.90234375,28626.23046875,28728.54296875,29237.38671875,29257.03125,29866.765625,30026.890625,30464.01171875,31161.63671875,27594.934
2020-12-17 16:15,20537.333984375,21147.32421875,22769.05859375,23592.37109375,24128.80078125,24813.80859375,25436.765625,26257.7109375,26910.078125,27825.140625,28472.953125,23551.332
2020-12-17 16:30,19374.23828125,19714.677734375,20386.93359375,20729.3359375,20921.2109375,21211.6328125,21634.234375,22154.423828125,22435.984375,23331.119140625,24111.05078125,20237.998
2020-12-17 16:45,14284.193359375,14670.6796875,15265.71484375,15703.509765625,15984.302734375,16245.03125,16686.08203125,17006.6953125,17457.765625,18270.76171875,19072.328125,13569.733
2020-12-17 17:00,6048.54541015625,6655.6552734375,7133.61328125,8059.17333984375,8232.9970703125,8710.9482421875,9126.353515625,9702.45703125,10308.76953125,11352.126953125,12283.107421875,7412.6655
2020-12-17 17:15,3100.96044921875,3404.3115234375,3424.65625,3981.62353515625,3981.62353515625,4236.98779296875,4357.90771484375,4527.0224609375,4739.51220703125,5357.67431640625,6025.400390625,4424.8667
2020-12-17 17:30,2005.54931640625,2083.6044921875,2234.81689453125,2504.44775390625,2636.23681640625,2751.83837890625,2875.25439453125,2884.2880859375,3041.7763671875,3371.95458984375,3637.40380859375,1777.7993
2020-12-17 17:45,310.041015625,338.8681640625,453.4306640625,732.666015625,808.96484375,907.4716796875,959.2451171875,997.62109375,1277.517578125,1412.9404296875,1529.1220703125,541.1992
2020-12-17 18:00,0.0,0.0,0.0,28.62109375,153.7841796875,153.7841796875,199.3427734375,199.3427734375,529.0078125,581.953125,581.953125,46.19922
2020-12-18 09:30,0.0,116.9921875,249.64453125,409.2265625,460.96875,661.5439453125,773.1435546875,859.287109375,1126.6767578125,1431.3212890625,1569.1337890625,807.0664
2020-12-18 09:45,670.0859375,1105.150390625,1281.91015625,1509.90380859375,1636.447265625,1895.1728515625,2046.7861328125,2157.5595703125,2465.6259765625,2866.62158203125,3081.5224609375,2326.2666
2020-12-18 10:00,2489.98681640625,3206.1728515625,3421.5048828125,3887.1552734375,4100.8447265625,4477.498046875,4666.80419921875,4935.68310546875,5315.4716796875,5880.9228515625,6307.5537109375,3844.5996
2020-12-18 10:15,3550.67529296875,4393.1025390625,4676.5478515625,5322.818359375,5506.33056640625,5976.71826171875,6193.4033203125,6665.0517578125,7045.6083984375,7847.9033203125,8579.20703125,7353.0654
2020-12-18 10:30,8973.6826171875,9986.4169921875,10572.068359375,11372.71875,11707.1259765625,12366.12109375,12703.197265625,13220.615234375,13705.564453125,14533.4921875,15406.056640625,8901.867
2020-12-18 10:45,8526.810546875,9250.8740234375,10195.533203125,10764.0751953125,11207.16796875,11904.5966796875,12409.9443359375,12988.7978515625,13623.2177734375,14883.189453125,15713.533203125,13203.399
2020-12-18 11:00,13419.5810546875,14484.431640625,15472.421875,16161.166015625,16768.619140625,17302.294921875,17801.5625,18263.0546875,18808.4296875,19859.3515625,20829.59765625,18482.6
2020-12-18 11:15,16163.4990234375,17491.1484375,19052.49609375,19958.5625,20585.66796875,21203.3203125,21535.08203125,22145.453125,22732.84375,23585.53515625,24427.24609375,22205.133
2020-12-18 11:30,20846.146484375,22134.00390625,23555.59375,24080.65625,24459.0546875,24732.25390625,24996.41796875,25327.5234375,25716.490234375,26379.17578125,27001.6484375,22779.799
2020-12-18 11:45,18211.7578125,19744.37109375,21794.6953125,22919.19921875,23761.6328125,24446.4375,25152.123046875,25873.25,26814.921875,27961.40625,28929.02734375,23282.732
2020-12-18 12:00,21191.71875,22340.578125,23781.69140625,24359.70703125,24942.138671875,25483.60546875,26061.34765625,26744.94140625,27427.09375,28712.2109375,29836.7734375,23010.4
2020-12-18 12:15,20294.41796875,21133.828125,22523.859375,22964.98046875,23592.9296875,24201.82421875,24692.306640625,25506.5390625,26263.484375,27741.12109375,28978.57421875,25807.264
2020-12-18 12:30,21412.01171875,22704.24609375,24244.96875,25208.373046875,25795.15625,26538.125,26895.49609375,27708.8359375,28329.53125,29658.40625,31100.23828125,27534.664
2020-12-18 12:45,23149.73828125,24408.47265625,25956.92578125,26595.87109375,27244.37109375,27805.19921875,28214.375,28725.3828125,29266.17578125,30432.74609375,31720.2734375,29864.266
2020-12-18 13:00,25025.56640625,26529.42578125,28215.25390625,28952.52734375,29613.17578125,30154.15625,30590.9453125,31029.59375,31595.6328125,32540.8828125,33738.07421875,22062.6
2020-12-18 13:15,13751.68359375,15262.638671875,18292.46484375,19662.359375,21282.048828125,22808.26171875,24239.0859375,26341.89453125,28056.7890625,30384.84765625,32244.96875,20702.332
2020-12-18 13:30,15741.6328125,17052.05859375,18707.001953125,19946.099609375,20733.98828125,21729.98828125,22318.2890625,23769.94140625,24883.0234375,27571.29296875,29755.046875,24545.465
2020-12-18 13:45,18423.392578125,20056.74609375,22453.27734375,23770.580078125,25009.55078125,26232.61328125,27076.80859375,28280.16796875,29443.69921875,31492.2890625,33422.64453125,28068.73
2020-12-18 14:00,19001.78125,21011.06640625,23357.8125,24285.341796875,25640.18359375,26657.47265625,27648.06640625,28473.50390625,29418.8125,31355.50390625,33324.2734375,37413.266
2020-12-18 14:15,25068.4140625,27638.51953125,31082.4609375,32563.82421875,34392.765625,35677.1171875,36970.609375,37688.828125,38465.7578125,39434.6953125,40706.328125,36705.066
2020-12-18 14:30,27037.03515625,29932.38671875,32975.65234375,34186.6171875,34800.19921875,35591.51171875,36352.58984375,36703.375,37173.70703125,38221.765625,39108.484375,33408.266
2020-12-18 14:45,24180.60546875,26781.74609375,29819.91015625,31126.7109375,31749.89453125,32534.8515625,33073.07421875,34006.48828125,34760.22265625,35808.515625,37087.80859375,26340.0
2020-12-18 15:00,13241.0166015625,15457.7626953125,19080.80078125,20733.0390625,22597.71484375,24012.23828125,25566.75,27626.76953125,29620.828125,32332.61328125,34507.42578125,31535.0
2020-12-18 15:15,22039.04296875,24116.34765625,27631.2734375,29584.82421875,31004.85546875,32485.8203125,33476.89453125,34727.59765625,35926.95703125,37355.08984375,38722.234375,26808.664
2020-12-18 15:30,12999.6796875,14855.93359375,18268.04296875,20090.34765625,21726.48828125,23461.23046875,24585.904296875,26362.56640625,28185.30078125,30953.953125,32857.6015625,21139.066
2020-12-18 15:45,14131.0703125,15253.552734375,17028.3359375,18410.578125,19195.78515625,20392.1953125,20892.416015625,22157.95703125,23675.0390625,26401.76953125,28423.01953125,26890.93
2020-12-18 16:00,17081.015625,19111.541015625,21823.8671875,23507.88671875,25042.24609375,26281.69921875,27166.44921875,28263.51171875,29062.4296875,30292.28515625,31860.62890625,25747.129
2020-12-18 16:15,15657.4111328125,17341.4609375,19468.63671875,20382.00390625,21377.36328125,21965.806640625,22625.466796875,23184.09375,23801.1796875,25380.06640625,26673.0390625,22617.8
2020-12-18 16:30,15230.591796875,16555.05859375,17986.74609375,18546.447265625,19115.578125,19323.3515625,19675.21484375,19947.265625,20440.984375,21497.78125,22546.0625,18728.2
2020-12-18 16:45,10816.140625,11796.345703125,13012.5341796875,13539.1328125,13946.927734375,14217.6875,14650.697265625,14917.5751953125,15628.7685546875,16574.880859375,17410.82421875,12400.266
2020-12-18 17:00,5022.0947265625,5781.625,6484.25390625,7142.33203125,7319.423828125,7707.65234375,8082.72509765625,8520.0927734375,9147.7587890625,10082.6630859375,10917.03515625,7824.8657
2020-12-18 17:15,3510.24951171875,3845.3134765625,4160.74755859375,4451.2626953125,4577.34033203125,4771.61962890625,4985.67333984375,5150.76123046875,5370.2421875,5960.705078125,6484.7734375,4785.9995
2020-12-18 17:30,2068.8251953125,2143.58837890625,2318.93603515625,2602.78076171875,2674.45458984375,2839.0390625,2970.623046875,3084.1318359375,3286.986328125,3661.986328125,3949.16015625,2646.8662
2020-12-18 17:45,684.5478515625,721.94140625,845.986328125,1115.3515625,1147.5654296875,1287.119140625,1357.0361328125,1448.318359375,1706.7841796875,1926.22021484375,2040.3896484375,976.5322
2020-12-18 18:00,0.0,0.0,0.0,155.9921875,224.1259765625,271.7978515625,312.1005859375,320.6787109375,636.166015625,731.6396484375,731.6396484375,93.66699
2020-12-19 09:15,0.0,0.0,0.0,196.263671875,209.0673828125,403.5478515625,487.78125,596.794921875,862.916015625,1116.9814453125,1178.953125,311.1328
2020-12-19 09:30,134.390625,432.5107421875,575.720703125,766.330078125,828.7744140625,1043.1083984375,1165.8076171875,1258.12109375,1551.7421875,1870.24365234375,1981.529296875,1319.5996
2020-12-19 09:45,1401.3251953125,1917.2978515625,2146.927734375,2444.60400390625,2619.8212890625,2908.6943359375,3089.11767578125,3232.21923828125,3600.087890625,4045.89892578125,4266.671875,2928.4668
2020-12-19 10:00,3773.91748046875,4510.79931640625,4814.66064453125,5318.4443359375,5568.1845703125,5954.6259765625,6146.9287109375,6454.47412109375,6845.85546875,7434.490234375,7900.9990234375,4863.7324
2020-12-19 10:15,6612.8095703125,7343.98046875,7798.884765625,8357.162109375,8600.9130859375,9107.0126953125,9274.04296875,9734.9306640625,10109.2373046875,10811.9306640625,11467.3720703125,8376.867
2020-12-19 10:30,12281.6376953125,12905.89453125,13358.982421875,13630.1201171875,13915.486328125,14345.517578125,14548.5205078125,14857.017578125,15239.853515625,15871.9345703125,16427.359375,14178.266
2020-12-19 10:45,17410.302734375,17978.01953125,18510.53515625,18723.23828125,19082.71484375,19309.255859375,19453.60546875,19646.83203125,19930.26171875,20463.63671875,20913.564453125,18623.467
2020-12-19 11:00,21057.26171875,21521.130859375,21856.01171875,21966.447265625,22171.92578125,22374.025390625,22413.294921875,22549.91015625,22696.67578125,23066.3828125,23398.34375,22026.332
2020-12-19 11:15,24356.21875,24812.509765625,25047.236328125,25168.712890625,25350.205078125,25496.046875,25539.458984375,25657.76953125,25811.16796875,26109.74609375,26506.48046875,25050.734
2020-12-19 11:30,26847.8828125,27321.88671875,27570.35546875,27664.515625,27857.3203125,27971.23828125,28028.75,28140.59375,28308.86328125,28617.46875,29014.6796875,27292.598
2020-12-19 11:45,28682.25,29168.890625,29431.9140625,29505.546875,29682.66015625,29800.35546875,29868.61328125,29993.26171875,30160.07421875,30474.30859375,30875.8828125,29242.93
2020-12-19 12:00,30288.0234375,30767.25,31052.4921875,31116.06640625,31250.3828125,31392.59375,31438.94140625,31590.74609375,31750.5,32026.7421875,32443.73046875,31183.266
2020-12-19 12:15,31856.828125,32329.9296875,32635.2734375,32706.36328125,32808.87109375,32976.6328125,32985.640625,33157.22265625,33306.734375,33538.421875,33978.4609375,32972.797
2020-12-19 12:30,33361.68359375,33801.05859375,34094.9375,34177.5546875,34262.84765625,34435.58203125,34435.58203125,34597.8671875,34720.734375,34918.07421875,35359.4609375,34331.0
2020-12-19 12:45,34616.859375,35019.19140625,35284.2265625,35385.80859375,35435.02734375,35614.87109375,35614.87109375,35792.1640625,35876.87890625,36050.875,36486.81640625,35250.53
2020-12-19 13:00,35250.65625,35684.0703125,35936.328125,36082.2109375,36106.15234375,36306.9375,36306.9375,36522.74609375,36611.8515625,36769.96484375,37243.59375,35721.13
2020-12-19 13:15,35265.328125,35782.86328125,36065.93359375,36273.62109375,36309.3125,36520.4765625,36520.4765625,36789.7109375,36928.08984375,37088.109375,37622.16015625,36109.8
2020-12-19 13:30,35553.5703125,36054.75,36312.828125,36497.13671875,36517.45703125,36693.703125,36693.703125,36928.26171875,37052.4140625,37203.73046875,37740.90625,35871.996
2020-12-19 13:45,34739.9296875,35311.09375,35640.13671875,35907.3671875,35938.484375,36136.5703125,36136.5703125,36417.921875,36571.625,36746.37890625,37306.71875,35528.6
2020-12-19 14:00,34331.76953125,34871.48046875,35205.484375,35451.40234375,35456.625,35648.83203125,35648.83203125,35874.80859375,36027.4375,36185.0703125,36745.37890625,33260.53
2020-12-19 14:15,28012.87109375,29057.7734375,30577.12890625,31330.5703125,31836.50390625,32390.72265625,32810.66796875,33530.140625,34260.39453125,34824.07421875,35632.27734375,34935.137
2020-12-19 14:30,29581.5390625,30704.91015625,32255.703125,33331.953125,33749.4375,34493.234375,34740.140625,35439.61328125,35922.9453125,36551.0,37527.5234375,34600.266
2020-12-19 14:45,30937.109375,31827.94921875,32953.93359375,33453.515625,33673.38671875,34056.92578125,34250.296875,34640.03515625,34750.17578125,35348.47265625,35915.28515625,33307.53
2020-12-19 15:00,30664.3203125,31339.63671875,31999.40625,32236.54296875,32313.2734375,32646.140625,32646.3828125,33058.46484375,33107.5234375,33421.02734375,34013.7109375,31972.266
2020-12-19 15:15,28932.171875,29496.30859375,30149.92578125,30289.0390625,30427.1796875,30741.15234375,30763.3046875,31203.22265625,31299.25,31575.671875,32136.375,30403.8
2020-12-19 15:30,27353.39453125,27761.6015625,28313.84375,28374.65234375,28494.40625,28791.9140625,28791.9140625,29203.10546875,29238.16015625,29487.41796875,30045.890625,28659.266
2020-12-19 15:45,25227.53125,25538.12109375,26028.19921875,26106.578125,26206.6015625,26486.37890625,26486.37890625,26874.43359375,26874.43359375,27114.87109375,27657.70703125,26390.797
2020-12-19 16:00,22690.23046875,22988.337890625,23412.08984375,23525.6171875,23588.193359375,23823.875,23846.64453125,24194.283203125,24194.283203125,24411.580078125,24953.765625,23985.402
2020-12-19 16:15,20206.125,20532.171875,20857.96875,20952.0390625,20990.61328125,21165.265625,21244.08203125,21454.78125,21456.35546875,21651.341796875,22165.55859375,20837.533
2020-12-19 16:30,15854.4208984375,16220.9501953125,16656.30859375,16851.27734375,16955.2421875,17205.484375,17454.0,17607.171875,17829.28515625,18150.55078125,18621.48828125,17175.531
2020-12-19 16:45,11318.51171875,11772.458984375,12172.056640625,12320.1953125,12445.77734375,12650.779296875,12917.42578125,13065.3359375,13362.4326171875,13804.900390625,14204.705078125,12245.533
2020-12-19 17:00,6150.9794921875,6655.1337890625,7000.8955078125,7292.482421875,7449.6728515625,7663.01904296875,7907.728515625,8096.373046875,8411.6044921875,8868.548828125,9292.8701171875,7028.4653
2020-12-19 17:15,3033.2548828125,3266.00439453125,3418.2958984375,3714.46533203125,3816.0390625,3980.51611328125,4125.763671875,4203.23876953125,4408.7529296875,4724.5634765625,5078.24365234375,4228.2666
2020-12-19 17:30,1868.876953125,1958.595703125,2084.9599609375,2318.46923828125,2418.67236328125,2538.189453125,2631.04150390625,2693.5205078125,2884.66552734375,3126.40771484375,3268.08837890625,2311.7324
2020-12-19 17:45,476.5751953125,552.7578125,662.2060546875,902.2646484375,954.9091796875,1044.1728515625,1087.990234375,1148.3876953125,1419.76953125,1578.7666015625,1619.5791015625,912.2666
2020-12-19 18:00,0.0,0.0,19.8623046875,187.52734375,272.5205078125,292.5615234375,326.8740234375,326.8740234375,632.43359375,713.828125,713.828125,68.19922
2020-12-20 09:15,0.0,0.0,1.431640625,207.8154296875,220.6328125,412.234375,503.05859375,607.169921875,887.001953125,1141.83203125,1188.578125,383.5996
2020-12-20 09:30,247.62109375,545.3525390625,705.244140625,911.455078125,984.060546875,1195.9169921875,1334.0146484375,1420.2353515625,1738.341796875,2065.96337890625,2157.93603515625,1516.5332
2020-12-20 09:45,1870.6513671875,2403.34423828125,2673.3095703125,2997.9267578125,3206.6064453125,3492.38134765625,3697.6279296875,3840.7412109375,4248.03857421875,4709.85107421875,4920.1103515625,3744.9326
2020-12-20 10:00,5860.37158203125,6553.5205078125,6927.5107421875,7455.40185546875,7729.49560546875,8145.0703125,8314.9404296875,8637.7119140625,9024.2421875,9559.095703125,10005.5810546875,5857.7324
2020-12-20 10:15,7683.576171875,8348.85546875,9007.67578125,9528.439453125,9785.599609375,10378.2294921875,10534.845703125,11021.828125,11405.8447265625,12111.20703125,12668.3369140625,9785.466
2020-12-20 10:30,14048.509765625,14585.8984375,15045.36328125,15163.65625,15466.0703125,15807.646484375,16022.291015625,16202.869140625,16542.9296875,17064.15625,17468.9296875,16630.266
2020-12-20 10:45,19537.662109375,20030.0625,20649.568359375,20971.55859375,21322.88671875,21590.86328125,21681.0859375,21892.0234375,22170.419921875,22503.86328125,22888.15234375,21448.6
2020-12-20 11:00,23719.4765625,24147.90234375,24522.41015625,24667.203125,24832.958984375,24984.83203125,24993.662109375,25102.16015625,25221.36328125,25465.8203125,25711.8203125,25000.934
2020-12-20 11:15,27308.94921875,27747.63671875,27986.11328125,28067.921875,28215.5546875,28324.484375,28342.59375,28445.125,28549.83203125,28751.546875,29079.49609375,27917.0
2020-12-20 11:30,29318.68359375,29880.1015625,30160.98046875,30266.9453125,30455.203125,30590.6640625,30683.31640625,30826.6875,30980.265625,31255.4921875,31625.80078125,30526.0
2020-12-20 11:45,31911.03515625,32380.80859375,32601.03515625,32611.44140625,32734.57421875,32855.66015625,32872.140625,33041.875,33133.60546875,33360.07421875,33711.05078125,31344.73
2020-12-20 12:00,30740.515625,31536.68359375,32145.9140625,32518.1640625,32786.9140625,33090.3125,33342.60546875,33709.8046875,34030.32421875,34463.4140625,35001.06640625,25311.934
2020-12-20 12:15,14726.8359375,16609.712890625,20054.0625,21254.94140625,23176.19921875,24528.57421875,26262.57421875,28089.82421875,29829.31640625,31454.12109375,32907.51171875,35429.734
2020-12-20 12:30,28096.5078125,29073.7421875,32529.99609375,33942.37109375,35695.30078125,36708.53125,37677.36328125,38495.57421875,39417.58984375,40258.33984375,41209.84765625,36957.13
2020-12-20 12:45,32594.67578125,34041.640625,36229.8359375,37008.3046875,37352.82421875,37841.625,38063.140625,38226.76171875,38481.30859375,39332.67578125,39683.73046875,38087.465
2020-12-20 13:00,35242.2578125,36529.78125,38030.97265625,38656.3203125,38955.34765625,39461.31640625,39494.0078125,39688.6328125,39962.328125,40381.92578125,40991.05078125,38802.996
2020-12-20 13:15,35331.9453125,36722.59375,37977.3828125,38773.7109375,38960.02734375,39420.01953125,39560.546875,39884.2109375,40240.26953125,40739.5703125,41332.60546875,39257.46
2020-12-20 13:30,37422.1328125,38543.76171875,39337.19921875,39765.06640625,39827.9453125,40130.6640625,40130.6640625,40345.80078125,40534.1796875,40830.765625,41392.44921875,39588.26
2020-12-20 13:45,37199.43359375,38353.73828125,39036.46484375,39554.65625,39605.609375,39897.546875,39897.546875,40170.72265625,40356.765625,40643.359375,41193.609375,39394.53
2020-12-20 14:00,37170.41015625,38251.66796875,38841.6640625,39313.60546875,39346.40234375,39607.91796875,39607.91796875,39847.01171875,40019.84375,40255.72265625,40811.21875,39085.4
2020-12-20 14:15,36804.515625,37833.12890625,38374.09375,38812.49609375,38839.24609375,39089.51171875,39089.51171875,39309.88671875,39478.08203125,39722.4453125,40328.109375,38330.863
2020-12-20 14:30,35545.6953125,36566.29296875,37134.0546875,37593.828125,37606.54296875,37863.26953125,37866.24609375,38134.98046875,38333.96875,38603.05859375,39223.390625,37610.996
2020-12-20 14:45,35212.1875,36043.0625,36514.7421875,36870.10546875,36870.10546875,37048.58203125,37048.58203125,37183.73046875,37324.41796875,37542.25390625,38105.3984375,36810.996
2020-12-20 15:00,34314.65234375,35027.65234375,35467.2421875,35800.47265625,35800.47265625,35974.95703125,35974.95703125,36069.84375,36214.77734375,36405.5703125,36937.0546875,30296.2
2020-12-20 15:15,19531.431640625,21334.517578125,24587.4609375,25668.029296875,27288.578125,28271.81640625,29831.2890625,31177.5546875,32766.890625,34149.09765625,35127.3828125,33527.2
2020-12-20 15:30,24453.65234375,26006.119140625,28756.9140625,30256.61328125,31209.28515625,32209.7265625,32856.484375,33832.77734375,34604.0,35486.82421875,36504.453125,31810.598
2020-12-20 15:45,22520.2578125,23986.455078125,26573.1171875,27506.20703125,28466.859375,29213.921875,29985.1015625,30893.0234375,31506.07421875,32866.65234375,33538.55078125,19436.066
2020-12-20 16:00,12533.8896484375,13323.474609375,15742.392578125,17214.7109375,18599.619140625,20050.51953125,21652.0,23859.94140625,25625.921875,28605.609375,30454.12109375,20639.465
2020-12-20 16:15,14971.38671875,16422.67578125,18829.9921875,20047.1328125,21185.771484375,22157.806640625,23000.7734375,24389.74609375,25372.443359375,27236.52734375,28729.84375,23195.0
2020-12-20 16:30,15515.3349609375,17170.896484375,19221.66796875,20277.947265625,21257.5,22066.80078125,22645.25390625,23439.12109375,23960.11328125,25136.546875,26343.16796875,20171.932
2020-12-20 16:45,11808.02734375,12725.0703125,14303.064453125,15071.111328125,15721.92578125,16349.748046875,16851.958984375,17438.033203125,18297.05078125,19516.76171875,20462.59375,14632.266
2020-12-20 17:00,7084.021484375,7702.17333984375,8583.3017578125,9236.0380859375,9558.1640625,10044.951171875,10455.78125,11077.166015625,11875.03515625,13090.146484375,14006.525390625,8411.333
2020-12-20 17:15,3470.0869140625,3764.28369140625,3993.3046875,4536.85107421875,4604.13232421875,4918.14990234375,5153.630859375,5529.05029296875,5896.501953125,6817.578125,7687.31298828125,5010.7993
2020-12-20 17:30,2460.41650390625,2516.52734375,2730.8154296875,2991.82373046875,3124.818359375,3252.42138671875,3428.86279296875,3560.5986328125,3687.40771484375,4206.99951171875,4607.4052734375,2774.7324
2020-12-20 17:45,898.3916015625,898.3916015625,1025.197265625,1312.0322265625,1365.3076171875,1489.40576171875,1573.06689453125,1670.89794921875,1890.06005859375,2152.4326171875,2353.71435546875,996.4668
2020-12-20 18:00,0.0,0.0,72.8525390625,290.9208984375,343.025390625,412.50390625,457.7958984375,480.3408203125,774.3623046875,881.4501953125,899.044921875,92.0
2020-12-21 09:15,0.0,0.0,28.1767578125,228.107421875,262.3837890625,435.828125,563.6357421875,640.6484375,944.1123046875,1228.1328125,1294.4609375,379.2666
2020-12-21 09:30,283.33203125,578.5693359375,771.259765625,968.6845703125,1065.82421875,1250.5322265625,1429.97265625,1480.40625,1824.12939453125,2179.13720703125,2282.3359375,1438.8662
2020-12-21 09:45,1864.4619140625,2361.19482421875,2665.82373046875,2958.66943359375,3191.09033203125,3430.28759765625,3669.8408203125,3769.90771484375,4190.529296875,4670.96826171875,4883.62841796875,3397.1997
2020-12-21 10:00,5176.36669921875,5818.0205078125,6201.974609375,6654.537109375,6934.32666015625,7282.63671875,7477.66162109375,7750.9375,8123.32080078125,8682.576171875,9116.3310546875,5493.5996
2020-12-21 10:15,7646.47998046875,8262.7265625,8835.796875,9277.1787109375,9518.548828125,10046.4384765625,10175.0322265625,10609.01171875,10929.9716796875,11581.65625,12119.23828125,9235.2
2020-12-21 10:30,13642.150390625,14146.296875,14595.7021484375,14679.798828125,14954.0009765625,15303.55859375,15470.4765625,15669.5859375,15962.8017578125,16466.451171875,16833.59765625,15799.266
2020-12-21 10:45,19041.92578125,19490.4765625,20053.48046875,20269.74609375,20593.4921875,20812.603515625,20884.6328125,21064.953125,21310.50390625,21657.7265625,21971.9921875,20560.799
2020-12-21 11:00,23122.806640625,23505.703125,23856.01953125,23963.6796875,24114.56640625,24256.73828125,24256.73828125,24359.49609375,24477.12109375,24712.212890625,24920.015625,23506.467
2020-12-21 11:15,25481.04296875,25996.875,26348.96484375,26551.26171875,26762.75390625,26919.70703125,27037.99609375,27166.9140625,27374.43359375,27670.9375,28027.23046875,26135.062
2020-12-21 11:30,27539.84765625,28105.0703125,28473.6171875,28631.4453125,28877.671875,29005.94140625,29161.8984375,29287.44140625,29541.6796875,29885.34375,30274.60546875,28660.664
2020-12-21 11:45,30176.15234375,30626.8203125,30901.83203125,30923.21875,31092.0859375,31175.2421875,31236.21875,31343.99609375,31521.18359375,31797.625,32134.48828125,30772.996
2020-12-21 12:00,31855.484375,32305.84375,32593.50390625,32629.34765625,32745.328125,32872.1640625,32907.76171875,33071.31640625,33225.22265625,33478.97265625,33826.4921875,32475.531
2020-12-21 12:15,33097.76171875,33583.08203125,33895.61328125,33974.8125,34068.04296875,34229.75390625,34258.2734375,34469.69140625,34631.8984375,34871.44921875,35272.11328125,32983.734
2020-12-21 12:30,32448.78515625,33114.4765625,33638.3828125,33913.08203125,34083.390625,34319.7734375,34452.3125,34777.48046875,35072.3671875,35400.58203125,35916.2109375,34485.4
2020-12-21 12:45,34649.53125,35108.78125,35486.76953125,35619.29296875,35700.01953125,35871.97265625,35871.97265625,36119.92578125,36290.9453125,36521.69140625,36976.93359375,32159.0
2020-12-21 13:00,24627.037109375,26104.984375,28545.94140625,29933.6015625,30850.05078125,31745.92578125,32609.0703125,33784.69921875,34907.8984375,35915.55078125,36919.50390625,30390.734
2020-12-21 13:15,26734.03515625,27526.57421875,29136.69921875,29440.6328125,29696.6640625,30068.05859375,30578.4375,31516.6875,32117.015625,33305.21875,34394.50390625,35867.797
2020-12-21 13:30,28838.98046875,30021.2734375,32332.50390625,33558.41015625,34408.44140625,35333.13671875,35780.87890625,36483.47265625,37153.58984375,37881.41796875,38977.9296875,35541.332
2020-12-21 13:45,31447.23046875,32680.84765625,34315.5859375,35080.55078125,35338.125,35796.35546875,36130.66015625,36594.109375,36842.06640625,37793.30078125,38370.9453125,37271.73
2020-12-21 14:00,32789.23828125,34103.65625,35685.48828125,36577.3203125,36928.24609375,37561.8046875,37753.078125,38283.28125,38589.3984375,39180.390625,39939.79296875,37636.4
2020-12-21 14:15,34343.19140625,35517.99609375,36593.93359375,37186.70703125,37301.8984375,37663.71484375,37809.234375,38194.19921875,38378.3046875,38905.69921875,39449.59375,37725.2
2020-12-21 14:30,35501.4296875,36410.73828125,37032.19921875,37377.98828125,37407.2421875,37716.45703125,37716.45703125,37992.48828125,38103.83984375,38383.47265625,38951.6328125,36679.8
2020-12-21 14:45,33399.53515625,34436.49609375,35150.1640625,35685.84765625,35772.57421875,36161.51953125,36183.81640625,36634.52734375,36870.7421875,37224.5390625,37861.78515625,35644.2
2020-12-21 15:00,33082.8359375,33881.875,34396.3515625,34688.52734375,34688.52734375,34979.0625,34979.0625,35260.34375,35404.625,35641.6640625,36221.7890625,34148.934
2020-12-21 15:15,30458.3125,31242.203125,31994.28125,32278.18359375,32419.22265625,32762.48828125,32810.30859375,33242.19921875,33502.92578125,33810.98828125,34401.14453125,30508.598
2020-12-21 15:30,24307.076171875,25135.564453125,26777.28515625,27219.6484375,27836.58203125,28398.80859375,28938.046875,29761.33203125,30475.62890625,31253.06640625,31980.8359375,20928.598
2020-12-21 15:45,13828.603515625,14385.666015625,16226.25,17723.66796875,18818.671875,20052.91015625,21443.080078125,23147.041015625,24707.6328125,27298.49609375,29185.2734375,18896.0
2020-12-21 16:00,14022.759765625,14878.595703125,16273.2890625,17223.80859375,17766.32421875,18341.1328125,18805.59375,19836.611328125,20558.77734375,22871.62109375,24487.5625,12586.932
2020-12-21 16:15,7784.64501953125,8253.3955078125,8825.123046875,9887.7705078125,10206.23828125,10924.9296875,11455.841796875,12309.5283203125,13412.2578125,15599.0625,17401.251953125,9432.733
2020-12-21 16:30,6461.6455078125,7043.33203125,7453.8671875,7816.8935546875,7956.42431640625,8077.361328125,8411.732421875,8652.3623046875,9111.1748046875,10541.9130859375,11574.54296875,10463.0
2020-12-21 16:45,7053.0234375,8095.22900390625,9057.9140625,9465.6484375,10126.490234375,10242.859375,10771.474609375,11280.3154296875,11752.439453125,13071.4140625,13909.28515625,8309.0
2020-12-21 17:00,3764.373046875,4194.419921875,4489.111328125,4960.9287109375,5186.32470703125,5232.4462890625,5652.1982421875,5893.9189453125,6385.56640625,7440.65185546875,8406.4736328125,3547.5996
2020-12-21 17:15,1213.94140625,1353.12890625,1468.93359375,1791.154296875,1794.341796875,1887.12890625,2089.5986328125,2159.27490234375,2424.30078125,2956.65283203125,3464.65771484375,2341.8662
2020-12-21 17:30,642.6279296875,771.015625,885.72265625,1109.4345703125,1162.3408203125,1201.798828125,1306.4658203125,1343.712890625,1577.01708984375,1894.61572265625,2012.826171875,1864.0664
2020-12-21 17:45,240.3369140625,340.9619140625,462.9013671875,646.0859375,726.7529296875,775.337890625,836.7041015625,860.1103515625,1123.4658203125,1365.841796875,1368.5439453125,386.73242
2020-12-21 18:00,0.0,0.0,0.0,0.0,39.4326171875,39.4326171875,75.7421875,75.7421875,345.294921875,486.70703125,486.70703125,22.466797
2020-12-22 09:15,0.0,0.0,6.0244140625,207.603515625,230.16796875,415.716796875,523.8837890625,618.3388671875,906.732421875,1175.8564453125,1235.669921875,305.93262
2020-12-22 09:30,178.9169921875,474.927734375,646.4296875,839.3154296875,920.7783203125,1119.9775390625,1272.7529296875,1342.9697265625,1665.703125,2001.259765625,2104.357421875,1365.0664
2020-12-22 09:45,1881.91748046875,2398.986328125,2693.5869140625,2977.56689453125,3219.6767578125,3479.61865234375,3705.98681640625,3816.162109375,4235.20458984375,4693.625,4894.7001953125,3725.9995
2020-12-22 10:00,6282.1064453125,6932.4150390625,7333.2021484375,7823.1044921875,8136.65771484375,8539.337890625,8709.720703125,9018.3486328125,9403.5986328125,9913.7421875,10343.6708984375,5944.1997
2020-12-22 10:15,7696.35546875,8339.328125,9066.626953125,9594.55859375,9888.1640625,10512.3291015625,10676.6728515625,11181.708984375,11574.322265625,12295.53125,12840.96875,10100.533
2020-12-22 10:30,14586.404296875,15096.3720703125,15552.9521484375,15643.025390625,15966.7451171875,16291.6123046875,16523.703125,16673.923828125,17015.7890625,17512.3671875,17895.01171875,17113.732
2020-12-22 10:45,20128.91796875,20551.91015625,21116.88671875,21420.2890625,21750.7265625,22007.482421875,22077.6640625,22269.96875,22544.951171875,22852.892578125,23209.67578125,21843.467
2020-12-22 11:00,24125.68359375,24504.388671875,24842.548828125,24973.5859375,25155.884765625,25289.927734375,25301.470703125,25399.2421875,25530.908203125,25789.27734375,26029.6796875,24919.266
2020-12-22 11:15,27093.36328125,27541.0,27790.453125,27885.06640625,28080.796875,28185.90625,28263.78515625,28363.68359375,28515.9296875,28772.91015625,29121.078125,27788.133
2020-12-22 11:30,29048.03515625,29590.91796875,29880.203125,29974.9140625,30210.14453125,30325.3515625,30454.484375,30581.3203125,30776.125,31089.40234375,31479.65625,30348.133
2020-12-22 11:45,31718.984375,32140.015625,32353.54296875,32353.54296875,32485.76953125,32579.91796875,32615.21875,32762.82421875,32881.45703125,33129.359375,33479.20703125,32228.73
2020-12-22 12:00,32932.15234375,33420.4453125,33689.296875,33746.09765625,33858.1640625,34018.26171875,34076.078125,34311.8984375,34429.08984375,34697.22265625,35105.94140625,33585.73
2020-12-22 12:15,33767.984375,34318.79296875,34637.72265625,34757.25,34871.73828125,35061.19140625,35123.01953125,35397.7890625,35551.953125,35807.10546875,36292.8671875,32469.934
2020-12-22 12:30,27027.15625,28322.1484375,30072.55859375,31164.26171875,31889.8046875,32583.99609375,33201.7578125,34076.05859375,34998.1875,35781.74609375,36692.21484375,18342.0
2020-12-22 12:45,10319.9345703125,11777.0947265625,14466.24609375,16219.6015625,18182.048828125,20164.67578125,21969.0,25188.890625,27784.16015625,30765.20703125,33071.078125,17014.865
2020-12-22 13:00,15043.369140625,16368.8896484375,18529.02734375,19935.58984375,21381.93359375,22713.03125,23755.5546875,25624.099609375,27409.3984375,30858.12890625,33034.51171875,18511.4
2020-12-22 13:15,12683.8193359375,14137.2333984375,15813.0390625,17185.271484375,18291.0625,19727.359375,20397.20703125,21699.08984375,23152.2421875,26411.4609375,29002.5546875,25791.2
2020-12-22 13:30,18462.9765625,20183.38671875,22859.984375,24564.39453125,26174.26171875,27878.19140625,29220.65625,30618.55859375,32285.01953125,34724.609375,36837.78515625,24118.602
2020-12-22 13:45,16092.02734375,17770.376953125,20110.0546875,21279.478515625,22663.990234375,23965.74609375,24837.04296875,26170.73828125,27759.79296875,31071.34765625,33735.69921875,22380.0
2020-12-22 14:00,17733.2890625,18935.234375,20202.89453125,21081.37109375,21631.1875,22257.55859375,22490.513671875,23596.009765625,24697.625,27737.140625,30190.4140625,23140.664
2020-12-22 14:15,18450.193359375,20199.353515625,21907.3515625,22939.16015625,23445.951171875,24062.81640625,24444.322265625,25479.416015625,25968.98828125,28093.1875,29963.828125,25462.332
2020-12-22 14:30,20872.59765625,22912.435546875,25206.193359375,26586.65234375,27300.80078125,28280.8125,28868.88671875,30133.7265625,31048.609375,33033.60546875,34814.0234375,28556.93
2020-12-22 14:45,23431.70703125,25701.2578125,28200.66796875,29512.125,30028.3515625,30966.30859375,31665.8984375,32650.24609375,33320.51171875,35061.1640625,36666.13671875,34276.53
2020-12-22 15:00,26720.1328125,29296.05859375,32323.453125,33745.203125,34554.28125,35503.99609375,36392.3359375,37125.4296875,37550.38671875,38526.58203125,39741.87890625,33682.4
2020-12-22 15:15,24565.3984375,27170.390625,29992.99609375,31160.25,31619.01953125,32275.13671875,32741.72265625,33395.87109375,33760.3671875,34674.51171875,35738.23828125,32650.8
2020-12-22 15:30,25754.126953125,27973.0,29905.07421875,30621.546875,30981.98828125,31383.94921875,31610.32421875,32079.04296875,32361.40625,32904.796875,33977.09375,30902.0
2020-12-22 15:45,22732.548828125,24588.40625,26594.7734375,27270.99609375,27887.65625,28269.79296875,28564.48046875,29141.92578125,29650.34375,30378.359375,31311.03125,28840.332
2020-12-22 16:00,22227.189453125,23667.623046875,25107.4765625,25552.96484375,25986.71875,26229.58984375,26353.8984375,26873.63671875,27167.046875,27844.95703125,28733.8984375,25878.0
2020-12-22 16:15,19172.337890625,20221.853515625,21533.876953125,22034.609375,22492.021484375,22755.7109375,22946.04296875,23426.8984375,23850.943359375,24594.83984375,25472.25,19948.398
2020-12-22 16:30,11572.6552734375,12398.6015625,13801.2607421875,15002.9482421875,15527.1015625,16187.94921875,16715.029296875,17429.83203125,18458.701171875,19754.998046875,20961.25,13164.398
2020-12-22 16:45,5838.00830078125,6647.796875,7260.0224609375,8190.3056640625,8441.017578125,8864.7998046875,9201.1923828125,9807.2080078125,10618.34375,11885.353515625,13021.748046875,6791.3994
2020-12-22 17:00,3004.8681640625,3438.8076171875,3572.97998046875,4038.60302734375,4080.38330078125,4277.66162109375,4358.71240234375,4490.9287109375,4833.2646484375,5413.32861328125,6140.5947265625,4673.7324
2020-12-22 17:15,1961.314453125,2275.14111328125,2554.474609375,2782.564453125,3035.337890625,3093.70751953125,3244.62744140625,3287.14794921875,3571.15869140625,3957.37744140625,4214.56640625,3840.7324
2020-12-22 17:30,1381.16796875,1521.6513671875,1656.0263671875,1921.1279296875,2062.3251953125,2198.00048828125,2309.46630859375,2429.0458984375,2737.9248046875,3108.484375,3260.916015625,1171.5322
2020-12-22 17:45,0.0,0.0,26.2822265625,232.4248046875,297.7314453125,342.0615234375,418.4296875,485.7509765625,815.6025390625,1033.294921875,1070.1494140625,112.93262
2020-12-23 09:15,0.0,0.0,8.5927734375,214.9287109375,238.2705078125,425.2998046875,537.267578125,628.5009765625,926.0400390625,1193.6044921875,1244.6787109375,280.4668
2020-12-23 09:30,125.873046875,415.7099609375,593.2958984375,790.3232421875,868.51953125,1066.7763671875,1222.1259765625,1290.4384765625,1620.5517578125,1954.419921875,2049.953125,1372.7324
2020-12-23 09:45,1976.66162109375,2486.1083984375,2786.763671875,3073.111328125,3318.40185546875,3577.140625,3809.16357421875,3912.736328125,4344.5908203125,4797.83837890625,4981.14404296875,3842.3994
2020-12-23 10:00,6536.8515625,7171.21533203125,7575.0517578125,8070.2841796875,8372.515625,8777.921875,8938.2060546875,9239.9560546875,9617.638671875,10115.435546875,10527.138671875,6276.1323
2020-12-23 10:15,8539.3974609375,9167.6142578125,9853.1484375,10319.0078125,10576.5166015625,11168.90625,11294.7763671875,11748.123046875,12093.853515625,12745.634765625,13230.14453125,10647.399
2020-12-23 10:30,15306.27734375,15799.873046875,16234.689453125,16291.1640625,16581.56640625,16855.517578125,17039.904296875,17156.529296875,17449.96484375,17881.203125,18197.46875,17985.934
2020-12-23 10:45,20983.361328125,21336.9296875,21904.97265625,22197.65234375,22479.013671875,22747.4765625,22752.501953125,22947.96484375,23187.8515625,23386.9140625,23669.400390625,23569.469
2020-12-23 11:00,26012.328125,26269.29296875,26591.53515625,26690.75390625,26791.015625,26944.3125,26944.3125,26972.28125,27035.80078125,27153.703125,27321.66015625,27318.066
2020-12-23 11:15,29442.51953125,29814.88671875,30018.8515625,30082.171875,30170.2890625,30339.953125,30339.953125,30466.1328125,30498.94140625,30647.171875,30948.953125,29983.0
2020-12-23 11:30,30885.421875,31495.3125,31809.66796875,31991.39453125,32153.13671875,32381.12109375,32478.14453125,32741.453125,32869.3125,33147.94921875,33555.30078125,31456.133
2020-12-23 11:45,31890.0703125,32569.6640625,32956.2265625,33152.32421875,33329.3203125,33547.69140625,33697.00390625,34006.71875,34188.01171875,34529.9609375,34988.3984375,33644.066
2020-12-23 12:00,34493.43359375,34974.234375,35227.2109375,35252.65234375,35315.0,35488.04296875,35488.04296875,35766.10546875,35832.81640625,36062.796875,36488.91796875,35261.465
2020-12-23 12:15,35332.828125,35904.18359375,36193.1484375,36337.01171875,36401.9453125,36634.62890625,36651.60546875,36986.98046875,37072.0546875,37326.359375,37837.79296875,36558.863
2020-12-23 12:30,36742.63671875,37247.59375,37470.75,37582.83984375,37606.296875,37811.31640625,37811.31640625,38088.94140625,38141.2421875,38353.0546875,38861.5859375,37541.2
2020-12-23 12:45,37674.234375,38143.96484375,38331.0078125,38488.55859375,38488.55859375,38690.30859375,38690.30859375,38965.515625,38987.87890625,39179.23828125,39690.9765625,38417.062
2020-12-23 13:00,38390.5234375,38836.4453125,38994.65625,39191.640625,39191.640625,39402.10546875,39402.10546875,39672.984375,39686.0078125,39856.37109375,40399.82421875,39110.66
2020-12-23 13:15,38542.7265625,39057.8984375,39232.32421875,39513.6171875,39517.61328125,39771.54296875,39771.54296875,40076.9140625,40119.84765625,40305.5390625,40908.375,39439.0
2020-12-23 13:30,38713.19921875,39243.91796875,39410.51171875,39698.48046875,39698.48046875,39929.11328125,39929.11328125,40219.359375,40265.43359375,40457.09375,41056.69921875,39651.926
2020-12-23 13:45,38934.609375,39426.41015625,39569.29296875,39856.09765625,39856.09765625,40046.0625,40046.0625,40295.8125,40323.8671875,40500.7109375,41062.49609375,39575.53
2020-12-23 14:00,38458.2734375,39009.28515625,39183.61328125,39552.88671875,39552.88671875,39769.33984375,39769.33984375,40043.37109375,40104.11328125,40280.9765625,40860.625,39274.324
2020-12-23 14:15,38145.9140625,38676.9140625,38854.24609375,39166.6171875,39166.6171875,39363.71875,39363.71875,39589.64453125,39663.94140625,39844.97265625,40464.609375,38926.133
2020-12-23 14:30,37310.1875,37846.0078125,38036.6875,38362.22265625,38362.22265625,38534.06640625,38534.06640625,38752.6328125,38839.26953125,39029.8359375,39648.55859375,38356.195
2020-12-23 14:45,36908.2265625,37322.62890625,37478.6484375,37745.3203125,37745.3203125,37862.19921875,37862.19921875,37982.76953125,38045.52734375,38209.4609375,38775.26171875,37238.668
2020-12-23 15:00,35290.5859375,35742.18359375,35987.76953125,36301.1640625,36301.1640625,36463.1875,36463.1875,36632.52734375,36756.421875,36932.22265625,37512.0234375,36080.336
2020-12-23 15:15,33866.17578125,34267.74609375,34562.80859375,34785.98828125,34785.98828125,34950.90625,34950.90625,35108.83203125,35268.875,35417.91015625,35984.21875,34774.53
2020-12-23 15:30,32222.88671875,32522.2109375,32837.45703125,33007.984375,33007.984375,33204.828125,33204.828125,33359.85546875,33520.2734375,33678.3125,34201.55078125,33431.133
2020-12-23 15:45,30841.67578125,30981.453125,31172.015625,31367.69140625,31367.69140625,31571.546875,31571.546875,31659.2578125,31734.0078125,31876.875,32361.40234375,31518.863
2020-12-23 16:00,28759.37109375,28829.4765625,29035.7421875,29214.87890625,29214.87890625,29386.578125,29386.578125,29565.40234375,29585.92578125,29749.5234375,30139.984375,29252.664
2020-12-23 16:15,26139.2578125,26242.5234375,26499.69140625,26642.34765625,26642.34765625,26794.57421875,26794.57421875,27092.171875,27093.68359375,27267.765625,27630.49609375,26486.863
2020-12-23 16:30,22679.96875,22857.8984375,23194.26953125,23370.71875,23370.71875,23571.1640625,23675.349609375,23988.775390625,24038.08203125,24275.775390625,24689.09375,22933.533
2020-12-23 16:45,18073.05078125,18342.015625,18762.18359375,19046.984375,19098.03515625,19329.04296875,19649.3125,19862.7109375,20043.859375,20415.72265625,20923.4765625,17106.867
2020-12-23 17:00,9222.1181640625,9751.9921875,10557.3896484375,11432.806640625,11684.6689453125,12236.2080078125,12777.818359375,13297.7265625,13937.6748046875,14737.7177734375,15514.0185546875,10067.933
2020-12-23 17:15,4069.71728515625,4588.85595703125,4770.82470703125,5573.998046875,5587.94482421875,6068.8759765625,6245.970703125,6688.6787109375,7072.7177734375,7805.93994140625,8587.62890625,6119.0664
2020-12-23 17:30,2797.1435546875,3029.50048828125,3197.33154296875,3473.40869140625,3630.19677734375,3787.88037109375,3929.3017578125,3961.85400390625,4110.17529296875,4512.5732421875,4888.92822265625,3454.8667
2020-12-23 17:45,1267.208984375,1320.078125,1472.08056640625,1762.884765625,1911.2578125,2033.49853515625,2161.25244140625,2207.943359375,2416.46337890625,2679.41552734375,2924.3583984375,1188.5322
2020-12-23 18:00,0.0,0.0,105.6708984375,357.943359375,455.8427734375,547.8701171875,628.470703125,648.9931640625,944.099609375,1066.8193359375,1168.0185546875,115.4668
2020-12-24 09:15,0.0,0.0,27.0439453125,228.4833984375,259.73046875,441.328125,562.853515625,646.52734375,948.2685546875,1224.4326171875,1283.8203125,225.39941
2020-12-24 09:30,104.078125,394.822265625,582.42578125,768.9296875,858.490234375,1049.2138671875,1214.5478515625,1271.4140625,1606.9482421875,1946.9921875,2051.63525390625,1408.0
2020-12-24 09:45,2339.693359375,2858.65185546875,3185.4365234375,3457.18310546875,3745.59912109375,3992.47021484375,4247.86328125,4335.85498046875,4791.28271484375,5244.646484375,5425.1484375,4207.7993
2020-12-24 10:00,7422.576171875,8006.00927734375,8441.5302734375,8914.138671875,9225.33203125,9644.16796875,9778.978515625,10084.92578125,10439.21484375,10903.3583984375,11304.21875,6601.3994
2020-12-24 10:15,8334.1259765625,8973.759765625,9808.01171875,10318.875,10630.931640625,11295.185546875,11462.7822265625,11960.666015625,12349.7568359375,13059.892578125,13535.6748046875,10935.266
2020-12-24 10:30,15466.82421875,15948.8427734375,16404.90234375,16446.458984375,16775.75,17060.96875,17300.94921875,17390.857421875,17713.130859375,18153.2265625,18475.234375,18406.934
2020-12-24 10:45,21146.9140625,21502.85546875,22160.8828125,22524.103515625,22850.255859375,23162.22265625,23200.958984375,23424.51953125,23714.9296875,23926.85546875,24239.828125,23700.867
2020-12-24 11:00,26046.58203125,26316.65625,26711.08984375,26816.453125,26948.93359375,27081.3515625,27081.3515625,27133.7578125,27231.125,27387.73828125,27546.92578125,27185.863
2020-12-24 11:15,29219.92578125,29620.93359375,29889.71484375,29958.3671875,30092.5625,30239.6875,30248.25390625,30400.70703125,30478.8984375,30669.1171875,30978.7109375,29949.398
2020-12-24 11:30,30774.25,31370.8046875,31718.95703125,31877.4140625,32070.1015625,32268.69921875,32382.80859375,32615.94921875,32774.43359375,33068.52734375,33471.13671875,32190.066
2020-12-24 11:45,33239.35546875,33731.015625,33973.53515625,33998.05859375,34094.953125,34245.67578125,34270.67578125,34511.4453125,34595.80078125,34840.8984375,35219.2109375,34062.797
2020-12-24 12:00,34709.8125,35194.83203125,35431.7421875,35487.1796875,35544.44921875,35739.421875,35742.296875,36050.4140625,36115.35546875,36350.6796875,36782.97265625,35650.73
2020-12-24 12:15,35771.76953125,36292.81640625,36550.12890625,36672.703125,36729.24609375,36952.87109375,36954.08984375,37293.27734375,37369.09375,37604.94140625,38111.28125,36857.0
2020-12-24 12:30,36793.7421875,37308.30859375,37545.55859375,37691.88671875,37726.7421875,37944.3125,37944.3125,38261.66796875,38329.484375,38549.35546875,39076.8359375,37806.0
2020-12-24 12:45,37905.453125,38347.0859375,38531.15234375,38678.62890625,38678.62890625,38881.25390625,38881.25390625,39149.6875,39175.8125,39359.97265625,39877.50390625,38700.465
2020-12-24 13:00,38629.3203125,39048.5703125,39205.89453125,39404.16015625,39404.16015625,39619.95703125,39619.95703125,39893.63671875,39905.02734375,40076.6796875,40625.99609375,39430.867
2020-12-24 13:15,38892.39453125,39361.578125,39526.80859375,39797.609375,39800.26953125,40058.3046875,40058.3046875,40358.5703125,40391.6875,40577.4765625,41180.765625,39900.125
2020-12-24 13:30,39170.4609375,39647.8125,39802.546875,40080.375,40080.375,40318.33984375,40318.33984375,40602.3984375,40633.8671875,40826.34765625,41423.5546875,40238.934
2020-12-24 13:45,39570.87109375,39999.15234375,40127.22265625,40399.82421875,40399.82421875,40600.0234375,40600.0234375,40842.9296875,40854.50390625,41030.94921875,41583.953125,40328.066
2020-12-24 14:00,39261.09765625,39754.5390625,39906.4296875,40274.96484375,40274.96484375,40512.5234375,40512.5234375,40786.78125,40830.05859375,41006.0859375,41572.65234375,40301.062
2020-12-24 14:15,39299.1484375,39750.9921875,39888.9453125,40177.62109375,40177.62109375,40399.484375,40399.484375,40615.11328125,40656.89453125,40839.83203125,41436.875,39955.066
2020-12-24 14:30,38268.703125,38796.703125,38980.53125,39353.01171875,39353.01171875,39584.50390625,39584.50390625,39849.4296875,39924.59375,40140.66015625,40767.10546875,39226.336
2020-12-24 14:45,37785.125,38225.5625,38377.02734375,38672.43359375,38672.43359375,38815.6015625,38815.6015625,38985.30078125,39041.859375,39225.671875,39801.8125,38406.8
2020-12-24 15:00,36579.11328125,37012.14453125,37205.7109375,37504.015625,37504.015625,37658.53125,37658.53125,37803.81640625,37898.81640625,38067.29296875,38651.390625,37233.266
2020-12-24 15:15,34711.80859375,35182.3515625,35511.59765625,35797.1796875,35797.1796875,36011.703125,36011.703125,36205.64453125,36382.04296875,36563.6640625,37163.55859375,35819.53
2020-12-24 15:30,33148.578125,33515.3515625,33858.62109375,34041.91015625,34041.91015625,34241.71875,34241.71875,34405.0859375,34588.92578125,34772.10546875,35322.25,34202.664
2020-12-24 15:45,31818.15625,31982.046875,32192.078125,32359.28515625,32359.28515625,32498.77734375,32498.77734375,32577.51171875,32705.6796875,32868.5390625,33337.55859375,32188.133
2020-12-24 16:00,29357.7109375,29464.75,29754.3984375,29917.7109375,29917.7109375,30129.95703125,30129.95703125,30352.1796875,30467.4140625,30655.234375,31064.48046875,29798.398
2020-12-24 16:15,26570.21875,26664.20703125,27030.8828125,27148.765625,27148.765625,27358.01171875,27372.6328125,27748.109375,27825.6328125,28066.0859375,28444.91796875,27170.934
2020-12-24 16:30,23608.72265625,23727.85546875,24046.212890625,24178.86328125,24178.86328125,24324.453125,24411.9140625,24745.412109375,24779.16015625,25059.58984375,25476.580078125,23672.266
2020-12-24 16:45,18912.02734375,19146.72265625,19553.328125,19881.822265625,19928.349609375,20154.93359375,20462.728515625,20721.12109375,20899.912109375,21310.87890625,21868.498046875,17910.197
2020-12-24 17:00,10333.01171875,10799.83203125,11577.7578125,12543.2001953125,12787.568359375,13339.005859375,13872.091796875,14400.634765625,15036.625,15888.626953125,16783.87890625,10689.466
2020-12-24 17:15,4601.31689453125,5143.22021484375,5344.89892578125,6284.8466796875,6290.14208984375,6822.0146484375,7002.2216796875,7517.1005859375,7944.919921875,8787.509765625,9712.248046875,6499.1323
2020-12-24 17:30,2990.689453125,3250.19580078125,3367.54443359375,3715.435546875,3799.03564453125,3996.63916015625,4084.7177734375,4113.08056640625,4263.87060546875,4691.1796875,5150.849609375,3828.7324
2020-12-24 17:45,1579.70703125,1645.80517578125,1815.4345703125,2108.24560546875,2268.390625,2405.20703125,2535.6708984375,2569.373046875,2759.19677734375,3056.7333984375,3332.4599609375,1343.0664
2020-12-24 18:00,0.0,0.0,117.46875,400.7314453125,494.43359375,621.5869140625,712.2236328125,742.7802734375,1027.50390625,1165.2255859375,1324.921875,166.39941
2020-12-25 09:15,0.0,0.0,61.560546875,239.697265625,299.6181640625,459.4443359375,593.611328125,665.9375,959.333984375,1269.6865234375,1379.603515625,104.86621
2020-12-25 09:30,0.0,243.470703125,420.181640625,577.53125,672.9619140625,840.333984375,1004.3701171875,1051.0029296875,1356.865234375,1717.09912109375,1877.52294921875,1016.5996
2020-12-25 09:45,1125.1748046875,1591.974609375,1825.1484375,2065.2626953125,2258.2158203125,2479.6708984375,2699.66552734375,2775.3994140625,3134.298828125,3599.72119140625,3847.5078125,2651.0664
2020-12-25 10:00,3849.28515625,4539.73388671875,4862.7080078125,5267.630859375,5574.16015625,5891.044921875,6133.6123046875,6358.427734375,6758.28271484375,7339.09619140625,7791.625,4387.8667
2020-12-25 10:15,5787.70556640625,6479.4697265625,6973.12841796875,7450.17626953125,7718.26171875,8189.60546875,8382.998046875,8815.3115234375,9186.181640625,9927.9404296875,10588.58203125,7528.1997
2020-12-25 10:30,11049.357421875,11649.041015625,12091.955078125,12326.31640625,12617.0830078125,13077.9609375,13286.4482421875,13603.51953125,13970.7236328125,14673.96484375,15265.9755859375,13744.066
2020-12-25 10:45,16136.025390625,16839.79296875,17672.642578125,18089.177734375,18585.03125,18916.12109375,19138.38671875,19457.78125,19839.96875,20496.515625,21025.00390625,18506.064
2020-12-25 11:00,20436.365234375,20966.3515625,21579.728515625,21726.46484375,21966.3515625,22155.078125,22207.4375,22405.5390625,22558.5625,23000.544921875,23259.603515625,20630.467
2020-12-25 11:15,20373.8046875,21180.4609375,22143.423828125,22750.515625,23182.162109375,23619.1953125,23971.17578125,24347.1171875,24826.140625,25474.515625,26014.19921875,23173.8
2020-12-25 11:30,24069.435546875,24716.22265625,25347.19140625,25596.8046875,25895.86328125,26087.69921875,26337.8515625,26579.3203125,26904.453125,27506.5625,28052.0546875,25078.066
2020-12-25 11:45,25756.73828125,26351.74609375,26888.56640625,27041.0703125,27262.03515625,27434.98828125,27584.5859375,27782.69921875,28067.80859375,28590.72265625,29089.13671875,25956.865
2020-12-25 12:00,25707.56640625,26353.97265625,27045.65625,27265.65234375,27520.67578125,27766.98046875,27961.29296875,28250.95703125,28627.45703125,29204.96875,29785.6015625,28065.465
2020-12-25 12:15,27694.5859375,28352.171875,29015.44921875,29296.98828125,29478.33203125,29741.1328125,29815.03515625,30079.51953125,30370.26171875,30865.8828125,31512.4375,28733.332
2020-12-25 12:30,27683.125,28297.140625,29066.1953125,29292.96875,29563.93359375,29794.359375,29946.7578125,30215.453125,30557.67578125,31100.36328125,31719.01171875,30308.133
2020-12-25 12:45,29331.1953125,29963.77734375,30654.49609375,30994.5703125,31198.35546875,31468.65234375,31515.05859375,31809.21484375,32088.91015625,32547.890625,33211.75390625,32542.73
2020-12-25 13:00,31434.3359375,32048.81640625,32781.25390625,33088.93359375,33277.79296875,33527.49609375,33569.45703125,33814.33984375,34026.515625,34411.10546875,34952.6640625,35265.395
2020-12-25 13:15,33704.9453125,34336.2421875,35133.76171875,35456.91796875,35666.87890625,35983.5859375,35990.41015625,36289.03515625,36494.26171875,36810.796875,37319.5859375,36160.668
2020-12-25 13:30,35025.1796875,35676.359375,36239.7734375,36501.11328125,36601.71875,36831.23046875,36831.23046875,37102.015625,37241.39453125,37523.4296875,37977.6171875,35341.465
2020-12-25 13:45,32739.7421875,33679.6875,34472.98828125,35002.9375,35231.7734375,35594.2734375,35731.8828125,36197.375,36565.28125,36916.15625,37532.0390625,29410.195
2020-12-25 14:00,18732.0859375,20666.26171875,24104.8515625,25442.62109375,26979.5390625,28207.03125,29530.7421875,31357.76953125,32920.22265625,34412.609375,35813.765625,35002.53
2020-12-25 14:15,26341.29296875,27787.16796875,30924.72265625,32407.625,33617.27734375,34636.52734375,35460.8515625,36377.87890625,37211.984375,38175.52734375,39221.78125,35322.53
2020-12-25 14:30,28786.30859375,30553.26953125,32753.609375,33568.33203125,34052.1484375,34654.3515625,35148.7734375,35645.93359375,35912.76953125,36924.6484375,37575.08203125,34072.266
2020-12-25 14:45,29532.23046875,31068.71875,32488.03515625,33025.1875,33322.546875,33812.83203125,34049.00390625,34467.796875,34642.90234375,35210.90234375,35955.6484375,33820.535
2020-12-25 15:00,29560.51171875,30791.9296875,31859.56640625,32240.09765625,32480.046875,32861.48828125,32977.875,33361.6015625,33496.5,33932.609375,34567.28125,32899.4
2020-12-25 15:15,28901.23828125,29885.9296875,30741.52734375,30987.53125,31215.2578125,31557.86328125,31592.98046875,31986.10546875,32106.92578125,32464.02734375,33062.8828125,31618.266
2020-12-25 15:30,27548.9921875,28275.4375,29030.73046875,29167.67578125,29419.8125,29730.11328125,29746.421875,30155.51171875,30259.484375,30611.0078125,31168.03125,29620.266
2020-12-25 15:45,25682.87890625,26193.62890625,26866.40625,26952.0546875,27166.3359375,27420.0625,27443.8828125,27865.3125,27943.484375,28309.54296875,28825.40234375,27396.266
2020-12-25 16:00,23494.294921875,23909.48046875,24483.29296875,24572.45703125,24724.376953125,24913.525390625,24949.849609375,25336.96875,25385.6640625,25720.4296875,26241.4140625,24900.398
2020-12-25 16:15,20879.1015625,21273.97265625,21757.435546875,21903.61328125,22018.51953125,22171.57421875,22260.9296875,22553.23828125,22626.2578125,22934.86328125,23485.5078125,22159.867
2020-12-25 16:30,17755.1484375,18157.234375,18558.361328125,18741.5625,18830.380859375,18987.1171875,19136.60546875,19306.564453125,19448.85546875,19774.861328125,20323.984375,18883.734
2020-12-25 16:45,13731.1748046875,14179.787109375,14556.31640625,14685.27734375,14778.298828125,14954.416015625,15164.6708984375,15259.498046875,15514.638671875,15902.490234375,16388.3671875,14011.4
2020-12-25 17:00,7780.1015625,8362.478515625,8792.3369140625,9135.587890625,9289.7099609375,9574.439453125,9819.439453125,10022.47265625,10414.4072265625,10894.908203125,11436.482421875,8311.666
2020-12-25 17:15,3714.19384765625,4066.28173828125,4252.08154296875,4654.13232421875,4743.6328125,4983.77783203125,5114.15185546875,5237.03955078125,5493.83544921875,5865.03857421875,6390.46728515625,4869.5996
2020-12-25 17:30,2269.10302734375,2363.03955078125,2508.841796875,2759.79833984375,2873.20703125,3013.6884765625,3100.44189453125,3145.01171875,3300.18701171875,3570.15673828125,3833.4765625,2831.5327
2020-12-25 17:45,838.13671875,872.6845703125,993.66796875,1254.3671875,1322.3828125,1450.798828125,1497.73046875,1570.7158203125,1805.65625,1994.7861328125,2118.232421875,1193.7324
2020-12-25 18:00,0.0,0.0,55.0029296875,259.623046875,318.05859375,391.8779296875,420.7099609375,443.8359375,740.859375,843.8623046875,844.00390625,195.86621
2020-12-26 09:15,0.0,0.0,33.9462890625,226.3203125,270.6328125,427.662109375,574.798828125,631.783203125,945.35546875,1247.2587890625,1331.677734375,235.2666
2020-12-26 09:30,90.2451171875,352.142578125,560.7998046875,742.15625,834.7392578125,994.9892578125,1185.0556640625,1211.97265625,1554.13671875,1915.03857421875,2034.38671875,1167.1328
2020-12-26 09:45,1551.349609375,1988.81103515625,2292.9931640625,2546.63916015625,2772.61376953125,2975.923828125,3232.8818359375,3289.23193359375,3707.181640625,4180.6552734375,4380.3515625,2947.6665
2020-12-26 10:00,4428.55322265625,5033.0048828125,5423.49560546875,5820.2236328125,6119.904296875,6412.93994140625,6649.9248046875,6866.369140625,7260.98681640625,7827.041015625,8226.5859375,5024.7324
2020-12-26 10:15,7055.50537109375,7674.2978515625,8194.8583984375,8631.703125,8871.7734375,9341.56640625,9479.7939453125,9878.8955078125,10184.34375,10843.046875,11403.0888671875,8224.2
2020-12-26 10:30,12122.9091796875,12655.109375,13095.7041015625,13252.7900390625,13510.962890625,13934.033203125,14078.197265625,14346.2333984375,14620.8173828125,15248.462890625,15701.478515625,14857.598
2020-12-26 10:45,17315.677734375,17920.119140625,18772.66015625,19167.38671875,19612.30859375,19927.92578125,20066.8125,20368.59375,20686.716796875,21176.59375,21558.453125,19989.6
2020-12-26 11:00,22132.12109375,22602.802734375,23187.734375,23328.4140625,23513.70703125,23664.90234375,23667.2890625,23826.7734375,23933.39453125,24232.017578125,24383.587890625,23052.865
2020-12-26 11:15,24741.1953125,25318.07421875,25822.017578125,26059.0234375,26267.8515625,26437.328125,26564.5234375,26717.4765625,26900.5625,27239.0234375,27554.01953125,25632.8
2020-12-26 11:30,26748.265625,27382.20703125,27884.02734375,28107.42578125,28363.68359375,28521.375,28706.84375,28866.234375,29129.16796875,29527.43359375,29900.46484375,28080.195
2020-12-26 11:45,29482.5078125,29989.4296875,30339.6953125,30384.37890625,30555.8671875,30646.2578125,30728.72265625,30842.375,31022.4921875,31343.796875,31663.21484375,30149.934
2020-12-26 12:00,31244.76953125,31723.734375,32058.79296875,32096.11328125,32209.7265625,32333.08984375,32380.59765625,32535.765625,32700.4765625,32982.4375,33298.03515625,32464.2
2020-12-26 12:15,33101.73046875,33552.99609375,33883.32421875,33934.42578125,34017.52734375,34178.59375,34178.59375,34354.359375,34496.8359375,34723.40234375,35068.90234375,33956.066
2020-12-26 12:30,34203.59375,34696.453125,35019.91796875,35129.64453125,35198.984375,35377.13671875,35377.13671875,35596.71875,35753.875,35973.80078125,36343.73046875,35545.13
2020-12-26 12:45,35832.63671875,36238.44921875,36519.3203125,36612.35546875,36647.03515625,36836.90625,36836.90625,37015.74609375,37128.15625,37290.6015625,37659.1640625,35958.4
2020-12-26 13:00,35222.1015625,35848.3671875,36261.66796875,36587.48046875,36666.234375,36942.41796875,36959.93359375,37343.609375,37540.171875,37783.51953125,38276.80078125,35018.2
2020-12-26 13:15,31927.4140625,32918.6015625,33951.28125,34627.984375,34935.7578125,35394.11328125,35667.79296875,36284.9609375,36810.69140625,37255.3046875,37970.80078125,35777.133
2020-12-26 13:30,34112.375,34849.36328125,35497.16015625,35803.68359375,35894.05078125,36157.16796875,36212.59375,36556.81640625,36816.94140625,37137.07421875,37768.1484375,37659.797
2020-12-26 13:45,35273.0390625,35950.36328125,36729.8515625,37187.89453125,37361.203125,37734.30859375,37740.4609375,38114.65625,38340.53125,38668.296875,39225.8828125,37213.8
2020-12-26 14:00,34631.3984375,35475.27734375,36202.71875,36785.94921875,36852.05078125,37205.5078125,37270.0078125,37704.16015625,37921.16015625,38326.8828125,38863.859375,37051.598
2020-12-26 14:15,35155.37109375,35870.29296875,36361.8359375,36690.21875,36717.88671875,37009.55859375,37009.55859375,37263.61328125,37425.56640625,37659.63671875,38235.5546875,37266.324
2020-12-26 14:30,35512.171875,36075.12890625,36412.83984375,36681.87890625,36681.87890625,36919.96484375,36919.96484375,37109.10546875,37217.640625,37429.94921875,37934.6953125,36291.0
2020-12-26 14:45,34495.3203125,35053.109375,35367.79296875,35689.98828125,35689.98828125,35925.40234375,35925.40234375,36152.84375,36268.46484375,36486.6796875,37002.58203125,33431.6
2020-12-26 15:00,26574.0234375,27755.640625,29444.703125,30398.828125,31015.28515625,31725.9765625,32165.04296875,33034.76171875,33852.875,34485.859375,35277.72265625,33610.13
2020-12-26 15:15,27975.9453125,29039.32421875,30384.74609375,31258.28515625,31584.6484375,32259.234375,32469.890625,33212.109375,33546.921875,34165.01953125,35073.39453125,32404.398
2020-12-26 15:30,27820.64453125,28547.859375,29659.23828125,29951.640625,30290.84765625,30668.703125,30863.171875,31368.16796875,31473.296875,32025.7421875,32597.76953125,30205.133
2020-12-26 15:45,26178.27734375,26680.1015625,27437.04296875,27556.484375,27751.20703125,28061.7734375,28158.40234375,28737.625,28774.42578125,29210.125,29799.0703125,28206.2
2020-12-26 16:00,24319.51171875,24743.41015625,25312.36328125,25442.701171875,25559.5859375,25798.1015625,25834.15625,26355.390625,26355.390625,26694.74609375,27291.3125,25790.6
2020-12-26 16:15,21763.58203125,22116.66796875,22579.541015625,22745.2265625,22830.642578125,23013.193359375,23095.7890625,23496.455078125,23518.310546875,23866.732421875,24450.001953125,22976.197
2020-12-26 16:30,18807.70703125,19165.19140625,19507.6484375,19705.560546875,19753.29296875,19900.880859375,20032.0078125,20268.353515625,20350.12109375,20690.875,21265.41796875,19617.4
2020-12-26 16:45,14287.63671875,14719.314453125,15110.978515625,15336.09375,15426.3193359375,15630.9921875,15869.421875,16015.859375,16278.767578125,16710.9453125,17250.986328125,14704.465
2020-12-26 17:00,8222.3798828125,8825.30859375,9262.2080078125,9668.1806640625,9816.5361328125,10123.74609375,10372.220703125,10608.65625,11013.1953125,11559.55859375,12156.1083984375,8833.933
2020-12-26 17:15,3894.18408203125,4303.7353515625,4492.81884765625,4950.552734375,5037.96435546875,5297.94287109375,5419.02783203125,5554.24365234375,5822.861328125,6234.1220703125,6822.3759765625,5096.5327
2020-12-26 17:30,2273.9306640625,2375.27099609375,2525.26953125,2795.5751953125,2915.53173828125,3054.84228515625,3134.208984375,3153.21630859375,3298.05615234375,3570.4580078125,3876.26611328125,2988.1992
2020-12-26 17:45,906.81640625,938.6962890625,1078.8876953125,1337.7900390625,1436.2958984375,1563.1484375,1616.83154296875,1681.568359375,1903.89794921875,2106.3369140625,2248.75927734375,1274.0664
2020-12-26 18:00,0.0,0.0,40.9384765625,251.3583984375,323.1982421875,403.1435546875,440.373046875,465.224609375,760.5068359375,877.4248046875,906.1005859375,199.4668
2020-12-27 09:15,0.0,0.0,48.7216796875,237.2119140625,286.0078125,441.7080078125,585.375,644.8564453125,952.33203125,1258.7685546875,1352.234375,335.73242
2020-12-27 09:30,252.35546875,532.9453125,735.5703125,918.25,1022.513671875,1186.0234375,1377.3935546875,1407.96484375,1748.77734375,2119.7587890625,2246.23095703125,1170.8662
2020-12-27 09:45,1211.92578125,1648.9169921875,1928.46630859375,2199.0400390625,2389.390625,2604.9375,2833.42333984375,2920.48828125,3302.37939453125,3795.84423828125,4040.03271484375,1125.3994
2020-12-27 10:00,176.119140625,646.25,961.580078125,1262.0263671875,1432.2373046875,1703.724609375,1910.78662109375,2154.357421875,2468.28662109375,3109.765625,3585.6298828125,1185.1992
2020-12-27 10:15,839.4541015625,1295.6484375,1528.63525390625,1731.95849609375,1900.4384765625,2154.96630859375,2347.28857421875,2539.00341796875,2804.0078125,3424.24072265625,3940.64404296875,1281.333
2020-12-27 10:30,610.1796875,1001.4208984375,1246.6669921875,1401.25390625,1556.07373046875,1808.50732421875,1980.6494140625,2180.06884765625,2400.314453125,3025.220703125,3607.16552734375,2423.8667
2020-12-27 10:45,2250.05615234375,2832.38134765625,3190.9912109375,3515.74267578125,3790.083984375,4154.87353515625,4359.421875,4634.5400390625,4946.96630859375,5615.490234375,6215.3642578125,2984.3325
2020-12-27 11:00,2042.59716796875,2569.322265625,2915.64697265625,3313.9228515625,3548.45458984375,3954.8046875,4151.58349609375,4592.68310546875,4909.89599609375,5761.7431640625,6605.498046875,4432.2666
2020-12-27 11:15,4031.45947265625,4752.2529296875,5250.9169921875,5790.73095703125,6154.0712890625,6643.333984375,6933.74609375,7443.4833984375,7862.88232421875,8794.248046875,9787.681640625,5194.6665
2020-12-27 11:30,3930.7412109375,4426.01806640625,4950.2548828125,5445.9697265625,5756.31884765625,6251.56494140625,6579.3154296875,7139.6279296875,7602.56640625,8761.0380859375,9932.134765625,6295.9326
2020-12-27 11:45,5414.2333984375,5979.791015625,6643.765625,7165.2294921875,7517.44921875,7995.7744140625,8339.12890625,8808.4755859375,9284.1943359375,10362.140625,11571.1611328125,10472.467
2020-12-27 12:00,8949.6630859375,10091.2822265625,11532.5517578125,12694.6201171875,13503.8232421875,14275.984375,15041.3486328125,15852.2861328125,16736.998046875,18023.390625,19459.94921875,17700.467
2020-12-27 12:15,11818.5537109375,13600.822265625,15923.2021484375,17344.849609375,18463.79296875,19372.732421875,20432.16796875,21288.341796875,22474.529296875,23989.81640625,25440.58984375,23172.066
2020-12-27 12:30,14354.73046875,16957.01171875,19780.16015625,20985.62890625,22048.27734375,22856.96875,23820.8203125,24387.3046875,25482.076171875,26894.734375,28274.26171875,21846.6
2020-12-27 12:45,13131.4208984375,15490.7685546875,18765.421875,20078.31640625,21265.05078125,22087.994140625,23327.25390625,24079.8046875,25308.3359375,27175.046875,28815.27734375,22752.666
2020-12-27 13:00,17422.650390625,19393.09765625,21565.48828125,22530.681640625,23223.494140625,23898.80859375,24806.091796875,25496.59375,26436.84765625,28357.6875,30101.6640625,28666.863
2020-12-27 13:15,20103.00390625,22630.38671875,25542.81640625,26825.015625,27856.5546875,28858.3515625,29707.73828125,30343.296875,31405.18359375,32644.94921875,34036.2265625,19189.934
2020-12-27 13:30,11052.3203125,12860.4140625,16278.296875,17726.830078125,19344.80078125,21262.259765625,23062.9609375,25439.1640625,27629.15625,30581.16015625,32689.71484375,18983.6
2020-12-27 13:45,14825.548828125,16283.5703125,18430.83203125,19838.86328125,20823.7734375,22307.7109375,23285.6328125,25060.42578125,26719.7578125,29841.12109375,32183.53515625,26676.73
2020-12-27 14:00,17596.82421875,19315.87109375,21897.888671875,23446.64453125,25053.91796875,26792.05078125,28076.78125,29200.53125,30442.66796875,32328.55078125,34070.67578125,25280.066
2020-12-27 14:15,14944.9990234375,16529.005859375,18997.96875,20222.6953125,21755.5546875,23218.53515625,24286.22265625,25559.2890625,27148.74609375,30004.21875,32348.76171875,22166.8
2020-12-27 14:30,16121.599609375,17490.39453125,19140.365234375,20155.703125,21061.0859375,21911.65625,22463.166015625,23726.6171875,25044.1796875,28128.1328125,30497.54296875,31837.863
2020-12-27 14:45,22542.2734375,25008.642578125,28168.30859375,30148.1796875,31722.18359375,33080.45703125,34243.859375,35410.45703125,36255.4765625,37531.7421875,38901.265625,31411.0
2020-12-27 15:00,20240.10546875,22909.02734375,25888.0546875,27117.71875,28161.16015625,29058.03515625,29828.62890625,30574.94140625,31172.71875,32849.08984375,34222.9921875,29561.531
2020-12-27 15:15,21440.06640625,23828.29296875,26134.49609375,27046.3984375,27844.9140625,28376.69140625,28889.9609375,29638.953125,30205.6796875,31593.0,33036.41796875,24066.197
2020-12-27 15:30,13192.51953125,14958.556640625,17825.517578125,19317.4140625,20776.455078125,21875.7734375,22888.1875,24439.8984375,26075.87890625,28632.52734375,30571.78515625,22199.467
2020-12-27 15:45,14606.458984375,16356.08984375,18304.6015625,19694.70703125,20415.046875,21272.712890625,21735.13671875,22932.1484375,24014.169921875,26391.07421875,28222.80859375,21728.867
2020-12-27 16:00,15484.0146484375,17112.7421875,18766.10546875,19730.349609375,20380.361328125,21069.55078125,21361.828125,22199.486328125,23022.490234375,24865.484375,26608.91796875,18456.133
2020-12-27 16:15,12545.0546875,13596.13671875,14791.45703125,15513.75,16022.7158203125,16547.005859375,16901.42578125,17422.390625,18450.451171875,19975.7421875,21489.46484375,18489.666
2020-12-27 16:30,13631.0966796875,15115.015625,16535.5546875,17222.544921875,17905.82421875,18319.41796875,18764.98046875,19454.13671875,20132.984375,21254.306640625,22355.3671875,16310.33
2020-12-27 16:45,11124.44921875,12025.7666015625,12984.650390625,13417.875,13844.5859375,14101.2744140625,14561.951171875,14888.5224609375,15563.76171875,16568.6875,17659.873046875,14832.732
2020-12-27 17:00,9785.1904296875,10518.1650390625,11128.125,11363.421875,11663.7060546875,11772.447265625,12071.7763671875,12297.1826171875,12662.44921875,13384.9599609375,14220.986328125,9107.866
2020-12-27 17:15,3452.4560546875,3888.955078125,4368.4775390625,4819.2607421875,5012.7724609375,5273.623046875,5648.29296875,5874.26220703125,6362.81640625,7016.83642578125,7755.078125,5316.8667
2020-12-27 17:30,2257.23583984375,2372.275390625,2569.18359375,2807.4794921875,2904.9443359375,3042.0703125,3226.7685546875,3317.83544921875,3499.4150390625,3908.71044921875,4250.43603515625,3159.9326
2020-12-27 17:45,924.1044921875,941.1416015625,1080.5361328125,1316.1005859375,1370.5234375,1495.150390625,1582.453125,1659.1787109375,1871.00244140625,2111.025390625,2263.02490234375,1261.8662
2020-12-27 18:00,0.0,0.0,75.857421875,268.072265625,316.115234375,397.24609375,438.869140625,467.6826171875,740.8876953125,856.22265625,867.99609375,169.7998
2020-12-28 09:30,0.0,101.2158203125,247.6826171875,426.5830078125,468.7978515625,667.7177734375,786.3916015625,867.2275390625,1156.5732421875,1456.8935546875,1560.744140625,714.2666
2020-12-28 09:45,583.6279296875,972.123046875,1165.71875,1401.8623046875,1510.94775390625,1758.81005859375,1918.05615234375,2018.77685546875,2344.8896484375,2736.78173828125,2909.21875,2425.4668
2020-12-28 10:00,3356.828125,4041.87060546875,4327.3193359375,4770.53955078125,5039.91455078125,5402.29931640625,5623.1318359375,5854.22607421875,6283.20947265625,6800.8779296875,7134.728515625,3997.7993
2020-12-28 10:15,5036.9306640625,5765.26171875,6254.5654296875,6813.740234375,7064.4755859375,7541.29296875,7722.31103515625,8161.2099609375,8555.44921875,9261.1015625,9850.0849609375,7096.5327
2020-12-28 10:30,10494.853515625,11157.4736328125,11619.919921875,12027.080078125,12304.4697265625,12813.98828125,12994.986328125,13369.51953125,13752.888671875,14433.9765625,15048.32421875,13488.266
2020-12-28 10:45,16193.712890625,16917.8046875,17785.783203125,18280.5390625,18780.859375,19134.72265625,19362.1171875,19695.291015625,20093.2890625,20714.748046875,21245.333984375,18374.2
2020-12-28 11:00,20404.2265625,20957.625,21534.46875,21709.03125,21952.78515625,22183.537109375,22251.00390625,22431.98046875,22579.92578125,23018.40234375,23299.791015625,20234.066
2020-12-28 11:15,19365.02734375,20253.837890625,21306.267578125,22069.306640625,22601.3671875,23174.748046875,23643.974609375,24047.404296875,24637.328125,25349.9609375,25994.55859375,18919.6
2020-12-28 11:30,12885.1083984375,14050.529296875,16467.83984375,17419.12890625,18778.587890625,19912.591796875,21159.53515625,22219.2265625,23615.45703125,25093.814453125,26229.3671875,18653.6
2020-12-28 11:45,16217.1884765625,16730.103515625,17913.51953125,18004.7265625,18745.25,19329.8828125,20038.91796875,20584.431640625,21530.23046875,23089.07421875,24145.90234375,18007.465
2020-12-28 12:00,15647.19140625,15977.515625,16624.154296875,16764.861328125,17093.619140625,17512.251953125,17821.486328125,18090.05078125,18646.66796875,19835.9921875,20968.86328125,18147.598
2020-12-28 12:15,16676.615234375,17217.794921875,17921.30859375,18165.060546875,18427.7890625,18709.462890625,18899.90625,19223.01953125,19483.138671875,20331.333984375,21443.859375,18061.73
2020-12-28 12:30,17792.783203125,18020.6953125,18481.2734375,18554.67578125,18737.625,18855.08984375,18939.96484375,19147.935546875,19325.9296875,19919.06640625,20973.2109375,9950.8
2020-12-28 12:45,6117.41650390625,6956.2646484375,7682.40869140625,8552.5224609375,8719.3603515625,9629.2607421875,10000.7314453125,11014.296875,11971.552734375,12413.998046875,13290.3935546875,8503.667
2020-12-28 13:00,7384.619140625,7958.1484375,8378.255859375,8518.853515625,8518.853515625,8878.185546875,8992.9560546875,9328.2265625,9738.8388671875,10334.1357421875,10866.8125,8242.666
2020-12-28 13:15,7205.44482421875,7627.1015625,7970.61962890625,8257.65625,8257.65625,8491.5048828125,8587.5908203125,8868.7236328125,9143.74609375,9686.42578125,10480.3466796875,8114.6655
2020-12-28 13:30,7012.93212890625,7340.0107421875,7655.79443359375,7984.94189453125,8061.3671875,8261.1474609375,8384.2939453125,8671.9541015625,9039.3603515625,9612.3076171875,10425.6318359375,14057.465
2020-12-28 13:45,11751.423828125,12727.4970703125,14349.4521484375,15902.94921875,17078.134765625,17995.697265625,18886.919921875,20114.791015625,21515.70703125,22887.49609375,24310.93359375,17954.732
2020-12-28 14:00,16702.193359375,17350.48828125,18440.16015625,19281.703125,19935.322265625,20297.0703125,20979.236328125,21733.0703125,22730.0390625,24576.16796875,26425.7890625,20343.533
2020-12-28 14:15,20450.9765625,21310.990234375,22577.3359375,23300.2734375,23876.7265625,24267.265625,24875.83203125,25597.49609375,26432.33984375,27985.47265625,29729.75,28103.398
2020-12-28 14:30,26376.2265625,27553.9765625,29893.5234375,31295.95703125,32484.01171875,33195.40234375,33917.515625,34880.70703125,35854.01171875,36986.79296875,38616.2578125,31831.465
2020-12-28 14:45,29476.44921875,30714.6875,32392.30859375,32774.28515625,33226.5859375,33454.05859375,33781.4765625,33939.27734375,34289.90625,35200.3203125,35904.39453125,36800.934
2020-12-28 15:00,31631.0859375,32662.796875,34370.28515625,34951.68359375,35631.49609375,36267.0078125,36346.25,36798.9609375,37252.14453125,37725.6484375,38739.2890625,36353.867
2020-12-28 15:15,30793.12890625,32011.86328125,33531.97265625,34227.8125,34684.52734375,35186.765625,35507.11328125,35911.63671875,36437.68359375,37094.52734375,37786.9140625,35989.934
2020-12-28 15:30,32705.17578125,33513.9453125,34217.51953125,34356.48046875,34565.28125,34905.99609375,34905.99609375,35142.37109375,35344.76171875,35616.1484375,36354.33984375,34602.664
2020-12-28 15:45,29930.4609375,30770.1875,31572.59765625,31891.21484375,32176.47265625,32598.42578125,32703.15234375,33032.13671875,33370.8046875,33760.15625,34434.51953125,32508.8
2020-12-28 16:00,28777.02734375,29293.48828125,29803.03125,29848.6171875,30005.1640625,30335.65234375,30335.65234375,30578.52734375,30770.6796875,31044.82421875,31615.7421875,30051.73
2020-12-28 16:15,25887.33203125,26242.40234375,26840.62890625,26877.59375,27049.94921875,27404.93359375,27448.921875,27757.58984375,27978.8984375,28287.27734375,28748.875,27314.934
2020-12-28 16:30,23440.41015625,23636.59765625,24073.34375,24094.51953125,24163.3515625,24424.64453125,24473.67578125,24706.708984375,24824.828125,25127.94921875,25551.2265625,23962.8
2020-12-28 16:45,19164.7734375,19385.25390625,19847.11328125,20032.931640625,20094.2421875,20346.29296875,20572.96875,20751.5078125,20949.0859375,21298.68359375,21740.40625,18946.467
2020-12-28 17:00,11982.6669921875,12365.2646484375,13064.3779296875,13600.0703125,13768.45703125,14179.1845703125,14648.30078125,14971.265625,15480.4521484375,16076.607421875,16636.830078125,11621.066
2020-12-28 17:15,4387.83740234375,4955.78466796875,5378.71240234375,6211.31298828125,6289.4521484375,6837.9775390625,7190.2236328125,7765.9208984375,8305.8857421875,9123.8349609375,9819.0322265625,6986.5327
2020-12-28 17:30,2959.7216796875,3196.93310546875,3351.19091796875,3631.8388671875,3733.005859375,3970.1884765625,4120.6279296875,4248.18994140625,4438.67822265625,4890.015625,5237.2265625,4237.7993
2020-12-28 17:45,1662.05029296875,1728.40869140625,1900.51025390625,2135.10595703125,2290.16455078125,2447.2138671875,2598.92138671875,2665.91650390625,2879.79052734375,3172.08203125,3354.0107421875,1678.8667
2020-12-28 18:00,112.662109375,143.634765625,268.828125,504.591796875,612.775390625,726.3681640625,824.201171875,860.623046875,1160.7666015625,1299.32421875,1388.7060546875,287.19922
2020-12-29 09:15,0.0,0.0,0.0,79.69921875,135.8740234375,347.375,421.01171875,538.05859375,760.4296875,1021.8115234375,1176.70703125,164.59961
2020-12-29 09:30,0.0,252.6416015625,360.9892578125,442.1640625,553.6318359375,784.3427734375,888.677734375,978.4775390625,1209.3896484375,1514.3115234375,1738.263671875,915.7324
2020-12-29 09:45,662.296875,1274.6865234375,1431.583984375,1576.416015625,1788.90625,2073.0244140625,2232.90478515625,2344.05126953125,2629.3359375,3042.162109375,3370.26318359375,3031.3994
2020-12-29 10:00,4679.6015625,5679.869140625,5990.17138671875,6491.912109375,6924.43359375,7377.958984375,7612.56298828125,7926.83544921875,8392.814453125,8958.7041015625,9559.240234375,5789.7324
2020-12-29 10:15,9513.7587890625,10335.9560546875,10809.9658203125,11161.71484375,11479.8583984375,11957.642578125,12166.04296875,12502.771484375,12966.5830078125,13591.587890625,14255.404296875,9934.333
2020-12-29 10:30,13990.03515625,14635.1171875,15122.962890625,15188.81640625,15528.421875,15826.3173828125,16122.779296875,16193.158203125,16638.025390625,17229.345703125,17710.4140625,17456.865
2020-12-29 10:45,21131.732421875,21525.16796875,22048.33203125,22261.34765625,22597.818359375,22832.095703125,22890.76171875,23042.1796875,23358.4375,23553.4453125,23979.22265625,23555.932
2020-12-29 11:00,26431.48828125,26634.9765625,26887.1953125,26939.57421875,27033.65234375,27251.42578125,27251.42578125,27251.42578125,27285.19921875,27355.37890625,27609.578125,27299.129
2020-12-29 11:15,29351.24609375,29781.21875,29956.8671875,30083.34375,30186.4296875,30462.86328125,30462.86328125,30696.0,30696.0,30859.578125,31298.328125,30525.797
2020-12-29 11:30,31568.73828125,32153.4453125,32352.81640625,32502.1953125,32607.0390625,32884.34375,32920.0234375,33254.1328125,33257.76171875,33495.98046875,34015.1640625,33126.465
2020-12-29 11:45,34093.04296875,34613.1484375,34749.8671875,34812.29296875,34823.6640625,35083.5546875,35083.5546875,35414.2421875,35414.2421875,35545.6171875,36057.625,35268.664
2020-12-29 12:00,36030.12109375,36514.21484375,36626.4296875,36702.44140625,36702.44140625,36960.15234375,36960.15234375,37295.29296875,37295.29296875,37352.8359375,37905.890625,35080.13
2020-12-29 12:15,31991.41015625,33043.953125,33998.6953125,34940.359375,35340.16015625,35972.6328125,36358.69140625,37129.78515625,37567.6796875,38163.94921875,39074.90234375,27319.266
2020-12-29 12:30,16119.375,17988.63671875,21355.0078125,22777.30078125,24753.361328125,26210.921875,28053.1640625,30320.44921875,31945.17578125,34051.48046875,35973.51953125,26134.867
2020-12-29 12:45,21682.7734375,22448.603515625,23854.427734375,24502.171875,25106.447265625,25658.515625,26352.58984375,27271.99609375,28460.5390625,31135.29296875,33090.40625,26337.664
2020-12-29 13:00,24223.671875,24650.2734375,25488.90625,25804.53515625,25929.4453125,26291.69921875,26519.1796875,26748.9375,27201.61328125,28974.171875,30480.515625,25516.996
2020-12-29 13:15,24769.3203125,24787.61328125,25471.326171875,25577.818359375,25660.953125,25804.2265625,26048.18359375,26148.8671875,26217.6171875,27358.40625,28489.01171875,26901.797
2020-12-29 13:30,26367.41796875,26568.15234375,27343.1640625,27701.3671875,27860.94140625,28116.6953125,28427.80859375,28660.41015625,28830.4453125,29822.0078125,30765.5859375,23995.996
2020-12-29 13:45,17709.6796875,18175.96484375,20060.98046875,21468.48828125,22184.396484375,22918.4140625,23609.076171875,24422.21484375,25185.31640625,26411.25390625,27849.5546875,20419.533
2020-12-29 14:00,15957.1171875,16279.560546875,17366.45703125,18386.57421875,18666.98828125,19199.53515625,19468.984375,19939.79296875,20619.453125,21430.6015625,22508.1171875,18581.066
2020-12-29 14:15,15592.783203125,16028.28125,16775.212890625,17468.169921875,17538.072265625,18051.765625,18149.7734375,18400.64453125,18756.66796875,19084.046875,20007.646484375,17429.332
2020-12-29 14:30,15549.95703125,15911.8828125,16419.390625,16853.55859375,16904.26171875,17346.205078125,17421.62890625,17583.943359375,17788.009765625,18013.78515625,18991.94140625,16949.531
2020-12-29 14:45,16453.9765625,16661.78515625,16924.2265625,17148.05078125,17167.509765625,17506.86328125,17542.599609375,17683.90234375,17829.78125,18128.53515625,19188.87890625,16357.533
2020-12-29 15:00,15989.16015625,16083.740234375,16295.75390625,16517.8359375,16577.689453125,16912.86328125,16973.28125,17147.7578125,17309.73828125,17680.61328125,18900.62109375,15667.266
2020-12-29 15:15,15556.419921875,15617.6552734375,15835.978515625,16027.033203125,16143.15234375,16449.8671875,16544.474609375,16746.4140625,16947.626953125,17417.25390625,18658.396484375,14624.865
2020-12-29 15:30,13551.5546875,13673.724609375,14006.828125,14422.9990234375,14619.34765625,14963.97265625,15137.9326171875,15398.671875,15766.783203125,16368.02734375,17693.36328125,14174.932
2020-12-29 15:45,13450.7001953125,13557.4287109375,13764.404296875,14061.8515625,14243.724609375,14435.78125,14608.46875,14857.3681640625,15248.8515625,16019.1328125,17242.8515625,13275.998
2020-12-29 16:00,12146.4365234375,12245.013671875,12447.013671875,12843.537109375,13031.92578125,13202.8486328125,13454.806640625,13731.18359375,14185.244140625,15076.994140625,16343.49609375,11896.0
2020-12-29 16:15,10453.25,10577.005859375,10837.7294921875,11255.91796875,11467.716796875,11614.5859375,11958.0576171875,12226.892578125,12744.072265625,13753.380859375,14924.013671875,13361.533
2020-12-29 16:30,13069.7265625,13531.5732421875,14077.9765625,14544.07421875,15100.58984375,15280.01953125,15811.076171875,16374.109375,16994.015625,18394.24609375,19539.59375,13307.0
2020-12-29 16:45,12134.1201171875,12339.189453125,12653.9189453125,13196.482421875,13589.75,13754.21484375,14276.2841796875,14696.31640625,15329.21484375,16726.1328125,18084.5,11318.333
2020-12-29 17:00,7653.0771484375,7798.9951171875,8244.03515625,8898.48046875,9223.333984375,9479.251953125,10023.580078125,10465.8447265625,11194.609375,12423.1591796875,13626.181640625,10474.466
2020-12-29 17:15,7774.310546875,8090.21826171875,8487.8447265625,8801.62109375,9139.3720703125,9240.9296875,9638.0625,10052.853515625,10542.08984375,11647.443359375,12431.3818359375,7237.1997
2020-12-29 17:30,3357.54931640625,3511.68798828125,3808.3994140625,4250.31396484375,4462.92578125,4630.64990234375,5072.494140625,5393.28955078125,5928.8916015625,6849.7763671875,7562.22900390625,4332.7993
2020-12-29 17:45,1702.51806640625,1783.9150390625,1965.037109375,2204.119140625,2311.2705078125,2433.60400390625,2718.7724609375,2847.62890625,3129.67041015625,3691.6484375,4022.59033203125,1766.8003
2020-12-29 18:00,186.89453125,203.943359375,333.1669921875,519.3125,617.263671875,697.5107421875,866.7109375,875.4814453125,1156.822265625,1393.0205078125,1533.6513671875,306.4668
2020-12-30 09:15,0.0,0.0,0.0,135.83984375,152.462890625,374.8955078125,451.28515625,569.763671875,854.8974609375,1088.3798828125,1143.451171875,230.2666
2020-12-30 09:30,16.4033203125,353.65625,500.810546875,669.998046875,750.5751953125,991.78125,1107.37890625,1201.025390625,1516.720703125,1814.2294921875,1923.2041015625,1236.2666
2020-12-30 09:45,1793.52490234375,2373.3896484375,2660.01318359375,2902.91162109375,3184.9140625,3494.08447265625,3694.7119140625,3811.16748046875,4248.18115234375,4671.83642578125,4871.349609375,4005.7324
2020-12-30 10:00,6603.55078125,7366.3369140625,7705.72705078125,8269.2490234375,8598.0263671875,9064.296875,9199.8232421875,9532.408203125,9946.7978515625,10468.4453125,10995.0947265625,6437.5996
2020-12-30 10:15,9392.83984375,10036.109375,10641.9443359375,11106.5322265625,11382.2314453125,11970.095703125,12119.3369140625,12526.306640625,12946.521484375,13600.23046875,14139.021484375,10721.0
2020-12-30 10:30,15034.23828125,15511.546875,15890.998046875,15976.30859375,16280.0703125,16585.4765625,16829.80078125,16900.169921875,17268.876953125,17753.48828125,18152.296875,18432.865
2020-12-30 10:45,21579.65625,21886.443359375,22494.0546875,22845.08984375,23206.29296875,23539.86328125,23601.294921875,23837.318359375,24168.609375,24341.9453125,24749.4921875,22222.732
2020-12-30 11:00,22730.125,23344.57421875,24030.578125,24552.927734375,24970.25390625,25355.6484375,25589.419921875,25830.337890625,26208.4296875,26693.515625,27142.33984375,25479.0
2020-12-30 11:15,27795.08984375,28271.04296875,28579.21484375,28702.29296875,28983.37890625,29126.9296875,29219.66015625,29343.7421875,29525.31640625,29844.28125,30338.421875,27788.465
2020-12-30 11:30,27576.76171875,28358.57421875,28974.4921875,29336.6796875,29774.47265625,30067.9140625,30376.3203125,30623.796875,31015.4453125,31561.1953125,32146.125,31383.328
2020-12-30 11:45,31717.0703125,32239.9921875,32786.05078125,32970.28125,33237.8515625,33507.6328125,33567.078125,33844.86328125,34024.22265625,34388.40625,34935.6484375,33534.797
2020-12-30 12:00,33775.0859375,34322.015625,34746.5,34858.546875,34974.74609375,35204.33984375,35279.39453125,35583.078125,35644.29296875,36015.703125,36488.203125,27624.598
2020-12-30 12:15,16305.05859375,18357.43359375,22033.177734375,23232.48828125,25179.3984375,26489.57421875,28272.59765625,30195.4375,31784.25,33365.3671875,34777.30078125,27054.531
2020-12-30 12:30,22266.91015625,23376.71875,25214.9609375,25747.06640625,26357.99609375,27022.44140625,27783.29296875,28842.296875,29927.25390625,32089.4921875,33716.23828125,35448.195
2020-12-30 12:45,29769.1171875,30729.09375,33949.6875,35202.2734375,36672.6015625,37800.02734375,38767.171875,39554.82421875,40318.08984375,41227.66015625,42343.9765625,39661.465
2020-12-30 13:00,35332.96484375,36498.359375,38735.86328125,39564.8359375,39971.47265625,40580.07421875,40821.76953125,41092.11328125,41300.9609375,42131.90234375,42605.4140625,39763.93
2020-12-30 13:15,37965.5390625,38997.83203125,40210.5234375,40688.890625,40810.578125,41189.87109375,41221.88671875,41406.390625,41543.81640625,41989.8203125,42486.15234375,36248.4
2020-12-30 13:30,26019.2421875,28290.87109375,31536.1640625,33406.40234375,34379.10546875,35579.05078125,36604.22265625,38033.32421875,39363.1015625,40549.8203125,41772.5703125,34758.0
2020-12-30 13:45,30455.36328125,31898.47265625,33910.76171875,34399.015625,34515.94140625,35125.9296875,35656.3359375,36655.42578125,37251.31640625,38343.984375,39500.6171875,34229.266
2020-12-30 14:00,29868.6328125,31209.7578125,32613.4609375,32933.24609375,33030.26953125,33404.1640625,33600.6484375,34279.40625,34774.04296875,35716.0234375,36787.046875,33475.2
2020-12-30 14:15,29864.4296875,30980.71875,32076.21875,32470.37890625,32513.65625,32774.7265625,32919.26171875,33388.0234375,33784.0234375,34693.10546875,35752.33984375,25512.066
2020-12-30 14:30,16349.228515625,17777.0546875,20233.87109375,21738.53125,23286.140625,24422.720703125,25856.9921875,27522.09375,29195.01953125,31750.05078125,33826.7890625,27346.332
2020-12-30 14:45,22523.8359375,23957.697265625,26824.6875,28551.19921875,29426.31640625,30487.6171875,31356.8671875,32720.90234375,34047.3046875,36199.12890625,37719.69921875,27529.328
2020-12-30 15:00,20796.369140625,22130.162109375,24428.32421875,25334.078125,26014.52734375,26898.5859375,27467.53515625,28643.66796875,29445.73046875,31669.1796875,33035.9609375,27803.398
2020-12-30 15:15,22757.6484375,24464.62890625,26592.37109375,27648.54296875,28261.8828125,29065.484375,29539.51171875,30674.42578125,31242.24609375,32681.15234375,34030.671875,27965.934
2020-12-30 15:30,23214.990234375,24452.763671875,26052.8046875,26325.4609375,26911.98046875,27301.765625,27647.390625,28342.28515625,28620.58984375,29784.4609375,30741.328125,22513.133
2020-12-30 15:45,14238.990234375,15307.14453125,17431.3984375,18620.83984375,19716.533203125,20663.94140625,21563.15234375,22816.087890625,24066.12109375,25923.919921875,27348.33203125,17542.133
2020-12-30 16:00,11181.3330078125,11589.359375,12384.8427734375,13424.115234375,13902.3046875,14486.28515625,15030.322265625,15876.201171875,16912.328125,19037.11328125,20722.66015625,12438.533
2020-12-30 16:15,6355.0673828125,6935.15380859375,7373.0078125,8156.36328125,8409.2841796875,8650.94140625,9068.4072265625,9494.1865234375,10251.70703125,11838.810546875,13190.1484375,11212.267
2020-12-30 16:30,7118.103515625,7978.3916015625,8788.322265625,8955.607421875,9468.3623046875,9596.587890625,10011.2197265625,10290.0,10734.8466796875,11945.078125,12604.7099609375,10756.933
2020-12-30 16:45,7704.8427734375,8290.525390625,8728.201171875,9078.87890625,9359.5283203125,9473.97265625,9819.5,10194.361328125,10584.1005859375,11723.6318359375,12564.294921875,10723.866
2020-12-30 17:00,7927.404296875,8388.1044921875,8607.5751953125,9074.9853515625,9162.734375,9358.56640625,9517.990234375,9997.0234375,10275.3330078125,11220.2080078125,12077.552734375,6317.9326
2020-12-30 17:15,1690.9912109375,2024.18505859375,2366.89697265625,2798.71337890625,2969.01708984375,3165.310546875,3566.298828125,3954.07177734375,4448.380859375,5312.06689453125,5976.9755859375,4536.399
2020-12-30 17:30,1791.9501953125,2035.109375,2226.4306640625,2503.099609375,2586.759765625,2748.60107421875,2952.00634765625,3157.1572265625,3404.0263671875,3917.30224609375,4120.36376953125,2785.6665
2020-12-30 17:45,231.087890625,374.7998046875,520.5185546875,727.6494140625,765.076171875,829.888671875,938.9931640625,1025.001953125,1304.923828125,1602.908203125,1680.5283203125,1607.8003
2020-12-30 18:00,96.7470703125,230.56640625,346.5087890625,499.587890625,568.171875,635.0849609375,697.263671875,714.8466796875,981.0048828125,1132.08984375,1132.08984375,277.19922
2020-12-31 09:30,0.0,49.3447265625,185.1787109375,330.7216796875,393.4140625,583.0087890625,704.6826171875,781.3779296875,1044.62890625,1362.1689453125,1526.24462890625,143.66699
2020-12-31 09:45,157.6005859375,525.587890625,713.78125,846.75390625,984.630859375,1196.4755859375,1353.376953125,1410.3935546875,1692.92138671875,2059.81103515625,2290.2685546875,640.9326
2020-12-31 10:00,490.625,978.9560546875,1145.7080078125,1345.0166015625,1523.041015625,1768.84912109375,1939.2763671875,2065.53662109375,2338.326171875,2811.71044921875,3176.54833984375,1258.7324
2020-12-31 10:15,858.7529296875,1427.8408203125,1582.0400390625,1820.0771484375,2024.4130859375,2312.24365234375,2480.70654296875,2698.21630859375,2963.6923828125,3548.568359375,4050.12451171875,2190.066
2020-12-31 10:30,1658.81103515625,2323.43603515625,2538.20751953125,2886.67578125,3119.2646484375,3485.7392578125,3658.01025390625,3978.10888671875,4268.37353515625,4965.82958984375,5614.38916015625,4329.4663
2020-12-31 10:45,4651.37255859375,5538.923828125,5984.0107421875,6700.80078125,7083.0615234375,7657.447265625,7928.8857421875,8477.728515625,8964.7216796875,9807.3798828125,10719.865234375,7396.9326
2020-12-31 11:00,7782.3251953125,8775.708984375,9479.59375,10323.041015625,10755.357421875,11446.283203125,11952.92578125,12598.875,13283.2255859375,14432.01171875,15582.3154296875,10116.333
2020-12-31 11:15,9652.3818359375,10549.291015625,11392.076171875,11944.98828125,12424.9384765625,12972.875,13559.4365234375,14090.45703125,14789.41015625,16147.630859375,17329.478515625,17346.467
2020-12-31 11:30,12635.53515625,14258.10546875,16334.560546875,17609.400390625,18553.45703125,19384.5234375,20081.3984375,20913.05859375,21893.6640625,23012.884765625,24122.48046875,28897.465
2020-12-31 11:45,20419.109375,22237.54296875,25322.607421875,26905.609375,28205.4609375,29458.0859375,29813.51953125,30658.1796875,31377.2890625,31849.3984375,32532.375,23390.932
2020-12-31 12:00,13103.345703125,15383.5830078125,19741.712890625,21465.404296875,23099.48828125,24679.265625,26083.14453125,27950.2890625,29278.05859375,31125.6953125,32458.69140625,24625.865
2020-12-31 12:15,19876.68359375,21404.369140625,24238.99609375,25157.228515625,26042.83984375,27284.70703125,28345.41796875,29633.234375,30894.66015625,32802.34375,34397.6875,18328.0
2020-12-31 12:30,8864.724609375,10460.2724609375,12681.4150390625,13702.90625,15590.19140625,17248.19921875,18913.7265625,20853.3828125,23095.453125,25773.642578125,27819.73828125,28677.531
2020-12-31 12:45,22380.412109375,24303.44140625,27625.12890625,29639.57421875,31670.15625,33026.87109375,34169.4765625,35542.671875,36579.1171875,38193.30078125,39434.00390625,31632.664
2020-12-31 13:00,24463.3515625,26982.1875,29955.97265625,31168.03515625,31931.62890625,32892.6953125,33388.18359375,33742.3046875,34424.2734375,35958.56640625,36776.6171875,34314.465
2020-12-31 13:15,27085.48828125,29936.4453125,32974.58203125,34257.0078125,35163.09375,35959.6875,36494.90625,36684.6015625,37378.58984375,38264.5859375,39188.90625,27764.8
2020-12-31 13:30,14195.775390625,17116.421875,21763.25,23413.48046875,25439.34375,27173.18359375,28884.30859375,30961.98828125,33194.265625,35487.6875,37261.453125,35631.133
2020-12-31 13:45,26089.3671875,28319.14453125,32360.05078125,33990.12109375,35849.84375,37002.80078125,38096.2578125,38804.37890625,39750.30078125,40809.515625,41805.80078125,39135.727
2020-12-31 14:00,29628.3828125,32594.390625,35942.40625,37160.55859375,38088.3046875,38840.578125,39312.99609375,39411.12890625,39883.49609375,40755.0546875,41307.21484375,39608.266
2020-12-31 14:15,32467.45703125,35243.66015625,37778.47265625,38731.67578125,39333.66796875,39782.484375,40061.58203125,40092.79296875,40475.5234375,41017.6796875,41576.265625,38870.93
2020-12-31 14:30,32021.765625,34616.66015625,36785.0546875,37840.8359375,38225.69140625,38662.05078125,38937.4609375,39185.34765625,39716.48828125,40287.640625,40901.10546875,38387.062
2020-12-31 14:45,33513.40625,35696.78515625,37278.1953125,37938.62109375,38117.06640625,38385.4375,38458.77734375,38641.5546875,38982.09765625,39330.26171875,39895.609375,37399.598
2020-12-31 15:00,31248.05078125,33418.24609375,35051.69921875,35869.76171875,36131.14453125,36473.40625,36607.4609375,36927.5390625,37419.71875,37845.98046875,38481.28515625,33604.332
2020-12-31 15:15,22202.236328125,24594.345703125,27792.5859375,29113.6328125,30217.5703125,31027.33984375,31871.61328125,33001.37109375,34322.5234375,35460.52734375,36487.796875,34730.465
2020-12-31 15:30,25496.02734375,27629.62109375,30169.67578125,31486.31640625,32185.8515625,32981.859375,33425.8046875,34211.49609375,34912.7109375,35883.8203125,36992.1171875,33117.93
2020-12-31 15:45,25682.09765625,27295.4609375,29319.84375,29876.83203125,30547.5234375,30948.01953125,31316.94140625,31792.36328125,32163.40625,33103.7578125,33732.19140625,31321.133
2020-12-31 16:00,25310.52734375,26623.28125,27997.7578125,28434.546875,28852.30859375,29146.8671875,29280.78515625,29728.61328125,29921.67578125,30540.3203125,31167.97265625,29136.129
2020-12-31 16:15,23417.5078125,24383.177734375,25564.6953125,25883.4765625,26251.6875,26439.9296875,26605.66796875,26988.94140625,27211.015625,27767.10546875,28250.12109375,26403.664
2020-12-31 16:30,21314.921875,22039.548828125,22911.22265625,23186.58203125,23411.96484375,23531.48828125,23689.826171875,23973.724609375,24190.4921875,24659.73046875,25150.17578125,23184.266
2020-12-31 16:45,17567.8828125,18169.9453125,18946.740234375,19270.13671875,19477.037109375,19632.08984375,19912.6484375,20106.3515625,20432.0234375,20901.69921875,21456.453125,18888.932
2020-12-31 17:00,12266.6865234375,12817.947265625,13570.359375,13967.142578125,14194.1484375,14473.6689453125,14828.8701171875,15087.7890625,15574.1015625,16156.71875,16776.826171875,12352.4
2020-12-31 17:15,5299.748046875,5948.9560546875,6491.2939453125,7208.5234375,7338.626953125,7826.65576171875,8104.8642578125,8579.724609375,9116.267578125,9850.224609375,10572.994140625,6947.9995
2020-12-31 17:30,2911.6484375,3171.69775390625,3310.81591796875,3713.46435546875,3744.09814453125,4030.70751953125,4115.16064453125,4251.80224609375,4465.322265625,4893.28662109375,5367.58203125,4146.7993
2020-12-31 17:45,1820.06201171875,1909.9462890625,2098.47412109375,2344.47119140625,2494.58984375,2663.00146484375,2777.04931640625,2849.25048828125,3045.3369140625,3340.53125,3540.8564453125,1874.4668
2020-12-31 18:00,191.9208984375,236.447265625,364.978515625,624.400390625,714.435546875,840.0341796875,909.3330078125,962.705078125,1261.626953125,1414.724609375,1519.966796875,490.73242
2020-12-31 18:15,0.0,0.0,0.0,12.5126953125,93.5771484375,134.46484375,177.630859375,177.630859375,493.7275390625,556.408203125,556.408203125,6.0
